Article ID,Full Citation
Lindley 1884,"The treasury of botany: a popular dictionary of the vegetable kingdom; with which is incorporated a glossary of botanical terms. (1884). (J. Lindley & T. Moore Eds.). London, UK: Longmans, Green, & Co."
Moura 2007,"Moura, A. d. A. C., & McConkey, K. R. (2007). The capuchin, the howler, and the Caatinga: seed dispersal by monkeys in a threatened Brazilian forest. American Journal of Primatology, 69(2), 220-226. doi:10.1002/ajp.20343"
Absy 2010,"Absy, D. M. L. c. (2010). Taxonomia e hipótese filogenética da seção Americana, subgênero urostigma, gênero ficus (moraceae). Universidade federal do amazonas, Manaus, Amazonas."
Acosta-Rojas 2015,"Acosta-Rojas, D. C. (2015). ¿Afectan los micos churucos (Lagothrix lagothricha lugens) la germinación de las semillas dispersadas en bosques subadinos? (Unpublished master’s thesis). Universidad de los Andes, Bogotá, Colombia."
Adaime 2017,"Adaime, R., de Sousa, M. d. S. M., de Jesus-Barros, C. R., de Deus, E. d. G., Pereira, J. F., Strikis, P. C., & de Souza-Filho, M. F. (2017). Frugivorous flies (Diptera: Tephritidae, Lonchaeidae), their host plants, and associated parasitoids in the extreme north of Amapá State, Brazil. Florida Entomologist, 100(2), 316-324. doi:10.1653/024.100.0229"
Adaime 2018,"Adaime, R., de Sousa, M. d. S. M. S., Jonh Carlo Reis, & Deus, E. d. G. (2018). Pioneer tree species as fruit flies parasitoids reservoir in the Brazilian Amazon. Biota Neotropica, 18(2), e20170428. doi:10.1590/1676-0611-bn-2017-0428"
Adler 2015,"Adler, G. H., Kilgore, A., & Lambert, T. D. (2015). Lianas influence fruit and seed use by rodents in a tropical forest. International Society of Tropical Ecology, 51(2), 265-271. Retrieved from https://www.researchgate.net/publication/267996842_Lianas_influence_fruit_and_seed_use_by_rodents_in_a_tropical_forest#:~:text=Fruit%20and%20seed%20handling%20activity%20showed%20strong%20associations,affect%20forest%20regeneration%20and%20potentially%20impact%20local%20biodiversity."
Akinyosoye 2014,"Akinyosoye, S. T., Adetumbi, J. A., Amusa, O. D., Olowolafe, M. O., & Olasoji, J. O. (2014). Effect of seed size on in vitro seed germination, seedling growth, embryogenic callus induction and plantlet regeneration from embryo of maize (Zea mays L.) seed. Nigerian Journal of Genetics, 28(2), 1-7. doi:10.1016/j.nigjg.2015.06.001"
Al-Mayah 1983,"Al-Mayah, A.-R. A. A. (1983). The taxonomy of Terminalia (Combretaceae) and related genera. (Doctoral dissertation). University of Leicester, MI, USA. UMI dissertation publishing database."
Perez 2010,"Perez, E. A., Ruiz Tellez, T., & Sanchez Guzman, J. M. (2010). Influence of physico-chemical parameters of the aquatic medium on germination of Eichhornia crassipes seeds. Plant Biology, 13(4), 643-648. doi:10.1111/j.1438-8677.2010.00425.x"
Almeida 2016,"Almeida, M. L., Freitas, W. E., de Morais, P. L., Sarmento, J. D., & Alves, R. E. (2016). Bioactive compounds and antioxidant potential fruit of Ximenia americana L. Food Chemistry, 192, 1078-1082. doi:10.1016/j.foodchem.2015.07.129"
Aluja 2003,"Aluja, M., Rull, J., Sivinski, J., Norrbom, A. L., Wharton, R. A., Macias-ordonez, R., . . . Lopez, M. (2003). Fruit flies of the genus Anastrepha (Diptera: Tephritidae) and associated native parasitoids (Hymenoptera) in the tropical rainforest biosphere reserve of Montes azules, Chiapas, Mexico. Environmental Entomology, 32, 1377-1385. doi:10.1603/0046-225X-32.6.1377"
Alvarez-Buylla 1994,"Alvarez-Buylla, E. R., & Garay, A. A. (1994). Population genetic structure of Cecropia obtusifolia a tropical pionee tree species. Evolution, 48(2), 437-453. Retrieved from https://academic.oup.com/evolut/article/48/2/437/6870078"
Alves 2019,"Alves, J. L. F., Da Silva, J. C. G., Da Silva Filho, V. F., Alves, R. F., De Araujo Galdino, W. V., Andersen, S. L. F., & De Sena, R. F. (2019). Determination of the bioenergy potential of Brazilian pine-fruit shell via pyrolysis kinetics, thermodynamic study, and evolved gas analysis. BioEnergy Research, 12(1), 168-183. doi:10.1007/s12155-019-9964-1"
Alves 2021,"Alves, M., & Bazante, M. L. (2021). New records of Annonaceae in the Northeast Brazil. Acta Brasiliensis, 5(1), 25-34. doi:10.22571/2526-4338449"
Alves-Araújo 2012,"Alves-Araújo, A., & Alves, M. (2012). Two new species and a new combination of Neotropical Sapotaceae. Brittonia, 64(1), 23-29. doi:10.1007/s12228-011-9195-z"
Alves-Araújo 2014,"Alves-Araújo, A., Swenson, U., & Alves, M. (2014). A taxonomic survey of Pouteria (Sapotaceae) from the northern portion of the Atlantic Rainforest of Brazil. In U. S. Anderson Alves-Araujo, Marccus Alves (Ed.), Systematic Botany (Vol. 39, pp. 915-938). MO, US: American Society of Plant Taxonomists."
Alves-Costa 2007,"Alves-Costa, C. P., & Eterovick, P. C. (2007). Seed dispersal services by coatis (Nasua nasua, Procyonidae) and their redundancy with other frugivores in southeastern Brazil. Acta Oecologica, 32(1), 77-92. doi:10.1016/j.actao.2007.03.001"
Amorim 2017,"Amorim, B. S. (2017). Flogenia e estudos taxômicos do clado Gomidesia (Myrtaceae, Myrcia S.L.) na Floresta Atlântica do Brazil. (Unpublished doctoral dissertation). Universidade Federal de Pernambuco, Brazil."
Andel 2000 Part I,"Andel, T. v. (2000). Non-timber forest products of the North-West District of Guyana Part I. (Doctoral dissertation). Utrecht University, Netherlands. Tropenbos-Guyana Programme database."
Andel 2000 Part II,"Andel, T. v. (2000). Non-timber forest products of the North-West Distric of Guyana. Part II field guide. Guyana: Tropenbos-Guyana Series 8b."
Andersson 2012,"Andersson, S. (2012). Does inbreeding promote evolutionary reduction of flower size? Experimental evidence from Crepis tectorum (Asteraceae). American Journal of Botany, 99(8), 1388-1398. doi:10.3732/ajb.1200116"
Andrade-Cetto 2013,"Andrade-Cetto, A., & Medina-Hernandez, A. E. (2013). Hypoglycemic effect of Bromelia plumieri (E. Morren) L.B. Sm., leaves in STZ-NA-induced diabetic rats. Frontiers in Pharmacology, 4, 36. doi:10.3389/fphar.2013.00036"
Andresen 1999,"Andresen, E. (1999). Seed dispersal by monkeys and the fate of dispersed seeds in a Peruvian rain forest. Biotropica, 31(1), 145-158. Retrieved from https://www.jstor.org/stable/2663968"
Andresen 2004,"Andresen, E., & Levey, D. J. (2004). Effects of dung and seed size on secondary dispersal, seed predation, and seedling establishment of rain forest trees. Oecologia, 139(1), 45-54. doi:10.1007/s00442-003-1480-4"
Andreson 2000,"Andreson, E. (2000). The role of dung beetles in the regeneration of the rainforest plants in Central Amazonia. (Doctoral dissertation). University of Flordia, Ann Arbor, Ml. Bell & Howell Information and Learning Company database."
Anderson 1988,"Anderson, A. B., & Balick, M. J. (1988). Taxonomy of the Babassu complex (Orbignya spp.: Palmae). Systematic Botany, 13(1), 32-50. Retrieved from https://www.jstor.org/stable/2419239"
Aquila 2012,"Aquila, M. E. A., Braga, M. R., & Dietrich, S. M. C. (2012). The similarity of galactomannan in seeds and endocarp of pods during development in Senna macranthera var. nervosa. South African Journal of Botany, 83, 56-62. doi:10.1016/j.sajb.2012.07.015"
Arango 2007,"Arango, M. G. (2007). Dispersion desmillas por mico (Lagothrix lagothricha) en la estacion biologica caparu (Vaupes, Colombia). (Unpublished master’s thesis). Universidad de Los Andes Facult ad de Cienaias, Mérida, Venezuela."
Tiwari 2018,"Tiwari, A. P., Lawand, P. R., Shukla, A. N., & Magesh, C. R. (2018). Three new distributional records of Rubiaceae for Chhattisgarh. Indian Journal of Forestry, 41(3), 31-33."
Atramentowicz 1988,"Atramentowicz, M. (1988). La frugivorie opportuniste de trois marsupiaux Didelphidés de Guyane. Revue d’Ecologie, Terre et Vie, 43, 47-57. Retrieved from https://hal.science/hal-03529245"
Aud 2012,"Aud, F. F., & Ferraz, I. D. K. (2012). Seed size influence on germination responses to light and temperature of seven pioneer tree species from the Central Amazon. Anais da Academia Brasileira de Ciências, 84(3), 759-766. doi:10.1590/s0001-37652012000300018"
Conserva 2013,"Conserva, A., de Santana, D. G., & Piedade, M. T. F. (2013). Seed features of important timer species from the floodplain Varzea forest implications for ex situ conservation programs in the Amzon. American Journal of Botany, 94(6), 901-911."
Austin 1973,"Austin, D. F. (1973). The American Erycibeae (Convolvulaceae): Maripa, dicranostyles, and Lysiostyles I. systematics. Annals of the Missouri Botanical Garden, 60(2), 306-412. doi:10.2307/2395089"
Avila 2021,"Avila, J., Jimenez, A., Mendez, J., & Murillo, E. (2021). Chemical and biological potential of Passiflora vitifolia fruit byproducts collected in the Colombian Central Andes. Asian Journal of Pharmaceutical and Clinical Research, 182-189. doi:10.22159/ajpcr.2021.v14i1.39277"
Aymard 2016,"Aymard, G., & Kelloff, C. L. (2016). Dilleniaceae. In: flora of the Guianas. ser. a, phanerogams, fascicle 31. United Kingdom: Royal Botanic Gardens, Kew."
Krukoff 1938,"Krukoff, B. A., & Moldenke, H. N. (1938). Telitoxicum. Brittonia, 3(1), 42-50. Retrieved from https://www.jstor.org/stable/2804996"
Backer 1951,"Backer, C. A. (1951). Turneraceae. In P. C. v. Welzen (Ed.), Flora Malesiana (Vol. 4, pp. 235-238). Jakarta, Indonesia: Noordhoff-Kolff N. V."
Balick 1979,"Balick, M. (1979). Amazonian oil palms of promise: a survey. Economic Botany, 33(1), 11-28."
Balick 1986,"Balick, M. J., & Anderson, A. Β. (1986). Dry matter allocation in Jessenia bataua (Palmae). Acta Amazonica, 16, 135-140. doi:10.1590/1809-43921986161140"
Bally 2006,"Bally, I. S. E. (2006). Mangifera indica (mango). Species Profiles for Pacific Island Agroforestry, 2-25. Retrieved from https://gms.ctahr.hawaii.edu/gs/handler/getmedia.ashx?moid=3072&dt=3&g=12"
Baraloto 2007,"Baraloto, C., & Forget, P.-M. (2007). Seed size, seedling morphology, and response to deep shade and damage in neotropical rain forest trees. American Journal of Botany, 94(6), 901-911. doi:10.3732/ajb.94.6.901"
Barbedo 2018,"Barbedo, C. J. (2018). A new approach towards the so-called recalcitrant seeds. Journal of Seed Science, 40(3), 221-236. doi:10.1590/2317-1545v40n3207201"
Barrett 1980,"Barrett, S. C. H. (1980). Sexual reproduction in Eichhornia crassipes (water hyacinth). II. seed production in natural populations. In Journal of Applied Ecology (Vol. 17, pp. 113-124). Ontario, Canada: British Ecological Society."
Bastos 2017,"Bastos, L. L. S., Ferraz, I. D. K., Junior, M. J. V. L., & Pritchard, H. W. (2017). Variation in limits to germination temperature and rates across the seed-seedling transition in the palm Oenocarpus bataua from the Brazilian Amazon. Seed Science and Technology, 45(1), 1-13. doi:10.15258/sst.2017.45.1.05"
Basukala 2022,"Basukala, K. (2022). Taxonomic account of the genus Cyperus L. (Cyperaceae) of Nepal. (Unpublished master’s thesis). Tribhuvan University, Kirtipur, Kathmandu, Nepal."
Battilani 2007,"Battilani, J. L., Santiago, E. F., & de Souza, A. L. T. (2007). Aspectos morfológicos de frutos, sementes e desenvolvimento de plântulas e plantas jovens de Unonopsis lindmanii Fries (Annonaceae). Acta Botanica Brasilica, 21(4), 897-907."
Ramírez 2009,"Ramírez, B. H., Parrado-Rosselli, A., & Stevenson, P. (2009). Seed dispersal of a useful palm (Astrocaryum Chambira Burret) in three Amazonian forests with different human interaction. Columbia Forestal(12), 5-16."
Becker 2010,"Becker, N. I., Rothenwöhrer, C., & Tschapka, M. (2010). Dynamic feeding habits: efficiency of frugivory in a nectarivorous bat. Canadian Journal of Zoology, 88(8), 764-773. doi:10.1139/z10-042"
Bello 2017,"Bello, C., Galetti, M., Montana, D., Pizo, M. A., Mariguela, T. C., Culot, L., . . . Jordano, P. (2017). Atlantic frugivory: a plant–frugivore interaction data set for the Atlantic Forest. Ecology, 96(6), 1729. doi:10.1002/ecy.1818/suppinfo"
Bello 2015,"Bello, C., Galetti, M., Pizo, M. A., Magnago, F. S., Rocha, M. F., Lima, R. A. F., . . . Jordano, P. (2015). Defaunation affects carbon storage in tropical forests. Science Advances, 1, e1501105."
Beltrán 2020,"Beltrán, L. C., Aguilar-Dorantes, K. M., & Howe, H. F. (2020). Effects of a recalcitrant understory fern layer in an enclosed tropical restoration experiment. NeoBiota, 59, 99-118. doi:10.3897/neobiota.59.51906"
Benítez-Malvido 2014,"Benítez-Malvido, J., Gonzalez-Di Pierro, A. M., Lombera, R., Guillen, S., & Estrada, A. (2014). Seed source, seed traits, and frugivore habits: implications for dispersal quality of two sympatric primates. American Journal of Botany, 101(6), 970-978. doi:10.3732/ajb.1400147"
Benjamin 2015,"Benjamin, L., Amade, O., Joseph, I. B., & Anne, M. L. (2015). Phenotypic traits of Carapa procera fruits from riparian forests of Burkina Faso, West Africa. Journal of Horticulture and Forestry, 7(6), 160-167. doi:10.5897/jhf2015.0394"
Bentos 2013,"Bentos, T. V., Mesquita, R. C. G., Camargo, J. L. C., & Williamson, G. B. (2013). Seed and fruit tradeoffs – the economics of seed packaging in Amazon pioneers. Plant Ecology & Diversity, 7(1-2), 371-382. doi:10.1080/17550874.2012.740081"
Berg 1972,"Berg, C. C. (1972). Olmedieae Brosimeae (Moraceae) (Vol. 7). New York, New York: Hafner Publishing Company."
Berg 2001,"Berg, C. C. (2001). Artocarpeae, and Dorstenia (Moraceae), with introductions to the family and Ficus and with additions and corrections to Flora Neotropica Monograph 7. Flora Neotropica, 83, iii-iv, 1-346. Retrieved from https://www.jstor.org/stable/4393905"
Berg 2005,"Berg, C. C., Rosselli, P. F., & Davidson, D. W. (2005). Cecropia. In P. F. R. Cornelis C. Berg (Ed.), Flora Neotropica (Vol. 94, pp. 1-230). Bronx, NY: The New York Botanical Garden."
Bernacki 2015,"Bernacki, F. G., Albornoz, P. L., Valoy, M., & Ordano, M. (2015). Anatomy of flower and fruit of Vassobia breviflora (Solanaceae) in the south of the southern Yungas (Argentina). Revista Internacional de Botanica Experimental, 84, 478-487."
Bernal 2010,"Bernal, R., Galeano, G., García, N., Olivares, I. L., & Cocomá, C. (2010). Uses and commercial prospects for the wine palm, Attalea butyracea, in Colombia. Enthnobotany Research and Applications, 8, 255-268. Retrieved from www.ethnobotanyjournal.org/vol8/i1547-3465-08-255.p"
Beyhan 2011,"Beyhan, O., Bozkurt, M. A., & Boysal, S. C. (2011). Determination of macro-micro nutrient contents in dried fruit and leaves of some pomological characteristics of selected Feijoa genotypes (Feijoa sellowiana Berg.) frin Sakarya provinces in Turkey. The Journal of Animal & Plant Sciences, 21(2), 251-255."
Bianconi 2007,"Bianconi, G. V., Mikich, S. B., Teixeira, S. D., & Maia, B. H. L. N. S. (2007). Attraction of fruit-eating bats with essential oils of fruits: A potential tool for forest restoration. Biotropica, 39(1), 136-140. doi:10.1111/j.1744-7429.2006.00236.x"
Bieber 2015,"Bieber, A. G. D., Silva, P. S. D., & Oliveira, P. S. (2015). Attractiveness of fallen fleshy fruits to ants depends on previous handling by frugivores. Écoscience, 20(1), 85-89. doi:10.2980/20-1-3573"
Biral 2017,"Biral, L., Simmons, M. P., Smidt, E. C., Tembrock, L. R., Bolson, M., Archer, R. H., & Lombardi, J. A. (2017). Systematics of New World Maytenus (Celastraceae) and a New Delimitation of the Genus. Systematic Botany, 42(4), 680-693. doi:10.1600/036364417x696456"
Bizzerril 2005,"Bizzerril, M. X. A., Rodrigues, F. H. G., & Hass, A. (2005). Fruit consumption and seed dispersal of Dimorphandra mollis Benth. (Leguminosae) by the low tapir in the cerrando of Central Brazil. Brazilian Journal of Biology, 65(3), 407-413. doi:10.1590/s1519-69842005000300005"
Blackwell 1967,"Blackwell Jr., W. H., Woodson Jr., R. E., & Schery, R. W. (1967). Part VIII. Family 159. Loganiaceae. In R. E. Woodson Jr. & R. W. Schery (Eds.), Flora of Panama (Vol. 54, pp. 393-413). St. Louis, MO: Missouri Botanical Garden Press."
Blanco 2019,"Blanco, G., Bravo, C., Chamorro, D., Lovas‐Kiss, Á., Hiraldo, F., & Tella, J. L. (2019). Herb endozoochory by cockatoos: Is ‘foliage the fruit’? Austral Ecology, 45(1), 122-126. doi:10.1111/aec.12835"
Bodmer 1991,"Bodmer, R. E. (1991). Strategies of seed dispersal and seed predation in Amazonian ungulates. Biotropica, 23(3), 255-261. Retrieved from https://www.jstor.org/stable/2388202"
Boissier 2014,"Boissier, O., Bouiges, A., Mendoza, I., Feer, F., & Forget, P. M. (2014). Rapid Assessment of Seed Removal and Frugivore Activity as a Tool for Monitoring the Health Status of Tropical Forests. Biotropica, 46(5), 633-641. doi:10.1111/btp.12134"
Boissier 2020,"Boissier, O., Feer, F., Henry, P.-Y., & Forget, P.-M. (2020). Modifications of the rain forest frugivore community are associated with reduced seed removal at the community level. Ecological Applications, 30(4). doi:10.1002/eap.2086"
Bonaccorso 1975,"Bonaccorso, F. J. (1975). Foraging and reproductive ecology in a community of bats in Panama. (Unpublished doctoral dissertation). University of Flordia, Gainesville, FL."
Bonaccorso 1980,"Bonaccorso, F. J., Glanz, W. E., & Sandford, C. M. (1980). Feeding assemblages of mammals at fruiting Dipteryx panamensis (Papi lionaceae) trees in Panama: seed predation, dispersal, and parasitism. Revista de Biología Tropical, 28(1), 61-72. Retrieved from https://tropicalstudies.org/rbt/attachments/volumes/vol28-1/05-Bonaccorso-Dipteryx.pdf"
Almeida 2007,"Almeida, L. B. de, & Galetti, M. (2007). Seed dispersal and spatial distribution of Attalea geraensis (Arecaceae) in two remnants of Cerrado in Southeastern Brazil. Acta Oecologica, 32(2), 180-187. doi:10.1016/j.actao.2007.04.001"
Borchsenius 1998,"Borchsenius, F., Pedersen, H. B., & Balslev, H. (1998). Manual to the palms of Ecuador. AAU Report 37. Aarhus, Denmark: Department of Systematic Botany, University of Aarhus."
Borghetti 2019,"Borghetti, F., de Andrade, L. A. Z., Schmidt, I. B., & Barbosa, E. R. M. (2019). Seed germination and seedling recruitment of Dimorphandra mollis Benth. in a Neotropical savanna subjected to prescribed fires. Folia Geobotanica, 54(1-2), 43-51. doi:10.1007/s12224-019-09338-3"
Bortolotto 2021,"Bortolotto, I. M., de Cássia Avellaneda Guimarães, R., Campos, R. P., da Silva Lopes, M. R., da Silva, L. P. R., Silva, R. H., . . . Hiane, P. A. (2021). Food composition data: edible plants in Pantanal. In Local Food Plants of Brazil (pp. 297-324)."
Bosque 1995,"Bosque, C., Ramírez, R., & Rodríguez, D. (1995). The diet of the oilbird in Venezuela. Ornitologia Neotropical, 6, 67-80. Retrieved from https://digitalcommons.usf.edu/cgi/viewcontent.cgi?article=1063&context=ornitologia_neotropical"
Boubli 1997,"Boubli, J. P. (1997). Ecology of the black Uakari monkey, Cacajao melanocephalus melanocephalus, in Pico da Neblina National Park, Brazil. (Doctoral dissertation). University of California, Berkeley, Ann Arbor, MI. UMI ProQuest Digital Dissertation database."
Braun 1988,"Braun, P. J. (1988). On the taxonomy of Brazilian Cereeae (Cactaceae). Bradleya, 6(6), 85-99. doi:10.25223/brad.n6.1988.a4"
Brechú-Franco 2021,"Brechú-Franco, A. E., Larqué-Saavedra, A. F., Laguna-Hernández, G., Pasillas-Rodríguez, K., & Espinosa-Matias, S. (2021). Morphology, structure, and histochemistry of the inflorescences, fruit, and seed of the Ramón nut, Brosimum alicastrum Sw. subsp. alicastrum CC Berg (Moraceae). Brazilian Journal of Botany, 44(2), 457-466. doi:10.1007/s40415-021-00708-w"
Bremekamp 1959,"Bremekamp, C. E. B. (1959). A species of Antirhea (Rubiaceae) from suriname. In Acta Botanica Neerlandka (Vol. 8, pp. 479-481). Botanical Museum and Herbarium, Utrecht: Mededelingen van het Botanisch Museum en Herbarium van de Rijksuniversiteit te Utrecht."
Brewer 2009,"Brewer, S. W., & Rejmánek, M. (2009). Small rodents as significant dispersers of tree seeds in a Neotropical forest. Journal of Vegetation Science, 10(2), 165-174. doi:10.2307/3237138"
Brito 2019,"Brito, A. C. P. d., Sousa, A. J. B., Silva, R. T. L. d., Braga, N. S., Monfort, L. E. F., Júnior, M. V. R. d. O., . . . Neto, C. F. d. O. (2019). Emergency and growth of Andiroba seedlings (Carapa guianensis Aubl.) in function of the seeds. Journal of Agricultural Science, 11(9). doi:10.5539/jas.v11n9p293"
Britton 1908,"Britton, N. L., & Shafer, J. A. (1908). North American trees : being descriptions and illustrations of the trees growing independently of cultivation in North America, north of Mexico and the West Indies. New York, NY: H. Holt & Co."
Brokamp 2013,"Brokamp, G. (2013). Biology, sustainability and socio-economic impact of wild plant collection in NW South America. (Unpublished doctoral dissertation). Freie Universität Berlin, Berlin."
Bronstein 1986,"Bronstein, J. L. (1986). Coevolution and constraints in a neotropical fig- pollinator wasp mutualism. (Doctoral dissertation). University of Michigan, Ann Arbor, MI. University Microfilms International database."
Bronstein 1988,"Bronstein, J. L. (1988). Mutualism, antagonism, and the fig-pollinator interaction. Ecology, 69(4), 1298-1302. doi:10.2307/1941287"
Paine 2007,"Paine, C. E. T., & Beck, H. (2007). Seed predation by neotropical rainforest mammals increases diversity in seedling recuritment. Ecology, 88(12), 3076–3087."
Caboco 2012,"Caboco, R. B., Rolim, T. P., Sartori, A. n. L. c. B., & Sciamarelli, A. (2012). Leguminosae-papilionoideae from the parque estadual das Várzeas do Rio Ivinhema, Mato Grosso do Sul State, Brazil. Biota Neotropica, 12(2), 58-70. doi:10.1590/S1676-06032012000200007"
Caceres 2012,"Caceres, N. C. (2012). Os marupiais do Brasil: Biologia, ecologia, e conservacao. Brazil: UFMS Publisher."
Camargo-Sanabria 2016,"Camargo-Sanabria, A. A., & Mendoza, E. (2016). Interactions between terrestrial mammals and the fruits of two neotropical rainforest tree species. Acta Oecologica, 73, 45-52. doi:10.1016/j.actao.2016.02.005"
Canale 2016,"Canale, G. R., Suscke, P., Rocha-Santos, L., Bernardo, C. S., Martins Kierulff, M. C., & Chivers, D. J. (2016). Seed dispersal of threatened tree species by a critically endangered primate in a Brazilian hotspot. Folia Primatol (Basel), 87(3), 123-140. doi:10.1159/000447712"
Capece 2013,"Capece, P. I., Aliaga-Rossel, E., & Jansen, P. A. (2013). Viability of small seeds found in feces of the Central American tapir on Barro Colorado Island, Panama. Integrative Zoology, 8(1), 57-62. doi:10.1111/j.1749-4877.2012.00313.x"
Capon 2017,"Capon, D. S., Nitural, P. S., & Dela Cruz, N. E. (2017). Nutrient use efficienty, yield and fruit quality of sweet corn (Zea mays saccharata Sturt.) grown under different fertilizer management schemes. International Journal of Agricultural Technology 2017, 13(7.1), 1413-1435. Retrieved from http://www.ijat-aatsea.com"
Cárdenas 2021,"Cárdenas, S., Echeverry‐Galvis, M. Á., & Stevenson, P. R. (2021). Seed dispersal effectiveness by oilbirds (Steatornis caripensis) in the Southern Andes of Colombia. Biotropica, 53(2), 671-680. doi:10.1111/btp.12908"
Ramos et al. 2020,"Ramos, G., Cardoso, D. B. O. S., & Pennington, R. T. (2020). Andira lam. Systematic Botany Monographs, 64, 1-53. Retrieved from https://floradobrasil.jbrj.gov.br/consulta/ficha.html?idDadosListaBrasil=22786"
Cardoso 2021,"Cardoso, I. B., do Vale Beirão, M., Cuevas-Reyes, P., Maldonado-López, Y., Aguilar-Peralta, J. S., & de Abreu Moreira, P. (2021). Effects of landscape disturbance on seed germination of Enterolobium contortisiliquum (Fabaceae) in Brazilian seasonally tropical dry forest: Are seeds a sensitive biomarker of environmental stress? Ecological Indicators, 125. doi:10.1016/j.ecolind.2021.107451"
Cardozo 2016,"Cardozo, N. M. D. (2016). Phylogeny and taxonomy of Henriquezieae benth. & hook. F (Ixoroideae, Rubiaceae) in the Guiana shield. (Unpublished doctoral dissertation). Universidade Estadual de Campinas Instituto de Biologia, São Paulo, Brazil."
Vasconcelos 2017,"Vasconcelos, C. da C. (2017). Frutos, sementes e plantulas de especies neotropicais de Chrysophylloideae (Sapotaceae). (Unpublished master's thesis). Instituto Nacional de Pesquisas da Amazônia, Manaus, Amazonas."
Carter 2015,"Carter, C. T. (2015). Chemical and functional properties of Brosimum alicastrum seed powder (Maya nut, Ramon nut). (Master's thesis). Graduate School of Clemson University, MI, USA. Available from ProQuest"
Sakuragui 2005,"Sakuragui, C. M., Mayo, S. J., & Zappi, D. C. (2005). Taxonomic revision of Brazilian species of Philodendron section Macrobelium. Kew Plants People Possibilities, 60(4), 465-513. Retrieved from https://www.jstor.org/stable/25070239"
Cassir 2023,"Cassir, P., Izverscaia, T., & Ghendov, V. (2023). Eclipta prostrata (L.) L. (asteraceae) – new species for the flora of Republic of Moldova. Studia Universitatis Moldaviae. Seria Științe ale Naturii(1(171)), 146-150. doi:10.59295/sum1(171)2023_19"
Castillo-Flores 2003,"Castillo-Flores, A. A., & Calvo-Irabién, L. M. (2003). Animal dispersal of two secondary-vegetation herbs into the evergreen rain forest of south-eastern Mexico. Journal of Tropical Ecology, 19(3), 271-278. doi:10.1017/s0266467403003304"
Castro 2012,"Castro, J. M., & Emmons, L. H. (2012). Variation in diet and resources. Smithsonian Contributions to Zoology, 639, 37-55. doi:10.5479/SI.00810282.639.37"
Castro 2013,"Castro, N. J. G. (2013). Evaluación del efecto de la cosecha de Astrocaryum standleyanum y Astrocaryum chambira para la obtención de fibras en Colombia y propuestas de manejo para su uso sostenible. (Doctor)."
Chandana 2022,"Chandana, K. P., Hemanth Kumar, N. K., Prithviraj, H. S., Basavaraj, G. L., Nataraj, K., & Shobha, J. (2022). An efficient in vitro callogenesis from various explants of Passiflora vitifolia kunth: An important medicinal and ornamental plant. World Journal of Advanced Research and Reviews, 16(3), 723-729. doi:10.30574/wjarr.2022.16.3.1415"
Chauvet 2004,"Chauvet, S., Feer, F., & Forget, P.-M. (2004). Seed fate of two Sapotaceae species in a Guianan rain forest in the context of escape and satiation hypotheses. Journal of Tropical Ecology, 20(01), 1-9. doi:10.1017/s0266467404006121"
Chen 2011,"Chen, I., & Manchester, S. R. (2011). Seed Morphology of Vitaceae. International Journal of Plant Sciences, 172(1), 1-35. doi:10.1086/657283"
Chhikara 2018,"Chhikara, N., Kaur, R., Jaglan, S., Sharma, P., Gat, Y., & Panghal, A. (2018). Bioactive compounds and pharmacological and food applications of Syzygium cumini - a review. Food Function, 9(12), 6096-6115. doi:10.1039/c8fo00654g"
Chiapero 2021,"Chiapero, A. L., Aguilar, R., Galfrascoli, G. M., Bernardello, G., Quesada, M., & Ashworth, L. (2021). Reproductive resilience to habitat fragmentation of Lithraea molleoides (Anacardiaceae), a dominant dioecious tree from the Chaco Serrano. Forest Ecology and Management, 492. doi:10.1016/j.foreco.2021.119215"
Chuma 2021,"Chuma, V., & Norris, D. (2021). Contribution of Vouacapoua americana fruit-fall to the release of biomass in a lowland Amazon forest. Scientific Reports, 11(1), 4302. doi:10.1038/s41598-021-83803-y"
Chuma 2017,"Chuma, V. J. U. R. (2017). Prevendo padroes espaciais de queda de frutos na floresta nacional do Amapá. (Unpublished master's and doctoral dissertation). Universidade Federal do Amapá, Macapá, Brazil."
Chung 2017,"Chung, I. M., Rajakumar, G., Lee, J. H., Kim, S. H., & Thiruvengadam, M. (2017). Ethnopharmacological uses, phytochemistry, biological activities, and biotechnological applications of Eclipta prostrata. Applied Microbiology Biotechnology, 101(13), 5247-5257. doi:10.1007/s00253-017-8363-9"
Cintra 1997,"Cintra, R. (1997). Leaf litter effects on seed and seedling predation of the palm Astrocaryum murumuru and the legume tree Dipteryx micrantha in Amazonian Forest. Journal of Tropical Ecology, 13(5), 709-725. doi:10.1017/s0266467400010889"
Clement 2006,"Clement, C. R. (2006). Fruit trees and the transition to food production in Amazonia. In E. William, Clark L. (Ed.), Time and complexity of historical ecology in the neotropical lowlands: studies in historical ecology. New York Chichester, West Sussex: Columbia University Press."
Cloutier 2007,"Cloutier, D., Kanashiro, M., Ciampi, A. Y., & Schoen, D. J. (2007). Impact of selective logging on inbreeding and gene dispersal in an Amazonian tree population of Carapa guianensis Aubl. Molecular Ecology, 16(4), 797-809. doi:10.1111/j.1365-294X.2006.03193.x"
Cloutier 2005,"Cloutier, D., Povoa, J. S. R., Procopio, L. C., Leao, N. V. M., De Wadt, L. H., Ciampi, A. Y., & Schoen, D. J. (2005). Chioroplast DNA variation of Carapa guianensis in the Amazon basin. Environmental Science, Biology. doi:doi.org/10.1515/sg-2005-0039"
Vascular Plants of Arizona Editorial Committee 1992+,Vascular Plants of Arizona Editorial Committee. (1992+). Vascular plants of Arizona. Journal of Arizona-Nevada Academy of Science. Retrieved from http://www.canotia.org/vpa_project.html
Connor 2007,"Connor, K., Schaefer, G., Donahoo, J., Devall, M., Gardiner, E., Hawkins, T., . . . Leininger, T. (2007). Development, fatty acid composition, and storage of drupes and seeds from the endangered pondberry (Lindera melissifolia). Biological Conservation, 137(4), 489-496. doi:10.1016/j.biocon.2007.03.011"
Corrêa 2017,"Corrêa, A. L., Scudeller, V. V., & Goldenberg, R. (2017). Melastomataceae in the Reserva de Desenvolvimento Sustentável do Tupé, Amazonas, Brazil. Phytotaxa, 323(2). doi:10.11646/phytotaxa.323.2.1"
Correa 2015,"Correa, S. B., Araujo, J. K., Penha, J. M. F., da Cunha, C. N., Stevenson, P. R., & Anderson, J. T. (2015). Overfishing disrupts an ancient mutualism between frugivorous fishes and plants in Neotropical wetlands. Biological Conservation, 191, 159-167. doi:10.1016/j.biocon.2015.06.019"
Correa 2007,"Correa, S. B., Winemiller, K. O., Lopez-Fernandez, H., & Galetti, M. (2007). Evolutionary perspectives on seed consumption and dispersal by fishes. BioScience, 57(9), 748-756. doi:10.1641/B570907"
Correal 2004,"Correal, B. H. R. (2004). Dispersion de semillas de Astrocaryum chambira Burret (Arecaceae) en dos bosques de tierra firme sometidos a diferente grando de intervencion antropica en la comunidad indigena de Macedonia (Amazonas, Colombia). (Unpublished undergrad Thesis). Universid de Los Andes, Bogota, D.C."
Corvalán 2007,"Corvalán, P. U., & M., L. (2007). Caracterización morfológica de semillas de algunas especies de los géneros Cassia L. y Senna Mill. (Leguminosae Juss.). Revista de la Facultad de Agronomía de la Universidad del Zulia, 24, 426-441."
Costa 2023,"Costa, G., Piedade, M. T. F., Ferreira, E. J., & Maltchik, L. (2023). The effectiveness of ichthyochoric dispersal in forested wetlands of the Amazon depends on the species of fish and its size. Forest Ecology and Management, 549. doi:10.1016/j.foreco.2023.121481"
Coutant 2022,"Coutant, O., Boissier, O., Ducrettet, M., Albert-Daviaud, A., Bouiges, A., Dracxler, C. M., . . . Forget, P.-M. (2022). Roads Disrupt Frugivory and Seed Removal in Tropical Animal-Dispersed Plants in French Guiana. Frontiers in Ecology and Evolution, 10. doi:10.3389/fevo.2022.805376"
Cowan 1953,"Cowan, R. S. (1953). A taxonomic revision of the genus Macrolobium. In Memoirs of the New York Botanical Garden (4 ed., Vol. 8, pp. 257-342). New York, NY: New York Botanical Garden."
Cramer 2007,"Cramer, J. M. (2007). Forest fragmentation effects on seed dispersal, seed fate, and fruit production of Duckeodendron cestroides and Bocageopsis multiflora in the Brazilian Amazon. (Unpublished doctoral dissertation). Louisiana State University and Agricultural and Mechanical College, Louisiana, US."
Cramer et al. 2007,"Cramer, J. M., Mesquita, R. C. G., Bentos, T. V., Moser, B., & Williamson, G. B. (2007). Forest fragmentation reduces seed dispersal of Duckeodendron cestroides, a Central Amazon endemic. Biotropica, 39(6), 709-718. doi:10.1111/j.1744-7429.2007.00317.x"
Cremers 1990,"Cremers, G. (1990). Nature Guyanaise. French Guiana: Nature Guyanaise (Sepanguy)."
Croat 1978,"Croat, T. B. (1978). Flora of Barro Colorado Island. Redwood City, CA: Stanford University Press."
Croizat 1943,"Croizat, L. (1943). Euphorbiaceae cataceaeque novae vel criticae Colombianae. Caldasia, 2(7), 123-139. Retrieved from https://www.jstor.org/stable/23640942"
Cuatle 2005,"Cuautle, M., Rico-Gray, V., & Diaz-Castelazo, C. (2005). Effects of ant behaviour and presence of extrafloral nectaries on seed dispersal of the Neotropical myrmecochore Turnera ulmifolia L. (Turneraceae). Biological Journal of the Linnean Society, 86, 67-77."
Cuéllar 1998,"Cuéllar, E., S., M. R., Noss, A., Pacheco, L. F., & Simonetti, J. A. (1998). Ecología en Bolivia. (31 Unpublished Undergrad thesis)."
Cuevas 2003,"Cuevas, J., Hueso, J. J., & Puertas, M. (2003). Pollination requirements of loquat (Eriobotrya japonicaLindl.), cv. `Algerie'. Fruits, 58(3), 157-165. doi:10.1051/fruits:2003004"
Susanto 2018,"Susanto, D., Sudrajat, Suwinarti, W., & Amirta, R. (2018). Seed germination and cuttings growth of Piper Aduncum. IOP Conference Series: Earth and Environmental Science, 144. doi:10.1088/1755-1315/144/1/012018"
Costa 2022,"Costa, R. D. S. d., Rodrigues, A. M. d. C., & Silva, L. H. M. d. (2022). The fruit of peach palm (Bactris gasipaes) and its technological potential: an overview. Food Science and Technology, 42. doi:10.1590/fst.82721"
Silva 2013,"Silva, A. M. da, & Melo, C. d. (2013). Overlap and resource sharing in coteries of fruit-eating birds. Journal of Tropical Ecology, 29(5), 409-416. doi:10.1017/s0266467413000539"
Siilva 2006,"Silva, H. R. d., & Britto‐Pereira, M. C. d. (2006). How much fruit do fruit‐eating frogs eat? An investigation on the diet of Xenohyla truncata (Lissamphibia: Anura: Hylidae). Journal of Zoology, 270(4), 692-698. doi:10.1111/j.1469-7998.2006.00192.x"
Daly 1987,"Daly, D. C. (1987). Studies in neotropical Burseraceae I. a synopsis of the genus Crepidospermum. Brittonia, 39(1), 51-58. Retrieved from https://www.jstor.org/stable/2806974"
Darrault 2005,"Darrault, R. O., & Schlindwein, C. (2005). Limited fruit production in Hancornia speciosa (Apocynaceae) and pollination by nocturnal and diurnal insects. Biotropica, 37(3), 381-388. doi:10.1111/j.1744-7429.2005.00050.x"
Dávila 2020,"Dávila, N., Amorim, B. S., Fantin, C., & Cabral, F. N. (2020). Flora of Reserva Ducke, Amazonas, Brazil: Linaceae. Rodriguésia, 71. doi:10.1590/2175-7860202071120"
Daws 2008,"Daws, M. I., Crabtree, L. M., Dalling, J. W., Mullins, C. E., & Burslem, D. F. (2008). Germination responses to water potential in neotropical pioneers suggest large-seeded species take more risks. Annals of Botany, 102(6), 945-951. doi:10.1093/aob/mcn186"
Daws 2005,"Daws, M. I., Garwood, N. C., & Pritchard, H. W. (2005). Traits of recalcitrant seeds in a semi‐deciduous tropical forest in Panamá: some ecological implications. Functional Ecology, 19(5), 874-885. doi:10.1111/j.1365-2435.2005.01034.x"
Camara 2008,"Camara, C. d. A., Neto, J. C. d. A., Ferreira, V. M., Alves, E. U., & Moura, F. d. B. P. (2008). Caracterizacao morfometrica de fruto e sementes s efeito da temperatura na germinacao de Parkia pendula (willd.) Benth. ex walp. Ciência Florestal, 18(3), 281-290."
Figueiredo 1993,"Figueiredo, R. A. d. (1993). Ingestion of Ficus enormis seeds by howler monkeys (Alouatta fusca) in Brazil: effects on seed germination. Journal of Tropical Ecology, 9(4), 541-543. doi:10.1017/S0266467400007628"
Figueiredo 1996,"Figueiredo, R. A. d., & Sazima, M. (1996). Phenology and pollination ecology of three Brazilian fig species (Moraceae). Botanica Acta, 110(1), 73-78. doi:10.1111/j.1438-8677.1997.tb00613.x"
Jesus 2010,"Jesus, C. R. d., Silva, R. A. d., Souza Filho, M. F. d., Desus, E. G. d., & Zucchi, R. A. (2010). First record of Anastrepha pseudanomala Norrbom (Diptera: tephritidae) and its host in Brazil. Neotropical Entomology, 39(6), 1059-1060. doi:10.1590/S1519-566X2010000600036"
Melo 2015,"Melo, R. B. d., Franco, A. C., Silva, C. O., Piedade, M. T., & Ferreira, C. S. (2015). Seed germination and seedling development in response to submergence in tree species of the Central Amazonian floodplains. AoB Plants, 7. doi:10.1093/aobpla/plv041"
Oliveira 2017,"Oliveira, D. E. C. d., Resende, O., & Devilla, I. A. (2017). Mechanical properties of baru fruit (Dipteryx alata Vogel). Semina: Ciências Agrárias, 38(1). doi:10.5433/1679-0359.2017v38n1p185"
Martendal 2013,"Martendal, C. d. O., Bernardino, M. M., Pereira, F. D., Silva, F. G., Menezes, C. C. E. d., & Hara, A. C. B. d. A. M. (2013). In vitro cultivation of zygotic embryos from Murici (Byrsonima cydoniifolia A. Juss.): establishment, disinfection, and germination. Acta Scientiarum, 35(2). doi:10.4025/actasciagron.v35i2.15402"
Oyama 2011,"Oyama, S. d. O. O., & Souza, L. A. d. (2011). Morphology and anatomy of the developing fruit of Maclura tinctoria, Moraceae. Revista Brasil. Botany, 34(2), 187-195. doi:10.1590/S0100-84042011000200006"
Paula 2012,"Paula, A. S. d., Delgado, C. M. L., Paulilo, M. T. S., & Santos, M. (2012). Breaking physical dormancy of Cassia leptophylla and Senna macranthera (Fabaceae: Caesalpinioideae) seeds: water absorption and alternating temperatures. Seed Science Research, 22(4), 259-267. doi:10.1017/s096025851200013x"
Souza 2022,"Souza, É. R. d., Luz, A. R. M., Rocha, L., & Lewis, G. P. (2022). Molecular and morphological analysis supports the separation of Robrichiaas a genus distinct from Enterolobium (Leguminosae: Caesalpinioideae: Mimosoid clade). Systematic Botany, 47(1), 268-277. doi:10.1600/036364422x16442669847067"
Souza 2015,"Souza, T. V. d., Torres, I. C., Steiner, N., & Paulilo, M. T. S. (2015). Seed dormancy in tree species of the Tropical Brazilian Atlantic Forest and its relationships with seed traits and environmental conditions. Brazilian Journal of Botany, 38(2), 243-264. doi:10.1007/s40415-014-0129-3"
Stefano 2011,"Stefano, R. D. d., & Fernández-Concha, G. C. (2011). Morphology-inferred phylogeny and a revision of the genus Emmotum (Icacinaceae) 1. Annals of the Missouri Botanical Garden, 98(1), 1-27. doi:10.3417/2007129"
Deasey 2020,"Deasey, A. (2020). How drought, waterlogging, and light availability shape patterns of tropical tree distributions, in French Guiana. (Unpublished doctoral dissertation). University of Stirling, Scotland, UK."
Defler 1996,"Defler, T. R., & Defler, S. B. (1996). Diet of a group of Lagothrix lagothricha lagothricha in southeastern Colombia. International Journal of Primatology, 17(2), 161-190. doi:10.1007/bf02735446"
Delviani 2020,"Delviani, A., Putri, D. A., & Salamah, A. (2020). Morphological observation on the inflorescence development of Tridax procumbens, Eclipta prostrata, Eleutheranthera ruderalis, Synedrella nodiflora (Asteraceae, Heliantheae). IOP Conference Series: Earth and Environmental Science, 524(1). doi:10.1088/1755-1315/524/1/012003"
Dettke 2014,"Dettke, G. A., & Waechter, J. L. (2014). Estudo taxonômico das ervas-de-passarinho da Região Sul do Brasil: II. Viscaceae (Phoradendron). Rodriguésia, 65(4), 955-985. doi:10.1590/2175-7860201465409"
DeWalt 2003,"DeWalt, S. J. (2003). The invasive tropical shrub Clidemia hirta (Melastomataceae) in its native and introduced ranges: tests of hypotheses of invasion. (Unpublished doctoral dissertation). Lousiana State University, Baton Rouge, LA."
Dewalt 2004,"Dewalt, S. J., & Hamrick, J. L. (2004). Genetic variation of introduced Hawaiian and native Costa Rican populations of an invasive tropical shrub, Clidemia hirta (Melastomataceae). American Journal of Botany, 91(8), 1155-1162. doi:10.3732/ajb.91.8.1155"
Diby 2019,"Diby, L. A., Katou, S. Y., Dere, L. A. K., Kessé N’da, P., & Tiahou, G. G. (2019). Biochemical composition of the seed of Carapa procera (meliaceae) of Côte d’Ivoire. International Journal of Green and Herbal Chemistry, 8(3), 333-342. doi:10.24214/ijghc/hc/8/3/33342"
Dick 2008,"Dick, C. W., & Heuertz, M. (2008). The complex biogeographic history of a widespread tropical tree species. Evolution, 62(11), 2760-2774. doi:10.1111/j.1558-5646.2008.00506.x"
Dionisio 2019,"Dionisio, L. F. S., Auca, E. C., Schwartz, G., Bardales-Lozano, R. M., Agurto, J. J. M., & Corvera-Gomringer, R. (2019). Seedling production of Bertholletia excelsa in response to seed origin and position inside fruit. Revista Brasileira de Ciências Agrárias, 14(3), e5662. doi:10.5039/agraria.v14i3a5662"
Dittel 2015,"Dittel, J. W., Lambert, T. D., & Adler, G. H. (2015). Seed dispersal by rodents in a lowland forest in central Panama. Journal of Tropical Ecology, 31(5), 403-412. doi:10.1017/s0266467415000280"
Dodson 1978,"Dodson, C., & Gentry, A. (1978). Flora of Rio Palenque Science Center: Los Rios Province Ecuador. Selbyana, 4, 451-500. Retrieved from https://archive.org/details/selbyana-120203-118395/page/596/mode/1up"
Doligez 1997,"Doligez, A., & Joly, H. I. (1997). Mating system of Carapa procera (Meliaceae) in the French Guiana tropical forest. American Journal of Botany, 84(4), 461-470. doi:10.2307/2446022"
Domen 2018,"Domen, Y. S. M. (2018). Efeitos dos filtros ambentais na estrutura filogenetica de um cerrado. (Unpublished master's dissertation). Universidade Federal de Viçosa, Brazil."
Donatti 2007,"Donatti, C. I., Galetti, M., Pizo, M. A., Guimaraes P.R. Jr, & Jordano, P. (2007). Living in the land of ghosts: fruit traits and the importance of large mammals as seed dispersers in the Pantanal, Brazil. In Seed dispersal: theory and its application in a changing world (pp. 104-655). Oxfordshire, UK: CAB International."
Donatti 2009,"Donatti, C. I., Guimarães, P. R., & Galetti, M. (2009). Seed dispersal and predation in the endemic Atlantic rainforest palm Astrocaryum aculeatissimum across a gradient of seed disperser abundance. Ecological Research, 24(6), 1187-1195. doi:10.1007/s11284-009-0601-x"
Donatti 2011,"Donatti, C. L. (2011). Ecological studies on seed dispersal networks: insights from a diverse tropical ecosystem. (Unpublished doctoral dissertation). Standford University, CA, US. Standford University database."
Dorr 2012,"Dorr, L. J. (2012). Apeiba trombetensis (Malvaceae: Grewioideae), a new species from northern Brazil. Brittonia, 64(4), 374-380. doi:10.1007/s12228-012-9251-3"
Dorr 2014,"Dorr, L. J. (2014). Flora of Guaramacal (Venezuela): Monocotyledons (Vol. 100). WA, US: Smithsonian Institution Scholarly Press."
Santos et al. 2018,"Santos, J. V. d., Amorim, A. M., & Conceição, A. d. S. (2018). Malpighiaceae in the Raso da Catarina Ecoregion, Bahia, Brazil. Biota Neotropica, 18(3). doi:10.1590/1676-0611-bn-2017-0429"
Downey 2018,"Downey, H. (2018). Insect-mediated indirect interactions in tropical forest plant communities. (Unpublished doctoral dissertation). University of Oxford, Oxford, England."
Ducke 1945,"Ducke, A. (1945). Moraceae. In A. Ducke (Ed.), New forest trees and climbers of the Brazilian Amazon (Vol. 5, pp. 1-30). Brazil: Instituto Agronômico do Norte (IAN)."
Ducroquet 2007,"Ducroquet, J.-P. H. J., dos Santos, K. L., de Andrade, E. R., de Silva Boneti, J. I., Bonin, V., & Nodari, R. O. (2007). As primeiras cultivares brasileiras de goiabeira serrana: SCS 411 Alcántara e SCS 412 Helena. Germoplasma e lançamento de cultivares, 20(2), 77-80. Retrieved from https://publicacoes.epagri.sc.gov.br/RAC/article/view/894#:~:text=As%20cultivares%20ora%20lan%C3%A7adas%2C%20SCS%20411%20Alc%C3%A2ntara%20e,e%20sele%C3%A7%C3%A3o%20iniciado%20h%C3%A1%2020%20anos%20pela%20Epagri."
Ducroquet 2008,"Ducroquet, J.-P. H. J., Nunes, E. d. C., Guerra, M. P., & Nodari, R. O. (2008). Novas cultivares brasileiras de goiabeira serrana: SCS 414-Mattos e SCS 415-Nonante. Germoplasma, 21(2), 77-80. Retrieved from https://publicacoes.epagri.sc.gov.br/RAC/article/view/857"
Duncan 2019,"Duncan, L. M. (2019). Archaeological deposits, environmental impact and local soil formation at Marco Gonzalez, Belize. (Unpublished doctoral dissertation). University College London, London, England."
Dupuy 2008,"Dupuy, J. M., & Chazdon, R. L. (2008). Interacting effects of canopy gap, understory vegetation and leaf litter on tree seedling recruitment and composition in tropical secondary forests. Forest Ecology and Management, 255(11), 3716-3725. doi:10.1016/j.foreco.2008.03.021"
Echeverry 2021,"Echeverry, K. N., Ramírez, M. A., & Stevenson, Pablo R. (2021). Seed dispersal by reintroduced woolly monkeys suggest that plant traits are more important than learning. (Unpublished undergrad thesis). Universidad de Los Andes, Columbia."
Eguiarte 1985,"Eguiarte, L. E., & Rio, C. M. d. (1985). Feeding habits of the Citreoline Trogon in a tropical deciduous forest during the dry season. The Auk, 102(4), 872-874. doi:10.1093/auk/102.4.872"
Kalko 1996,"Kalko, E. K. V., Herre, E. A., Handley, C. O. Jr. (1996). Relation of fig fruit characteristics to fruit-eating bats in the new and old world tropics. Journal of Biogeography, 23(4), 565-576. Retrieved from https://www.jstor.org/stable/2845800"
Elumalai 2012,"Elumalai, A., Mathangi, N., Didala, A., Kasarla, R., & Venkatesh, Y. (2012). A review on Ceiba pentandra and its medicinal features. Asian Journal of Pharmacy and Technology, 2(3), 83-86. Retrieved from https://ajptonline.com/HTMLPaper.aspx?Journal=Asian+Journal+of+Pharmacy+and+Technology%3bPID%3d2012-2-3-1"
Erard 1989,"Erard, C., Thery, M., & Sabatier, D. (1989). Régime alimentaire de Rupicola rupicola (Cotingidae) en Guyane Française. Relations avec la frugivorie et la zoochorie. Revue d’Ecologie, Terre et Vie., 44(1), 47-74. Retrieved from https://hal.archives-ouvertes.fr/hal-03529407"
Ercisli 2007,"Ercisli, S., & Orhan, E. (2007). Chemical composition of white (Morus alba), red (Morus rubra) and black (Morus nigra) mulberry fruits. Food Chemistry, 103(4), 1380-1384. doi:10.1016/j.foodchem.2006.10.054"
Erkens 2017,"Erkens, R. H. J., Oosterhof, J., Westra, L. Y. T., & Maas, P. J. M. (2017). Revisions of Ruizodendron and Pseudephedranthus (Annonaceae) including a new species and an overview of most up-to-date revisions of Neotropical Annonaceae genera. PhytoKeys(86), 75-96. doi:10.3897/phytokeys.86.13773"
Escobar 2020,"Escobar, S., Razafindratsima, O. H., Montúfar, R., & Balslev, H. (2020). Post-dispersal seed removal in a large-seeded palm by frugivore mammals in Western Ecuador. Tropical Conservation Science, 13. doi:10.1177/1940082920947041"
Estrada 1984,"Estrada, A., Coates-Estrada, R., & Vazquez-Yanes, C. (1984). Observations on fruiting and dispersers of Cecropia obtusifolia at Los Tuxtlas, Mexico. Biotropica, 16(4), 315-318. doi:10.2307/2387942"
Fadiman 2003,"Fadiman, M. G. (2003). Fibers from the forest: Mestizo, Afro-Ecuadorian and Chachi Ethnobotany of Piquigua (Heteropsis ecuadorensis, Araceae) and Mocora (Astrocaryum standleyanum, Arecaceae) in Northwestern Ecuador. (Doctoral dissertation). University of Texas at Austin, Ann Arbor, MI. ProQuest Information and Learning Company database."
Falotico 2018,"Falotico, T., Coutinho, P. H. M., Bueno, C. Q., Rufo, H. P., & Ottoni, E. B. (2018). Stone tool use by wild capuchin monkeys (Sapajus libidinosus) at Serra das Confusoes National Park, Brazil. Primates, 59(4), 385-394. doi:10.1007/s10329-018-0660-0"
Fanciullino 2008,"Fanciullino, A.-L., Cercós, M., Dhuique-Mayer, C., Froelicher, Y., Talón, M., Ollitrault, P., & Morillon, R. (2008). Changes in carotenoid content and biosynthetic gene expression in juice sacs of four orange varieties (Citrus sinensis) differing in flesh fruit color. Journal of Agricultural and Food Chemistery, 56, 3628–3638. doi:10.1021/jf0732051"
Farias 2015,"Farias, J., Sanchez, M., Abreu, M. F., & Pedroni, F. (2015). Seed dispersal and predation of Buchenavia tomentosa Eichler (Combretaceae) in a Cerrado sensu stricto, midwest Brazil. Braz J Biol, 75(4 Suppl 1), S88-96. doi:10.1590/1519-6984.06214"
Feer 1999,"Feer, F. (1999). Effects of dung beetles (Scarabaeidae) on seeds dispersed by howler monkeys (Alouatta seniculus) in the French Guianan rain forest. Journal of Tropical Ecology, 15(2), 129-142. doi:10.1017/s0266467499000711"
Felipe 2020,"Felipe, S. R. E., & Roberto, F. J. (2020). Guapira siqueirae (Nyctaginaceae, Pisonieae), a new species from Espírito Santo State, Brazil. Phytotaxa, 460(2), 143-148. doi:10.11646/phytotaxa.460.2.4"
Fernandes-Júnior 2017,"Fernandes-Júnior, A. J., Nunes, C. d. S., & Gil, A. d. S. B. (2017). Flora das cangas da Serra dos Carajás, Pará, Brasil: Meliaceae. Rodriguésia, 68(3), 1035-1039. doi:10.1590/2175-7860201768337"
Silveira 2010,"Silveira, F. A. O., Santos, J. C., & Fernandes, W.. (2010). Seed germination ecophysiology of the wild pineapple, Ananas ananassoides (Baker) L.B.Sm. (Bromeliaceae). Scientific Note, 24(4), 1100-1103."
Felisberto 2020,"Felisberto, M. H. F., Costa, M. S., Boas, F. V., Leivas, C. L., Franco, C. M. L., Souza, S. M. d., . . . Cordeiro, L. M. C. (2020). Characterization and technological properties of peach palm (Bactris gasipaes var. gasipaes) fruit starch. Food Research International, 136, 109569. doi:10.1016/j.foodres.2020.109569"
Ferraz 2013,"Ferraz, I. D. K., Arruda, Y. M. B. C., & Van Staden, J. (2013). Smoke-water effect on the germination of Amazonian tree species. South African Journal of Botany, 87, 122-128. doi:10.1016/j.sajb.2013.04.004"
Ferreira 1979,"Ferreira, A. G., & Handro, W. (1979). Aspects of seed germination in Araucsri angustifiolia (Bert.) O. Ktza. Revista Brasileira de Botânica, 2, 7-13. Retrieved from https://www.researchgate.net/publication/289245292_Aspects_of_seed_germination_in_Araucaria_angustifolia_Bert_O_Kuntz"
Ferreira 2020,"Ferreira, C. D., Silva-Cardoso, I. M. A., Ferreira, J. C. B., Da Silva Costa, F. H., & Scherwinski-Pereira, J. E. (2020). Morphostructural and histochemical dynamics of Euterpe precatoria (Arecaceae) germination. Journal of Plant Research, 133(5), 693-713. doi:10.1007/s10265-020-01219-7"
Ferreira 2016,"Ferreira, D. S., Gomes, A. L., Gomes da Silva, M., Alves, A. B., Dall Agnol, W. H., Ferrari, R. A., . . . Bertoldo Pacheco, M. T. (2016). Antioxidant capacity and chemical characterization of Açaí (Euterpe oleracea Mart.) fruit fractions. Food Science and Technology, 4(5), 95-102. doi:10.13189/fst.2016.040502"
Ferreira 2010,"Ferreira, R. G., Emidio, R. A., & Jerusalinsky, L. (2010). Three stones for three seeds: natural occurrence of selective tool use by Capuchins (Cebus libidinosus) based on an analysis of the weight of stones found at nutting sites. American Journal of Primatology, 72, 270-275. doi:10.1002/ajp.20771"
Flores 2021,"Flores, B. M., & Holmgren, M. (2021). Why forest fails to recover after repeated wildfires in Amazonian floodplains? Experimental evidence on tree recruitment limitation. Journal of Ecology, 109(10), 3473-3486. doi:10.1111/1365-2745.13769"
Flores 2004,"Flores, E. M. (2004). Minquartia guianensis Aubl. In J. A. Vozzo (Ed.), Tropical tree seed manual. Washington DC: U.S. Department of Agriculture, Forest Service."
Fonseca 2022,"Fonseca, A. M. A., Geraldi, M. V., Junior, M. R. M., Silvestre, A. J. D., & Rocha, S. M. (2022). Purple passion fruit (Passiflora edulis f. edulis): A comprehensive review on the nutritional value, phytochemical profile and associated health effects. Food Res Int, 160, 111665. doi:10.1016/j.foodres.2022.111665"
Forget 1992,"Forget, P.-M. (1992). Seed removal and seed fate in Gustavia superba (Lecythidaceae). Biotropica, 24(4), 408-414. doi:10.2307/2388611"
Forget 1991,"Forget, P.-M., & Milleron, T. (1991). Evidence for secondary seed dispersal by rodents in Panama. Oecologia, 87, 596-599."
Forget 2001,"Forget, P.-M., Rankin-De Merona, J. M., & Juillot, C. (2001). The effects of forest type, harvesting and stand refinement on early seedling recruitment in a tropical rain forest. Journal of Tropical Ecology, 17(4), 593-609. doi:10.1017/s0266467401001444"
Forget 2005,"Forget, P.-M., & Wenny, D. (2005). How to elucidate seed fate? A review of methods used to study seed removal and secondary seed dispersal. In Seed fate: predation, dispersal and seedling establishment (pp. 379-393). UK: CABI."
Forget 2007,"Forget, P. M., & Jansen, P. A. (2007). Hunting increases dispersal limitation in the tree Carapa procera, a nontimber forest product. Conservation Biology, 21(1), 106-113. doi:10.1111/j.1523-1739.2006.00590.x"
Forget 2006,"Forget, P. M., Milleron, T., Feer, F., Henry, O., & Dubost, G. (2006). Effects of Dispersal Pattern and Mammalian Herbivores on Seedling Recruitment for Virola michelii (Myristicaceae) in French Guiana1. Biotropica, 32(3), 452-462. doi:10.1111/j.1744-7429.2000.tb00492.x"
Fournier 2004,"Fournier, L. A. (2004). Cecropia obtusifolia Bertol. In J. A. Vozzo (Ed.), Tropical tree seed manual. Washington DC: United States Department of Agriculture Forest Service."
Fragoso 1994,"Fragoso, J. M. V. (1994). Large mammals and the community dynamics of an Amazonian rain forest. (Unpublished doctoral dissertation). University of Florida, Gainesville, FL."
Francis 2004,"Francis, J. K. (2004). Wildland shrubs of the United States and its territories: thamnic descriptions: volume 1 (Vol. 1). San Juan, PR: USA: U.S. Department of Agriculture, Forest Service, Rocky Mountain Research Station."
Franco-Mora 2015,"Franco-Mora, O., Morales P, A. A., Mirelles V, A. D., Castañeda-Vildózola, A., & Sánchez-Pale, J. R. (2015). Searching alternative uses for Cissus tiliacea Kunth fruit in Central Mexico: seed oil and fruit liquor. Genetic Resources and Crop Evolution, 63(1), 141-149. doi:10.1007/s10722-015-0343-2"
Frédéric 2009,"Frédéric, M. B. J. (2009). Survey of the Menispermaceae endocarps. Adansonia, 31(1), 47-87. doi:10.5252/a2009n1a4"
Martins 2022,"Martins, G. R., Mattos, M. M. G., Nascimento, F. M., Brum, F. L., Mohana-Borges, R., Figueiredo, N. G., Neto, D. F. M., Domont, B., Nogueira, F. C. S., . . . Silva, A. S. d. (2022). Phenolic profile and antioxidant properties in extracts of developing açaí (Euterpe oleracea Mart.) seeds. Journal of Agricultural and Food Chemistery, 70(51), 16218-16228. doi:10.1021/acs.jafc.2c07028"
Galetti 2011,"Galetti, M., Pizo, M. A., & Morellato, L. P. C. (2011). Diversity of functional traits of fleshy fruits in a species-rich Atlantic rain forest. Biota Neotropica, 11(1), 181-193. doi:10.1590/S1676-06032011000100019"
Gallery 2009,"Gallery, R. E., Moore, D. J. P., & Dalling, J. W. (2009). Interspecific variation in susceptibility to fungal pathogens in seeds of 10 tree species in the neotropical genus Cecropia. Journal of Ecology, 98(1), 147-155. doi:10.1111/j.1365-2745.2009.01589.x"
Gálvez 2007,"Gálvez, D., & Jansen, P. A. (2007). Bruchid beetle infestation and the value of Attalea butyracea endocarps for neotropical rodents. Journal of Tropical Ecology, 23(3), 381-384. doi:10.1017/s0266467407003975"
García 2020,"García, D. G. (2020). Diversidad funcional de aves frugívoras y plantas ornitócoras en un gradiente de regeneración de la cordillera Central de Colombia. (Unpublished master’s thesis). Pontificia Universidad Javeriana, Bogotá, Colombia."
Garcia-Orth 2008,"Garcia‐Orth, X., & Martínez‐Ramos, M. (2008). Seed Dynamics of Early and Late Successional Tree Species in Tropical Abandoned Pastures: Seed Burial as a Way of Evading Predation. Restoration Ecology, 16(3), 435-443. doi:10.1111/j.1526-100X.2007.00320.x"
New York Botanical Garden 1905+,"New York Botanical Garden. (1905+). North America flora. Bronx, NY: New York Botanical Garden."
Gardner 2021,"Gardner, E. M., Garner, M., Cowan, R., Dodsworth, S., Epitawalage, N., Arifiani, D., . . . Hipp, A. L. (2021). Repeated parallel losses of inflexed stamens in Moraceae: Phylogenomics and generic revision of the tribe Moreae and the reinstatement of the tribe Olmedieae (Moraceae). Taxon, 70(5), 946-988. doi:10.1002/tax.12526"
Gentile 2016,"Gentile, C., Reig, C., Corona, O., Todaro, A., Mazzaglia, A., Perrone, A., . . . Farina, V. (2016). Pomological traits, sensory profile and nutraceutical properties of nine cultivars of Loquat (Eriobotrya japonica Lindl.) fruits grown in Mediterranean area. Plant Foods for Human Nutrition, 71(3), 330-338. doi:10.1007/s11130-016-0564-3"
Gillett 1971,"Gillett, J. B., Polhill, R. M., & Verdcourt, B. (1971). Leguminosae (part 4) subfamily Papilionoideae (2). In Flora of Tropical East Africa (pp. 503-1109). London, UK: Kew Royal Botanical Gardens."
Gillij 2021,"Gillij, Y. G., Galussi, A. A., Prand, M. F., & Perisse, P. (2021). Quality and physical dormancy of seeds from Desmodium incanum DC. in the Entre Rios province, Argentina. Pastos y Forrajes, 44(1). Retrieved from link.gale.com/apps/doc/A663350163/AONE?u=nysl_oweb&sid=googleScholar&xid=b95b54fa"
Giraldo 2007,"Giraldo, P., Gómez-Posada, C., Martínez, J., & Kattan, G. (2007). Resource use and seed dispersal by red howler monkeys (Alouatta seniculus) in a Colombian Andean forest. Neotropical Primates, 14(2), 55-64. doi:10.1896/044.014.0202"
Céspedes 2021,"Céspedes, G. R. (2021). Guía de frutos: especies para arborización y restauración ecológica del Área Metropolitana de Asunción. Asunción, Paraguay: Ministerio del Ambiente y Desarrollo Sostenible/Programa de las Naciones Unidas para el Desarrollo/Equipo de Proyecto “Asunción Ciudad Verde de las Améicas - Vías a la Sustentabilidad”."
Rezende 2014,"Rezende, A. R. d., Romero, R., & Goldenberg, R. (2014). Sinopse de Miconia secao Minconia DC (Melastomataaeae) no estado de Minas Gerais, Brasil. Uberlandia, 30(1), 273-287."
Gomes 2015,"Gomes, V. G. N., & Araujo, A. C. (2015). Cacti species from the Brazilian Chaco: floral and fruit traits. Gaia scientia (2015). Edição especial cactaceae., 9(2). Retrieved from https://www.researchgate.net/publication/276274599_Cacti_species_from_the_Brazilian_Chaco_floral_and_fruit_traits"
Gompper 1996,"Gompper, M. E. (1996). Sociality and asociality in white-nosed coatis {Nasua narica): foraging costs and benefits. Behavioral Ecology, 7(3), 254-263. doi:10.1093/beheco/7.3.254"
Gonçalves 2017,"Gonçalves, G. G. (2017). Entobotânica de plantas almentícias em comunidades indígenas multiétnicas do baixo rio uaupés - Amazonas. (Unpublished doctoral's dissertation). Universidade Estadual Paulista, Brazil."
Grafton 2004,"Grafton, B. W. (2004). Primates and seed shadows: mapping seed dispersal by red howler monkeys (Aluatta seniculus) using plant DNA fingerprinting. (Doctoral dissertation). Kent State University, Ann Arbor, Ml. ProQuest Information and Learning Company database."
Grayum 2009,"Grayum, M. H. (2009). Two new Trifoliolate-leaved species of Cucurbitaceae (Cucurbiteae) from Central and South America. Novon: A Journal for Botanical Nomenclature, 19(4), 465-474. doi:10.3417/2007164"
García-Ramis 1991,"García-Ramis, G. (1991). Sapucaia nuts - the genus Lecythis In Wanatca Yearbook 1991 (Vol. 16). Subiaco, WA: West Australian Nut and Tree Crops Association (Inc.)."
Guariguata 2000,"Guariguata, M. R. (2000). Seed and Seedling Ecology of Tree Species in Neotropical Secondary Forests: Management Implications. Ecological Applications, 10(1), 145-154. doi:10.1890/1051-0761(2000)010[0145:Saseot]2.0.Co;2"
Guimarães 2008,"Guimarães, P. R., Galetti, M., & Jordano, P. (2008). Seed dispersal anachronisms: rethinking the fruits extinct megafauna ate. PLoS One, 3(3), e1745. doi:10.1371/journal.pone.0001745"
Guix 2006,"Guix, J. C. (2006). Complex plant-disperser-pest interactions in NW Amazonia: beetle larvae and companions travelling inside Attalea maripa palm nuts. Orsis, 21, 83-90. Retrieved from https://ddd.uab.cat/pub/orsis/02134039v21/02134039v21p83.pdf"
Guzmán 2011,"Guzmán, A., & Stevenson, P. R. (2011). A new hypothesis for the importance of seed dispersal in time. Revista de Biología Tropical, 59(4), 1795-1803. Retrieved from https://www.researchgate.net/publication/51971703_A_new_hypothesis_for_the_importance_of_seed_dispersal_in_time"
Guzmán 2023,"Guzmán, M. N. N., Beltrán, L. C., Rodriguez, C. H., & Roa-Fuentes, L. L. (2023). Functional seed traits as predictors of germination and seedling growth for species with potential for restoration in Caquetá, Colombia. Trees, 37(3), 947-961. doi:10.1007/s00468-023-02396-3"
Hall 1994,"Hall, P., Orrell, L. C., & Bawa, K. S. (1994). Genetic diversity and mating system in a tropical tree, Carapa guianensis (Meliaceae). American Journal of Botany, 81(9), 1104-1111. doi:10.1002/j.1537-2197.1994.tb15604.x"
Hallwachs 1994,"Hallwachs, W. (1994). The clumsy dance between Agoutis and plants: scatterhording by Costa Rican dry forest Agoutis (Dasyprocta punctata: Dasyproctidae: Rodentia). (Doctoral dissertation). Cornell University, Ann Arbor, Michigan. Proquest database."
Hammel 1986,"Hammel, B. E. (1986). Moraceae. Selbyana, 9(1), 243-259. Retrieved from http://www.jstor.org/stable/41888810"
Hammond 1995,"Hammond, D. S., & Brown, V. K. (1995). Seed Size of Woody Plants in Relation to Disturbance, Dispersal, Soil Type in Wet Neotropical Forests. Ecology, 76(8), 2544-2561. doi:10.2307/2265827"
Hanson 2008,"Hanson, T. R., Brunsfeld, S. J., Finegan, B., & Waits, L. P. (2008). Pollen dispersal and genetic structure of the tropical tree Dipteryx panamensis in a fragmented Costa Rican landscape. Molecular Ecology, 17(8), 2060-2073. doi:10.1111/j.1365-294X.2008.03726.x"
Haq 2006,"Haq, N. (2006). Jackfruit Artocarpus heterophyllus. In J. T. Williams, R. W. Smith, & Z. Dunsiger (Eds.), Fruits for the future (pp. 4-11). Southampton, UK: Southampton Center for Underutilised Crops."
Hardy 2006,"Hardy, O. J., Maggia, L., Bandou, E., Breyne, P., Caron, H., Chevallier, M. H., . . . Degen, B. (2006). Mestizo, Afro-Ecuadorian and Chachi Ethnobotany of Piquigua (Heteropsis ecuadorensis, Araceae) and Mocora (Astrocaryum standleyanum, Arecaceae) in Northwestern Ecuador. Molecular Ecology, 15(2), 559-571. doi:10.1111/j.1365-294X.2005.02785.x"
Harms 1997,"Harms, K. E., & Dalling, J. W. (1997). Damage and herbivory toerance through resprouting as an advantage of large seed sizes in tropical trees and lianas. Journal of Tropical Ecology(1), 617-621."
He 2020,"He, X., Luan, F., Yang, Y., Wang, Z., Zhao, Z., Fang, J., . . . Li, Y. (2020). Passiflora edulis: an insight into current researches on phytochemistry and pharmacology. Frontiers Pharmacology, 11, 617. doi:10.3389/fphar.2020.00617"
Heer 2015,"Heer, K., Kalko, E. K., Albrecht, L., Garcia-Villacorta, R., Staeps, F. C., Herre, E. A., & Dick, C. W. (2015). Spatial Scales of Genetic Structure in Free-Standing and Strangler Figs (Ficus, Moraceae) Inhabiting Neotropical Forests. PLoS One, 10(7), e0133581. doi:10.1371/journal.pone.0133581"
Heigl 2019,"Heigl, H. M. L., Kretschmann, J., Hilger, H. H., & Gottschling, M. (2019). Flower and fruit anatomy of Cordia nodosa Lam. and Varronia bonplandii Desv. (Cordiaceae, Boraginales) with phylogenetic implications. Organisms Diversity & Evolution (2020), 20(1), 9-24. doi:10.1007/s13127-019-00420-4"
Henderson 2002,"Henderson, A. (2002). Evolution and ecology of palms. Bronx, NY: New York Botanical Garden Press."
Henderson 1995,"Henderson, A., Galeano, G., & Bernal, R. (1995). Field guide to the palms of the Americas. Princeton, NJ: Princeton University Press."
Henry 2000,"Henry, O., Feer, F., & Sabatier, D. (2000). Diet of the lowland tapir (Tapirus terrestris L.) in French Guiana1. Biotropica, 32(2), 364-368. doi:10.1646/0006-3606(2000)032[0364:Dotltt]2.0.Co;2"
Junior 2021,"Junior, E. J. H., Hammes, J. K., Camelo, M. C., Coelho, M. A. N., & Temponi, L. G. (2021). Araceae from Serra do Brigadeiro State Park, Minas Gerais, Brazil. Phytotaxa, 497(3), 229-246. doi:10.11646/phytotaxa.497.3.3"
Herre 2023,"Herre, E. A., & West, S. A. (2023). Conflict of interest in a mutualism: documenting the elusive fig wasp-seed trade-off. Royal Society Publishing, 1501-1507. doi:10.1098/rspb.1997.0208"
Hiern 1873,"Hiern, W. P. (1873). A monograph of Ebenaceae. Cambridge, UK: Cambridge University Press."
Hirsch 2011,"Hirsch, B. T., Visser, M. D., Kays, R., & Jansen, P. A. (2011). Quantifying seed dispersal kernels from truncated seed‐tracking data. Methods in Ecology and Evolution, 3(3), 595-602. doi:10.1111/j.2041-210X.2011.00183.x"
Hitchcook 1931,"Hitchcock, A. S. (1931). Poales, Poaceae (pars), part 4. In North American Flora (Poales) (Vol. 17, pp. 289-354). New York, NY: The New York Botanical Garden."
Hitchcook 1910,"Hitchcook, A. S., & Chase, A. (1910). The North American species of Panicum. Washington DC: U.S. Government Printing Office."
Hogan 2018,"Hogan, J. A., Herault, B., Bachelot, B. G., Jounieaux, Marianne , & Christopher, B. (2018). Understanding the recruitment response of juvenile Neotropical trees to logging intensity using functional traits. Ecological Applications, 28(8), 1-13. doi:10.1002/eap.1776"
Holl 2002,"Holl, K. D. (2002). Effect of shrubs on tree seedling establishment in an abandoned tropical pasture. Journal of Ecology, 90(1), 179-187. Retrieved from https://www.jstor.org/stable/3072330"
Hopkins 1986,"Hopkins, H. C. F. (1986). Parkia (Leguminosae: Mimosoideae). Flora Neotropica, 43, 1-123. Retrieved from https://www.jstor.org/stable/4393790"
Howard 2001,"Howard, F. W., Moore, D., Giblin-Davis, R. M., & Abad, R. G. (2001). Insects on palms. New York, NY: CABI Publishing."
Howard 1943,"Howard, R. A. (1943). Studies of the Icacinaceae, III: A revision of Emmotum. Journal of the Arnold Arboretum, 23(4), 479-494. Retrieved from https://www.jstor.org/stable/43781057"
Howe 1980,"Howe, H. F. (1980). Monkey dispersal and waste of a neotropical fruit. Ecology, 61(4), 944-959. doi:10.2307/1936763"
Howe 1981,"Howe, H. F. (1981). Dispersal of a neotropical nutmeg (Virola sebifera) by birds. The Aux, 98(1), 88-98. doi:doi.org/10.1093/auk/98.1.88"
Howe 1983,"Howe, H. F. (1983). Annual variation in a neotropical seed-dispersal system. In T. C. W. S. L. Sutton, A. C. Chadwick (Ed.), Tropical Rainforest: Ecology and Management (pp. 211-222). Chicago: Blackwell Scientific."
Howe and Kerckhove 1981,"Howe, H. F., & Kerckhove, G. A. V. (1981). Removal of wild nutmeg (Virola Surinamensis) crops by birds. Ecology, 62(4), 1093-1106. doi:10.2307/1937007"
Hyun 2010,"Hyun, T. K., Eom, S. H., Yu, C. Y., & Roitsch, T. (2010). Hovenia dulcis--an Asian traditional herb. Planta Med, 76(10), 943-949. doi:10.1055/s-0030-1249776"
Ibarra-Manríquez 2010,"Ibarra-Manríquez, G., & Cornejo-Tenorio, G. (2010). Diversidad de frutos de los arboles del bosque tropical perennifolo de Mexico. Acta Botanica Mexicana, 90, 51-104. doi:10.21829/abm90.2010.299"
Ibarra-Manríquez 1992,"Ibarra-Manríquez, G., & Oyama, K. (1992). Ecological correlates of reproductive traits of Mexican rain forest trees. American Journal of Botany, 79(4). doi:10.1002/j.1537-2197.1992.tb14565.x"
Ionescu 2017,"Ionescu, N. (2017). Fruits variability of Cynodon dactylon (l.) Pers. Weed. Current Trends in Natural Sciences, 6(12), 46-53. Retrieved from http://www.natsci.upit.ro"
Venereo 2014,"Venereo, I. H., & Hermosillo, M. D. S. (2014). Small ruminant management and feeding with high quality forages in the Caribbean. 1-119."
Andel 1977,"Andel, J. v., & Vera, F. (1977). Reproductive allocation in Senecio sylvaticus and Chamaenerion angustifolium in relation to mineral nutrition. Journal of Ecology, 65, 747-758. doi:10.2307/2259377"
Dallign 1997,"Dalling, J. W., Swaine, M. D., & Garwood, N. C. (1997). Soil seed bank community dynamics in seasonally moist lowland tropical forest, Panama. Journal of Tropical Ecology, 13(5), 659-680. doi:10.1017/S0266467400010853"
Dalling 2002,"Dalling, J. W., & Hubbell, S. P. (2002). Seed size, growth rate and gap microsite conditions as determinants of recruitment success for pioneer species. Journal of Ecology, 90, 557–568."
Dalling 1998,"Dalling, J. W., Hubbell, S. P., & Silvera, K. (1998). Seed dispersal, seedling establishment and gap partitioning among tropical pioneer trees. Journal of Ecology (1998), 86, 674-689."
Jagtap 2010,"Jagtap, U. B., Panaskar, S. N., & Bapat, V. A. (2010). Evaluation of antioxidant capacity and phenol content in jackfruit (Artocarpus heterophyllus Lam.) fruit pulp. Plant Foods Hum Nutr, 65(2), 99-104. doi:10.1007/s11130-010-0155-7"
Jansen 2010,"Jansen, P. A., Elschot, K., Verkerk, P. J., & Wright, S. J. (2010). Seed predation and defleshing in the agouti-dispersed palmAstrocaryum standleyanum. Journal of Tropical Ecology, 26(5), 473-480. doi:10.1017/s0266467410000337"
Jansen-Jacobs 2009,"Jansen-Jacobs, M. J. (2009). Flora of Guianas. Richmond, Surrey, U.K.: Royal Botanic Garden, Kew."
Janzen 1979,"Janzen, D. H. (1979). How many babies do figs pay for babies? Biotropica, 11(1), 48-50. doi:10.2307/2388172"
Jardim 1999,"Jardim, A. (1999). A Revision of Roucheria Planch, and Hebepetalum Benth. (Hugoniaceae). (Master's thesis). University of Missouri-St. Louis, Saint Louis, MO. UMI Company database."
Jensen 1995,"Jensen, O. H., & Balslev, H. (1995). Ethnobotany of the fiber palm Astrocaryum chambira (Arecaceae) in Amazonian Ecuador. Economic Botany, 49(3), 309-319."
Jesus 2003,"Jesus, M. A. d. (2003). Efeito dos extratos obtidos de Swartzia argentea Spruce ex Benth., S. laevicarpa Amshoff, S. panacoco (Aublet) Cowan, S. polyphylla DC. e de S. sericea Vogel da Amazônia Central sobre fungos degradadores de madeira. (Unpublished doctoral dissertation). Universidade Estadual Paulista, São Paulo, Brasil."
Jiang 2016,"Jiang, S., Luo, J., Xu, F., & Zhang, X. (2016). Transcriptome analysis reveals candidate genes involved in gibberellin-induced fruit setting in triploid loquat (Eriobotrya japonica). Frontier Plant Science, 7, 1924. doi:10.3389/fpls.2016.01924"
Keeley 1984,"Keeley, J. E., Keeley, S. C., Swift, C. C., & Lee, J. (1984). Seed predation due to the Yucca-moth symbiosis. The American Midland Naturalist, 112(1), 187-191. doi:10.2307/2425472"
Jones 1966,"Jones, Q., & Earle, F. R. (1966). Chemical analyses of seeds II: oil and protein content of 759 species. Economic Botany, 20(2), 127-155. doi:10.1007/BF02904010"
Jordano 1995,"Jordano, P. (1995). Angiosperm fleshy fruits and seed dispersers: a comparative analysis of adaptation and constraints in plant-animal interactions. The American Naturalist, 145(2), 163-191. Retrieved from https://www.jstor.org/stable/2463122"
Motta-Junior 2002,"Motta-Junior, J. C., & Martins, K. (2002). The frugivorous diet of the Maned Wolf, Chrysocyon brachyurus, in Brazil: ecology and conservation. In W. R. S. D. J. Levey, M. Galetti (Ed.), Seed Dispersal and Frugivory: Ecology, Evolution and Conservation (pp. 291-303). UK: CAB International."
Jose 2015,"Jose, D. A. S., Patricia, L. D. d. M., Francisco, I. d. S., & Maria, R. A. d. M. (2015). Physical-chemical characteristics and antioxidant potential of seed and pulp of Ximenia americana L. from the semiarid region of Brazil. African Journal of Biotechnology, 14(20), 1743-1752. doi:10.5897/ajb2015.14452"
Clark 1999,"Clark, R. D. Jr. (1999). The reporductive ecology of Vallisneria americana: the effect of seed pre-treatment and salinity of germination and the effects of salinity on seedling growth and survival. (Master's thesis). University of South Alabama, MI, USA. UMI database."
Bronstein 1987,"Bronstein, J. L., & Hoffmann, K. (1987). Spatial and temporal variation in frugivory at a neotropical fig, Ficus pertusa. Oikos, 49(3), 261-268. Retrieved from https://www.jstor.org/stable/3565760"
Julien-Laferriere 1999,"Julien-Laferriere, D. (1999). Fruit consumption, seed dispersal and seed fate in the vine Strychnos erichsonii in a French Guianan forest. Revue d’Écologie, 54(4), 315-326. Retrieved from https://hal.science/hal-03529149"
Jurrado 1991,"Jurado, E., Westoby, M., & Nelson, D. (1991). Diaspore weight, dispersal, growth form and perenniality of Central Australian plants. Journal of Ecology, 79(3), 811-828. Retrieved from https://www.jstor.org/stable/2260669"
Kahn 2008,"Kahn, F. (2008). The genus Astrocaryum (Arecaceae). Revista Peruana de Biologia, 15(1), 31-48. Retrieved from https://www.researchgate.net/publication/228694021_The_genus_Astrocaryum_Arecaceae#:~:text=Francis%20Kahn.%20Institute%20of%20Research%20for"
Kahn 1992,"Kahn, F., & Millán, B. (1992). Astrocaryum (Palmae) in Amazonia. A preliminary treatment. Bulletin de l’Institut français d’études andines, 21(2), 459-531. doi:10.3406/bifea.1992.1071"
Kattge 2011,"Kattge, J., DÍAz, S., Lavorel, S., Prentice, I. C., Leadley, P., BÖNisch, G., . . . Wirth, C. (2011). TRY – a global database of plant traits. Global Change Biology, 17(9), 2905-2935. doi:10.1111/j.1365-2486.2011.02451.x"
Kelly 1995,"Kelly, C. K. (1995). Seed size in tropical trees: a comparative study of factors affecting seed size in Peruvian angiosperms. Oecologia, 102, 377-388. doi:10.1007/BF00329805"
Kissling 2019,"Kissling, W. D., Balslev, H., Baker, W. J., Dransfield, J., Goldel, B., Lim, J. Y., . . . Svenning, J. C. (2019). PalmTraits 1.0, a species-level functional trait database of palms worldwide. Scientific Data, 6(1), 178. doi:10.1038/s41597-019-0189-0"
Klimas 2011,"Klimas, C. A., Kainer, K. A., Wadt, L. H., Staudhammer, C. L., Rigamonte-Azevedo, V., Correia, M. F., & da Silva Lima, L. M. (2011). Control of Carapa guianensis phenology and seed production at multiple scales: a five-year study exploring the influences of tree attributes, habitat heterogeneity and climate cues. Journal of Tropical Ecology, 28(1), 105-118. doi:10.1017/s0266467411000630"
Klinger 2013,"Klinger, R., & Rejmánek, M. (2013). Experimental seed predator removal reveals shifting importance of predation and dispersal limitation in early life history stages of ropical forest trees. Folia Geobotanica, 48(3), 415-435. doi:10.1007/s12224-013-9178-9"
Knogge and Heymann 2003,"Knogge, C., & Heymann, E. W. (2003). Seed dispersal by sympatric tamarins, Saguinus mystax and Saguinus fuscicollis: diversity and characteristics of plant species. Folia Primatol (Basel), 74(1), 33-47. doi:10.1159/000068392"
Knogge 2003,"Knogge, C., Tirado Herrera, E. R., & Heymann, E. W. (2003). Effects of passage through tamarin guts on the germination potential of dispersed seeds. International Journal of Primatology, 24(5), 1121-1128. doi:10.1023/A:1026236514523"
Knörr 2010,"Knörr, U. C. (2010). Fruit availability and dispersal processes in a highly fragmented landscape in the northeastern Brazilian Atlantic Forest region. (Unpublished doctoral's dissertation). Universität Ulm, Ulm, Germany."
Krukoff 1942,"Krukoff, B. A., & Monachino, J. (1942). Intermediae. Brittonia, 4(2), 295-305. doi:10.2307/2804717"
Kuprewicz 2013,"Kuprewicz, E. K. (2013). Mammal abundances and seed traits control the seed despersal and predation roles of terrestrial mammals in a Costa Rican Forest. Biotropics, 45(3), 333-342. doi:10.1111/btp.12014"
Landim 2002,"Landim, M. F., & Landrum, L. R. (2002). The genus Campomanesia (Myrtaceae) in Atlantic rainforest fragments in Sergipe, northeast region of Brazil. SIDA, 20(1), 205-214. Retrieved from https://www.jstor.org/stable/41968013#:~:text=Key%20words:%20Campomanesia,%20Myrtaceae,%20Sergipe,%20Atlantic"
Landrum 2017,"Landrum, L. R. (2017). The genus Psidium (Myrtaceae) in the state of Bahia, Brazil. Canotia, 13, 1-101. Retrieved from https://www.researchgate.net/publication/319230852_The_Genus_Psidium_Myrtaceae_in_the_State_of_Bahia_Brazil"
Lankoandé 2021,"Lankoandé, B., Ouattara, B., Bayen, P., & Ouédraogo, A. (2021). Assessing fruit production and harvesting effects on Carapa procera DC. population, a threatened oil tree in Burkina Faso, West Africa. Environmental Challenges, 4. doi:10.1016/j.envc.2021.100196"
Lapenta 2003,"Lapenta, M. J., De Oliveira, P. P., Kierluff, M. C. M., & Motta-Junior, J. C. (2003). Fruit exploitation by Golden Lion Tamarins (Leontopithecus rosalia) in the Uniäo Biological Reserve, Rio das Ostras, RJ - Brazil. Mammalia, 67(1), 41-46."
Laurindo 2020,"Laurindo, R. d. S., & Vizentin-Bugoni, J. (2020). Diversity of fruits in Artibeus lituratusdiet in urban and natural habitats in Brazil: a review. Journal of Tropical Ecology, 36(2), 65-71. doi:10.1017/s0266467419000373"
Lazure 2010,"Lazure, L., Bachand, M., Ansseasu, C., & Almeida-Cortez, J. (2010). Fate of native and introduced seeds consumed by captive white-lipped and collared peccaries (Tayassu pecari, Link 1795 and Pecari tajacu, Linnaeus 1758) in the Atlantic rainforest, Brazil. Brazilian Journal of Biology, 70(1), 47-53. doi:10.1590/S1519-69842010000100008"
Lee 2008,"Lee, J. (2008). Phenology and fate of palm fruits of two canopy palms: Welfia regia and Euterpe precatoria. (Unpublished Master's Thesis). Duke University, Durham, NC."
Lenz 2001,"Lenz, L. W. (2001). Seed dispersal in Yucca brevifolia (Agavaceae)-present and past, with consideration of the future of the species. Aliso: A Journal of Systematic and Floristic Botany, 20(2), 61-74. doi:10.1016/j.jaridenv.2011.12.012"
Lessa 2013,"Lessa, L. G., Geise, L., & Costa, F. N. (2013). Effects of gut passage on the germination of seeds ingested by didelphid marsupials in a neotropical savanna. Acta Botanica Brasilica, 27(3), 519-525."
Lescano 2018,"Lescano, C. H., de Oliveira, I. P., Freitas de Lima, F., Baldivia, D. d. S., Justi, P. N., Cardoso, C. A. L., . . . Sanjinez-Argandoña, E. J. (2018). Nutritional and chemical characterizations of fruits obtained from Syagrus romanzoffiana, Attalea dubia, Attalea phalerata and mauritia flexuosa. Journal of Food Measurement and Characterization, 12(2), 1284-1294. doi:10.1007/s11694-018-9742-3"
Lescano 2015,"Lescano, C. H., Oliveira, I. P., Silva, L. R., Baldivia, D. S., Sanjinez-Argandoña, E. J., Arruda, E. J., . . . Lima, F. F. (2015). Nutrients content, characterization and oil extraction from Acrocomia aculeata (Jacq.) Lodd. fruits. African Journal of Food Science, 9(3), 113-119. doi:10.5897/ajfs2014.1212"
Lima 2016,"Lima, L. R. d., Neto, A. R., Pereira, F. D., Silva, F. G., Menezes, C. C. E. d., & Santana, J. d. G. (2016). Germination and emergence of Mouriri elliptica mart., a rare medicinal fruit tree native to the Brazilian Cerrado biome. African Journal of Agricultural Research, 11(5), 400-406. doi:10.5897/ajar2015.10444"
Levin 1971,"Levin, G. A. (1971). Acalypha alopecuroidea. In Flora of North America: Magnoliophyta: Vitaceae to Garryaceae (Vol. 12, pp. 167). Oxford, UK: Oxford University Press."
Lewis 1988,"Lewis, G. P. (1988). Sesbania Adans. in the flora Zambesiaca region. Kirkia, 13(1), 11-51. Retrieved from https://www.jstor.org/stable/23502363"
Lidueña-Perez 2022,"Lidueña-Perez, K. I., Martelo-Solorzano, A. M., Payares-Diaz, I. R., Santos-Amaya, O. F., & Corredor-Prado, J. P. (2022). Ananas ananassoides (Baker) L.B.Sm. a bromeliad from the savanna: seed morpho-anatomy and histochemistry. Brazilian Journal of Biology, 84, e259454. doi:10.1590/1519-6984.259454"
Lim 2012,"Lim, T. K. (2012). Garcinia madruno. In Edible medicinal and non-medicinal plants (pp. 76-79). New York, NY: Springer."
Lima 2007,"Lima, E. C., Royer, B., Vaghetti, J. C., Brasil, J. L., Simon, N. M., Dos Santos, A. A., Jr., . . . Silva, E. A. (2007). Adsorption of Cu(II) on Araucaria angustifolia wastes: determination of the optimal conditions by statistic design of experiments. Journal of Hazard Material, 140(1-2), 211-220. doi:10.1016/j.jhazmat.2006.06.073"
Linares 2010,"Linares, E. L. (2010). Morfología de los frutiolos de Cecropia (Cecropiaceae) del Pacífico Columbiano y su valor taxonómico en el estudio de dietas de murciélagos. Botánica-Morfología, 32(2), 275-287. doi:10.15446/caldasia"
Link 2004,"Link, A., & Stevenson, P. R. (2004). Síndromes de dispersión en plantas dispersadas por animales en el Parque Nacional Tinigua, Colombia. Chilean Magazine of Natural History, 77, 319-334."
Linnebjerg 2009,"Linnebjerg, J. F., Hansen, D. M., & Olesen, J. M. (2009). Gut passage effect of the introduced red‐whiskered bulbul (Pycnonotus jocosus) on germination of invasive plant species in Mauritius. Austral Ecology, 34(3), 272-277. doi:10.1111/j.1442-9993.2008.01928.x"
Little 1964,"Little, E. L., & Wadsworth, F. H. (1964). Common trees of Puerto Rico and the Virgin Islands (Vol. 1). Washington DC: U.S. Department of Agriculture, Forest Service."
Liu 2016,"Liu, K., Wang, W., Guo, B. H., Gao, H., Liu, Y., Liu, X. H., . . . Cheng, K. (2016). Chemical evidence for potent xanthine oxidase inhibitory activity of ethyl acetate extract of Citrus aurantium L. dried immature fruits. Molecules, 21(3), 302. doi:10.3390/molecules21030302"
Loayza 2009,"Loayza, A. P. (2009). Closing the seed dispersal loop for Guettarda viburnoides (Rub.): connecting patterns of avian seed dispersal with population growth in a Neotropical savanna. (Unpublished doctoral dissertation). University of Missouri, Missouri, US."
Lobo 2015,"Lobo, J. A., Jimenez, D., Solis-Hernandez, W., & Fuchs, E. J. (2015). Lack of early inbreeding depression and distribution of selfing rates in the neotropical emergent tree Ceiba pentandra: assessment from several reproductive events. American Journal Botany, 102(6), 983-991. doi:10.3732/ajb.1400520"
Lobova 2003,"Lobova, T. A., Mori, S. A., Blanchard, F., Peckham, H., & Charles-Dominique, P. (2003). Cecropia as a food resource for bats in French Guiana and the significance of fruit structure in seed dispersal and longevity. American Journal of Botany, 90(3), 388-403. doi:10.3732/ajb.90.3.388"
Lonard 2017,"Lonard, R. I., Judd, F. W., Summy, K. R., DeYoe, H., & Stalter, R. (2017). The biological flora of coastal dunes and wetlands: Avic (L.). Journal of Coastal Research, 33(1), 191-207. doi:10.21 12 / JCOASTRES-D- 16-0001"
Londono 2007,"Londono, G. A., Munoz, M. C., & Rios, M. M. (2007). Density and natural history of the Sickle-winged guan (Chamaepetes goudotii) in the Central Andes, Colombia. The Wilson Journal of Ornithology, 119(2), 228-238. doi:10.1676/06-041.1"
Lopes 2023,"Lopes, I. T. (2023). Myristicaceae do Acre, Brasil. (Unpublished master's thesis). Instituto de Biociências da Universidade de São Paulo, San Paulo, Brazil."
Lopes 2014,"Lopes, J. d. C., & Mello-Silva, R. d. (2014). Annonaceae da Reserva Natural Vale, Linhares, Espírito Santo. Rodriguésia, 65(3), 599-635. doi:10.1590/2175-7860201465304"
Lopez 2004,"Lopez, J. E., & Vaughan, C. (2004). Observations on the role of frugivorous bats as seed dispersers in Costa Rican secondary humid forests. Acta Chiropterologica, 6(1), 111-119. doi:10.3161/001.006.0109"
Lorenzi 2010,"Lorenzi, H. (2010). Brazilian flora Lorenzi: Arecaceae (palms). Nova Odessa, Brazil: Instituto Plantarum de Estudos da Flora."
Loubry 1994,"Loubry, D. (1994). Incidence des insectes sur la chute prématurée des fruits de deux Caesalpiniaceae en forêt guyanaise: Dicorynia guianensis Amshoff et Vouacapoua americana Aublet. Acta Botanica Gallica, 141(3), 309-318. doi:10.1080/12538078.1994.10515164"
Lucas 2008,"Lucas, C. M. (2008). Within flood season variation in fruit consumption and seed dispersal by two Characin fishes of the Amazon. Biotropica, 40(5), 581-589. doi:10.1111/j.1744-7429.2008.00415.x"
Lucas 2012,"Lucas, C. M., Mekdeçe, F., Nascimento, C. M. N., Holanda, A.-S. S., Braga, J., Dias, S., . . . Suemitsu, C. (2012). Effects of short-term and prolonged saturation on seed germination of Amazonian floodplain forest species. Aquatic Botany, 99, 49-55. doi:10.1016/j.aquabot.2012.02.004"
Lücking 2001,"Lücking, R., & Matzer, M. (2001). High foliicolous lichen alpha-diversity on individual leaves in Costa Rica and Amazonian Ecuador. Biodiversity and Conservation, 10, 2139–2152. doi:10.1023/A:1013184623641"
Lughadha 2012,"Lughadha, E. M. N., Lucas, E. J., & Woodgyer, E. M. (2012). Additions to Myrcia s.l. from Eastern Brazil — taxonomic and nomenclatural novelties in Myrcia s.l. (Myrtaceae). Kew Bulletin, 67, 235-243. doi:10.1007/s12225-012-9350-z"
Luiz 2021,"Luiz, C. G. G., Fortuna, G. M., Henneberg, R., Bertazolli Filho, R., Montrucchio, D. P., Nascimento, E. d., . . . Ferreira, S. M. R. (2021). Avaliação da toxicidade aguda e subaguda do extrato de frutos de Jacaratia spinosa (Aubl.) A. DC em camundongos. Research, Society and Development, 10(7). doi:10.33448/rsd-v10i7.16366"
Luque 2019,"Luque, F. J., & Panilla, G. A. (2019). Juveniles of the overexploited Amazonian fish Colossoma macropomum (Characiformes: Serrasalmidae) as potential seed dispersers of Cecropia spp. International Journal of Tropical Biology, 67(2), 654-666. Retrieved from link.gale.com/apps/doc/A594318280/AONE?u=sunysb&sid=googleScholar&xid=58af32d4"
Maas 2001,"Maas, P. J. M., De Kamer, H. M.-v., Junikka, L., De Mello-Silva, R., & Raine, H. (2001). Annonnaceae from Central-eastern Brazil. Rodriguésia, 52(80), 65-98. doi:10.1590/2175-78602001528005"
Maas et al. 2007,"Maas, P. J. M., Maas, H., & Miralha, J. M. S. (2007). Florada da reserva ducke, Amazonas, Brasil: Annonaceae. Rodriguésia, 58(3), 617-662. Retrieved from https://www.jstor.org/stable/23498710"
Maas 2011,"Maas, P. J. M., & Westra, L. Y. T. (2011). A taxonomic survey of Guatteria section Mecocarpus including the genera Guatteriopsis and Guatteriella p.p. (Annonaceae). Blumea - Biodiversity, Evolution and Biogeography of Plants, 56(2), 113-145. doi:10.3767/000651911x588844"
Maas 2007,"Maas, P. J. M., Westra, L. Y. T. H., & Vermeer, M. (2007). Revision of the Neotropical genera Bocageopsis, Onychopetalum, and Unonopsis (Annonaceae). Blumea - Biodiversity, Evolution and Biogeography of Plants, 52(3), 413-554. doi:10.3767/000651907x608909"
Machado 2020,"Machado, A. I. M. R., & Rosana, R. (2020). Melastomataceae in the parque estadual da serra dourada, goiás state, Brazil. Phytotaxa, 450(1), 17-54. doi:10.11646/phytotaxa.450.1.3"
Machado 2000,"Machado, G., & Pizo, M. A. (2000). The use of fruits by the Neotropical harvestman Neosadocus variabilis (Opiliones, Laniatores, Gonyleptidae). Journal of Arachnology, 28(3), 357-360. doi:10.1636/0161-8202(2000)028[0357:Tuofbt]2.0.Co;2"
Machado 2021,"Machado, V. C. O., Freitas, S. F. d., Sousa, W. M. d., Santos, B. W. C. d., & Ferrão, T. d. S. (2021). Caracterização de frutos de Dialium Guianense cultivados na Região Norte do Brasil. Research, Society and Development, 10(17). doi:10.33448/rsd-v10i17.24231"
Machado 2015,"Machado, W., Guimarães, M. F., Lira, F. F., Santos, J. V. F., Takahashi, L. S. A., Leal, A. C., & Coelho, G. T. C. P. (2015). Evaluation of two fruit ecotypes (totai and sclerocarpa) of macaúba (Acrocomia aculeata). Industrial Crops and Products, 63, 287-293. doi:10.1016/j.indcrop.2014.11.002"
Magid 2006,"Magid, A. A., Voutquenne, L., Moretti, C., Long, C., & Lavaud, C. (2006). Triterpenoid saponins from the fruits of Caryocar glabrum. Journal of Natural Products, 69, 196-205. doi:10.1021/np050336s"
Maieves and López-Froilán et al. 2015,"Maieves, H. A., López-Froilán, R., Morales, P., Pérez-Rodríguez, M. L., Ribani, R. H., Cámara, M., & Sánchez-Mata, M. C. (2015). Antioxidant phytochemicals of Hovenia dulcis Thunb. peduncles in different maturity stages. Journal of Functional Foods 18, 1117-1124. https://doi.org/10.1016/j.jff.2015.01.044"
Maieves and Ribani et al. 2015,"Maieves, H. A., Ribani, R. H., Morales, P., & Sánchez-Mata, M. d. C. (2015). Evolution of the nutritional composition of Hovenia dulcis Thunb. pseudofruit during the maturation process. Fruits, 70(3), 181-187. doi:10.1051/fruits/2015011"
Maity 2016,"Maity, S., Das, K., & Mandal, N. (2016). To investigate which solvent extract (aqueous, methanol, acetone and hexane) of Apple banana is more potent content of phytocompound. International Journal of Physiology, Nutrition and Physical Education, 1(1), 33-45."
Mamiyil 2013,"Mamiyil, S., Alfred, J., & Sreejith, P. E. (2013). Musa velutina subsp. markkuana (Musaceae): a new subspecies from northeastern India. Phytotaxa, 92(2), 49-54. doi:10.11646/phytotaxa.92.2.3"
Mandon-Dalger 2004,"Mandon-Dalger, I., Clergeau, P., Tassin, J., Rivière, J.-N., & Gatti, S. (2004). Relationships between alien plants and an alien bird species on Reunion Island. Journal of Tropical Ecology, 20(6), 635-642. doi:10.1017/s0266467404001774"
Manhães 2010,"Manhães, M. A., Loures-Ribeiro, A., & Dias, M. M. (2010). Diet of understorey birds in two Atlantic forest areas of southeast Brazil. Journal of Natural History, 44(7-8), 469-489. doi:10.1080/00222930903380947"
Mantovani 2004,"Mantovani, A., Morellato, L. P. C., & Reis, M. S. D. (2004). Fenologia reprodutiva e produção de sementes em Araucaria angustifolia (Bert.) O. Kuntze. Revista Brasileña de Botánica, 27(4), 787-796. doi:10.1590/S0100-84042004000400017"
Pizo 1999,"Pizo, M. A., & Oliveira, P. S. (1999). Removal of seeds from vertebrate faeces by ants: effects of seed species and deposition site. Universidade Estadual de Campinas, 77, 1595–1602."
Marco 2018,"Marco, R.-J., Juan, S.-A., Alejandra, H.-C., José, M.-S., Francisco, E.-V., & José, L.-O. (2018). Evaluación de semilla de pastos cosechados en caminos y campos de cultivos. Abanico Veterinario, 8(1), 36-46. doi:10.21929/abavet2018.81.3"
Melo 2007,"Melo, M. d. F. F., Macedo, S. T. d., & Daly, D. C. (2007). Morfologia de frutos, sementes e plântulas de nove espécies de Protium Burm. f. (Burseraceae) da Amazônia Central, Brasil. Acta Botania Brasilica, 21(3), 503-520. doi:10.1590/S0102-33062007000300001"
Silva 2001,"Silva, M. G., & Tabarelli, M. (2001). Seed dispersal, plant recruitment and spatial distribution of Bactris acanthocarpa Martius (Arecaceae) in a remnant of Atlantic forest in northeast Brazil. Acta Oecologica, 22, 259-268. doi:10.1016/S1146-609X(01)01117-1"
Monteiro 2007,"Monteiro, M. H. D. A., Neves, L. d. J., & Andreata, R. H. P. (2007). Taxonomia e anatomia das espécies de Pouteria Aublet (Sapotaceae) estado do Rio de Janerio, Brazil. Pesquisas Botânica, 58, 7-118."
Häkkinen 2008,"Häkkinen, M., & Väre, H. (2008). Taxonomic history and identity of Musa dasycarpa, M. velutina and M. assamica (Musaceae) in Southeast Asia. Journal of Systematics and Evolution, 46(2), 230-235. doi:10.3724/SP.J.1002.2008.07115"
Marsden 2013,"Marsden, B. W., Engelhardt, K. A. M., & Neel, M. C. (2013). Genetic rescue versus outbreeding depression in Vallisneria americana: Implications for mixing seed sources for restoration. Biological Conservation, 167, 203-214. doi:10.1016/j.biocon.2013.08.012"
Martelo-Solorzano 2022,"Martelo-Solorzano, A. M., Lidueña-Pérez, K. I., & Corredor-Prado, J. P. (2022). Seed’s morpho-anatomy and post-seminal development of Bromeliaceae from tropical dry forest. Rodriguésia, 73, e02122020. doi:10.1590/2175-7860202273050"
Marthews 2008,"Marthews, T. R., Mullins, C. E., Dalling, J. W., & Burslem, D. F. R. P. (2008). Burial and secondary dispersal of small seeds in a tropical forest. Journal of Tropical Ecology, 24(6), 595-605. doi:10.1017/s026646740800535x"
Martín-Gómez 2020,"Martín-Gómez, J. J., Gutiérrez del Pozo, D., Ucchesu, M., Bacchetta, G., Cabello Sáenz de Santamaría, F., Tocino, Á., & Cervantes, E. (2020). Seed Morphology in the Vitaceae Based on Geometric Models. Agronomy, 10(5). doi:10.3390/agronomy10050739"
Martínez-Sánchez 2011,"Martínez-Sánchez, J. L., & Kampichler, C. (2011). Ownership structure of protected areas influences the patterns of seed removal by mammals. International Journal of Biodiversity and Conservation, 3(1), 1-9. Retrieved from https://academicjournals.org/journal/IJBC/article-full-text-pdf/7A1D16E17192.pdf"
Almeida 2019,"Almeida, L. B. M. d., Coelho, J. B., Uchoa, M. A., & Gisloti, L. J. (2019). Diversity of fruit flies (Diptera: Tephritoidea) and their host plants in a conservation unit from midwestern Brazil. Florida Entomologist, 102(3), 562-570. doi:10.1653/024.102.0333"
Martins 2022,"Martins, G. R., Mattos, M. M. G., Nascimento, F. M., Brum, F. L., Mohana-Borges, R., Figueiredo, N. G., . . . Sant'Ana da Silva, A. (2022). Phenolic profile and antioxidant properties in extracts of developing Acai (Euterpe oleracea Mart.) seeds. Journal Agricultural and Food Chemistery, 70(51), 16218-16228. doi:10.1021/acs.jafc.2c07028"
Martins 2012,"Martins, S., & Scatena, V. L. (2012). Developmental anatomy of Cyperus laxus (non-Nranz) and Fimbristylis dichotoma (Kranz) (Cyperaceae, Poales) and tissue continuity. Annals of the Brazilian Academy of Science, 85(2), 602-613. doi:10.1590/S0001-37652013005000032"
Maruyama 2019,"Maruyama, P. K., Melo, C., Pascoal, C., Vicente, E., Cardoso, J. C. F., Brito, V. L. G., & Oliveira, P. E. (2019). What is on the menu for frugivorous birds in the Cerrado? Fruiting phenology and nutritional traits highlight the importance of habitat complementarity. Acta Botanica Brasilica, 33(3), 572-583. doi:10.1590/0102-33062019abb0221"
Marzinek 2003,"Marzinek, J., & Mourão, K. S. M. (2003). Morphology and anatomy of the fruit and seed in development of Chorisia speciosa A. St.-Hil. - Bombacaceae. Revista Brasileira de Botânica, 26(1), 23-34. doi:10.1590/s0100-84042003000100004"
Galetti 2015,"Galetti, M., Guevara, R., Galbiati, L. A., Neves, C. L., Rodarte, R. R., & Mendes, C. P. (2015). Seed predation by rodents and implications for plant recruitment in defaunated Atlantic forests. Biotropica, 47(5), 521-525. Retrieved from https://www.jstor.org/stable/10.2307/48575010"
Maxwell 1970,"Maxwell, R. H. (1970). The genus Dioclea (Fabaceae) in the new world. (Doctoral dissertation). Southern Illinois University, Ann Arbor, MI. ProQuest LLC database."
Mazzottini-dos-Santos 2014,"Mazzottini-dos-Santos, H. C., Ribeiro, L. M., Mercadante-Simões, M. O., & Sant’Anna-Santos, B. F. (2014). Ontogenesis of the pseudomonomerous fruits of Acrocomia aculeata (Arecaceae): a new approach to the development of pyrenarium fruits. Trees, 29(1), 199-214. doi:10.1007/s00468-014-1104-0"
McChesney 2010,"McChesney, L. D. (2010). Competition between Hydrilla verticillata and Vallisneria americana in an observational field study and greenhouse experiment. (Published doctoral dissertation.). University of Maryland, MD, US."
McFarland 2006,"McFarland, D. G. (2006). Reproductive ecology of Vallisneria americana Michaux. Submerged Aquatic Vegetation, 6(4), 1-27."
Medeiros 2016,"Medeiros, H., Forzza, R. C., & Acevedo-Rodríguez, P. (2016). Wild Relatives of Guaraná (Paullinia cupana, Sapindaceae) in Southwestern Brazilian Amazon. Systematic Botany, 41(1), 202-228. doi:10.1600/036364416x690606"
Meiga 2015,"Meiga, A. Y. Y., & Christianini, A. V. (2015). Changes in seed predation of Attalea dubia in a gradient of Atlantic forest disturbance in Brazil. Palms, 59(3), 135-144. Retrieved from https://www.researchgate.net/publication/282086016_Changes_in_seed_predation_of_Attalea_dubia_in_a_gradient_of_Atlantic_forest_disturbance_in_Brazil"
Michaud 1991,"Michaud, J. P. (1991). Biomass allocation in Fireweed Epilobium angustifolium L. (Onagraceae) in response to simulated defoliation. Botanical Gazette, 152(2), 208-213. Retrieved from https://www.jstor.org/stable/2995319"
Miller 2004,"Miller, K. E., & Dietz, J. M. (2004). Fruit yield, not DBH or fruit crown volume, correlates with time spent feeding on fruits by wild Leontopithecus rosalia. International Journal of Primatology, 25(1), 27-39. doi:10.1023/B:IJOP.0000014643.20674.97"
Milliken 2009,"Milliken, W. (2009). Neotropical Menispermaceae. In W. Milliken, B. Klitgaard, & A. Baracat (Eds.), Neotropikey - interactive key and information resources for flowering plants of the neotropics. United Kingdom: Royal Botanical Garden, Kew."
Monica 1996,"Monica, M. R., Borchsenius, F., & Blicher-Mathiesen, U. (1996). Notes on the biology and uses of the Motacu palm (Attalea phalerata, Arecaceae) from Bolivia. Economic Botany, 50(4), 423-428. doi:10.1007/BF02866525"
Montes-Rodriguez 2022,"Montes-Rodriguez, C. A., Herrera-suarez, M., & Lopez-zamora, M. E. (2022). Macrostructural properties of Tagua nuts (Phytelephas Aequatorialis) for the stimulation of polishing med. INMATEH Agricultural Engineering, 68(3), 757-766. doi:10.35633/inmateh-68-75"
Mora 2009,"Mora, V. H. F., Franco-Mora, O., López-Sandoval, J. A., de Jesús Pérez-López, D., & Balbuena-Melgarejo, A. (2009). Characterization of wild plum (Ximenia americana L. var. americana; Olacaceae) fruit growing at Tepexi de Rodríguez, Puebla, Mexico. Genetic Resources and Crop Evolution, 56(5), 719-727. doi:10.1007/s10722-009-9422-6"
Moraes 2018,"Moraes, K. N. O., de Campos Almeida, M., Pinheiro, R. M., & Queiroz Dias, M. R. (2018). Avaliacao biometrica de sementes de Agonandra brasiliensis miersex benth. & hook f. (Opiliaceae). South American Journal of Basic Education, Technical and Technological, 5(1), 170-176. Retrieved from https://www.researchgate.net/publication/346401215"
Moraes 2007,"Moraes, P. L. R. d. (2007). A series of manuals dedicated to capacity building in taxonomy and collection management. United Kingdom: ABC Taxa."
Moraes 2016,"Moraes R, M., & Pintaud, J.-C. (2016). Attalea blepharopus Mart. (Arecaceae) from Bolivia Revisited since Martius. Candollea, 71(1), 27-32. doi:10.15553/c2016v711a6"
Mori 1998,"Mori, S. A., & Brown, J. L. (1998). Epizoochorous dispersal by barbs, hooks, and spines in a lowland moist forest in central French Guiana. Brittonia, 50(2), 165-173. doi:10.2307/2807846"
Mori 1990,"Mori, S. A., Prance, G. T., & de Zeeuw, C. H. (1990). Lecythidaceae, Part 2. The zygomorphic-flowered New World genera (Couroupita, Corythophora, Bertholletia, Couratari, Eschweilera, & Lecythis), with a study of secondary xylem of Neotropical Lecythidaceae. Flora Neotropica, 21(2), 1-373. Retrieved from https://www.jstor.org/stable/4393724"
Morley 1976,"Morley, T. (1976). Memecyleae (Melastomataceae). Flora Neotropica, 15, 1-295. Retrieved from https://www.jstor.org/stable/4393703"
Morrison 1980,"Morrison, D. W. (1980). Foraging and day-roosting dynamics of canopy fruit bats in Panama. Journal of Mammalogy, 61(1), 20-29. doi:10.2307/1379953"
Morshidi 1996,"Morshidi, M. (1996). Genetic variability in Carica papaya and related species. (PhD in Horticulture Unpublished doctoral dissertation). University of Hawaii, Honolulu, HI."
Morton 1987,"Morton, J. (1987). Orange. In In: Fruits of warm climates (pp. 134-142). Brattleboro, VT: Echo Point Books and Media."
Mota 2012,"Mota, E. D. H. (2012). Diásporos e plântulas de espécies lenhosas de mata de galeria: biometria, morfologia e aspectos da germinação e do desenvolvimento inicial. (Unpublished master's thesis). Universidade de Brasília, Brazil."
Munin 2011,"Munin, R. L., da Costa, P. C., & Fischer, E. (2011). Differential ingestion of fig seeds by a Neotropical bat, Platyrrhinus lineatus. Mammalian Biology, 76(6), 772-774. doi:10.1016/j.mambio.2010.12.006"
Mushtaq 2019,"Mushtaq, M., Akram, S., & Hasany, S. M. (2019). Seje (Oenocarpus/ Jessenia bataua) palm oil. In Fruit oils: chemistery and functionality (pp. 883-899). New York, NY: Springer."
Singh 2001,"Singh, N. P., Lakshminarasimhan, P., Karthikeyan, S., & Prasanna, P. V. (2001). Flora of Mahtra State (2 ed. Vol. 2). Kolkata: Botanical Survey of India."
Naranjo 2009,"Naranjo, M. C. G. (2009). Dispersión de semillas por parte de Alouatta seniculus en fragmentos de bosque (San MartÍn, Meta). (Unpublished undergraduate thesis). Pontificia Unviversidad Javeriana, Bogotá, D.C."
Wheelwright 2014,"Wheelwright, N. T., Haber, W. A., Murray, K. G., & Guindon, C. (2014). Tropical fruit-eating birds and their food plants: a survey of a Costa Rican lower montane forest. Biotropica, 16(3), 173-192. doi:10.2307/2388051"
Food & Agriculture Organization of the United Nations,"Food & Agriculture Organization of the United Nations (1986). Food and fruit-bearing forest species: examples from Latin America. Rome, Italy: Food & Agriculture Organization of the United Nations."
Priyanka 2002,"Priyanka, N., & Joshi, P. K. (2002). A review of Lantana camara studies in India. In International Journal of Scientific and Research Publications (Vol. 3, pp. 42-52). New Delhi, India: International Journal of Scientific and Research Publications."
Nepstad 1996,"Nepstad, D. C., Uhl, C., Pereira, C. A., & da Silva, J. M. C. (1996). A comparative study of tree establishment in abandoned pasture and mature forest of Eastern Amazonia. Oikoa, 76(1), 25-39. Retrieved from https://www.jstor.org/stable/3545745"
Nicolson 1988,"Nicolson, D. H. (1988). Flora of Dominica: Dicotyledoneae, Part 2. Washington DC: Smithsonian Institution Press."
Nkouam 2017,"Nkouam, G. B., Adjoh, G., Leudeu, C. B. T., Kouebou, C., Tchiegang, C., & Kapseu, C. (2017). Physico-chemical properties of fruits, seed and oil of kapok (Ceiba pentandra Gaertn.) tree of different provenances from the northern part of Cameroon. International Journal of Agriculture Innovations and Research, 6(2), 275-278. Retrieved from https://www.ijair.com/administrator/components/com_jresearch/files/publications/IJAIR_2528_FINAL.pdf"
Norden 2008,"Norden, N., Chave, J., Belbenoit, P., Caubère, A., Châtelet, P., Forget, P. M., . . . Thébaud, C. (2008). Interspecific variation in seedling responses to seed limitation and habitat conditions for 14 Neotropical woody species. Journal of Ecology, 97(1), 186-197. doi:10.1111/j.1365-2745.2008.01444.x"
Norden 2015,"Norden, N., & Stevenson, P. R. (2015). Influence of frugivore activity on the species abundance of seedlings and saplings in a lowland tropical forest in Colombia. Journal of Tropical Ecology, 31(4), 291-303. doi:10.1017/s0266467415000164"
Norford 2023,"Norford, A. B., Echeverry, K. N., Obregón, J. R., & Stevenson, P. R. (2023). A comparison of inter- and intraspecific variation in seed dispersal in three South American primates. Journal of Tropical Ecology, 37, e38. doi:10.1017/ S0266467423000263"
Nunes 2021,"Nunes, V. V., Silva-Mann, R., Souza, J. L., & Calazans, C. C. (2021). Geno-phenotypic diversity in a natural population of Hancornia speciosa Gomes: implications for conservation and improvement. Genetic Resources and Crop Evolution, 68(7), 2869-2882. doi:10.1007/s10722-021-01160-1"
Obregón 2007,"Obregón, J. R. (2007). Comparación de la cantidad y el tipo de semillas dispersadas por Cebus apella y Alouatta seniculus en un bosque fragmentado, San Martín, Meta. (Unpublished undergraduate thesis). Universidid de Los Andes, Bogotá, Colombia."
Ocampo 2013,"Ocampo, G., & Almeda, F. (2013). Seed diversity in the Miconieae (Melastomataceae): morphological. Phytotaxa, 80(1). doi:10.11646/phytotaxa.80.1.1"
Oliveira 2000,"Oliveira, A. C. M., & Ferrari, S. F. (2000). Seed dispersal by black-handed tamarins, Saguinus midas niger (Callitrichinae, Primates): implications for the regeneration of degraded forest habitats in eastern Amazonia. Journal of Tropical Ecology, 16(5), 709-716. doi:10.1017/s0266467400001668"
Oliveira 2023,"Oliveira, A. K. M., Matias, R., & Pina, J. C. (2023). Unonopsis guatterioides: morphological and chemical characteristics of its fruits and seeds, and germination processes under experimental conditions. Brazilian Journal of Biology, 83, e269219. doi:10.1590/1519-6984.269219"
Oliveira 2021,"Oliveira, L. d. G. R. d., & Garcia, F. C. P. (2021). Senna (Leguminosae-Caesalpinioideae) in Minas Gerais state, Brazil. Rodriguésia, 72. doi:10.1590/2175-7860202172104"
Oliveira 2022,"Oliveira, P. d., Benevides, C. R., Greco, A. V., Leão, L. C. S., Rodarte, A. T. d. A., & Lima, H. A. d. (2022). Fruiting phenology and dispersal syndromes in a sandy coastal plain in southeastern Brazil. Rodriguésia, 73. doi:10.1590/2175-7860202273047"
Ortiz 2018,"Ortiz, R. D. C. (2018). A taxonomic revision of Curarea Barneby & Krukoff (Menispermaceae). PhytoKeys(100), 9-89. doi:10.3897/phytokeys.100.21828"
Ortiz-Gentry 1999,"Ortiz-Gentry, R. d. C. (1999). Systematic revision of Curarea Bameby & Krukoff (Meni spermaceae). (Master's thesis). University o f Missouri-St. Louis, Ann Arbor, Ml. Bell & Howell Information and Learning database."
Otalakoski 2020,"Otalakoski, J., Silva, J. B. d., Franco, M. S., Silva, M. A. d. A., e, Rodrigues, D. B., . . . Tunes, L. V. M. d. (2020). Morphometry of fruits, seeds and seedlings of Vitex megapotamica (Lamiaceae). Acta Biológica Catarinense, 7(4), 58-64. doi:10.21726/abc.v7i4.21"
Paine 2016,"Paine, C. E. T., Beck, H., & Terborgh, J. (2016). How mammalian predation contributes to tropical tree community structure. Ecology, 97(12), 3326–3336. doi:10.1002/ecy.1586"
Palafox-Carlos 2012,"Palafox-Carlos, H., Yahia, E., Islas-Osuna, M. A., Gutierrez-Martinez, P., Robles-Sánchez, M., & González-Aguilar, G. A. (2012). Effect of ripeness stage of mango fruit (Mangifera indica L., cv. Ataulfo) on physiological parameters and antioxidant activity. Scientia Horticulturae, 135, 7-13. doi:10.1016/j.scienta.2011.11.027"
Paredes 2007,"Paredes, D. R. (2007). Efecto de la hojarasca en la germinación de algunas especies de plantas en bosques altamente intervenidos del piedemonte llanero, Colombia. (Unpublished undergraduate thesis). Universidad de Los Andes, Bogotá, Columbia."
Parolin 2000,"Parolin, P. (2000). Seed mass in Amazonian floodplain forests with contrasting nutrient supplies. Journal of Tropical Ecology, 16(3), 417-428. doi:10.1017/s0266467400001486"
Parolin 2003,"Parolin, P., Ferreira, L. V., & Junk, W. J. (2003). Germination characteristics and establishment of trees from central Amazonian flood plains. Tropical Ecology, 44(2), 157-169. Retrieved from https://www.researchgate.net/publication/255604353"
Parrado-Rosselli 2002,"Parrado-Rosselli, A., Cavelier, J., & Dulmen, A. v. (2002). Effect of fruit size on primary seed dispersal of five canopy tree species in the Columbian Amazon. Selbyana, 2, 245-257. Retrieved from https://www.jstor.org/stable/41760123"
Passos 2002,"Passos, L., & Oliveira, P. S. (2002). Ants affect the distribution and performance of seedlings of Clusia criuva, a primarily bird-dispersed rain forest tree. Journal of Ecology, 90, 517-528. doi:10.1046/j.1365-2745.2002.00687.x"
Díaz 2017,"Díaz, P. J., Shepherd, J. D., & Heleno, R. (2017). Guide to Galapagos seeds and propagules. Ecuador: Charles Darwin Foundation."
Paula 2009,"Paula, S., Arianoutsou, M., Kazanis, D., Tavsanoglu, Ç., Lloret, F., Buhk, C., . . . Pausas, J. G. (2009). Fire-related traits for plant species of the Mediterranean Basin. Ecology, 90(5), 1420. doi:10.1890/08-1309.1"
Paulino-Neto 2016,"Paulino-Neto, H. F., Nakano-Oliveira, E., Assis Jardim, M. M. d., & Vasconcellos-Neto, J. (2016). Frugivory in Bromelia balansae (Bromeliaceae): The effect of seed passage through the digestive system of potential seed dispersers on germination in an Atlantic Rainforest, Brazil. Journal of Ecosystem & Ecography, 06(04). doi:10.4172/2157-7625.1000224"
Pearson 2002,"Pearson, T. R. H., Burslem, D. F. R. P., Mullins, C. E., & Dalling, J. W. (2002). Germination ecology of neotropical pioneers: interacting effects of environmental conditions and seed size. Ecology, 83(10), 2798-2807. doi:10.1890/0012-9658(2002)083[2798:Geonpi]2.0.Co;2"
Araujo 2021,"Araujo, N. M. P., Arruda, H. S., Marques, D. R. P., Oliveira, W. Q. d., Pereira, G. A., & Pastore, G. M. (2021). Functional and nutritional properties of selected Amazon fruits: A review. Food Research International, 147, 110520. doi:10.1016/j.foodres.2021.110520"
Pellizzaro 2016,"Pellizzaro, K. F. (2016). Restauração ecologica por meio de semeaura direta no cerrado: avaliando espécies de diferentes formas de vida e densidades de plantio. (Unpublished master's thesis). Universidade de Brasília, Brazil."
Peña-Claros 2001,"Peña-Claros, M. (2001). Secondary forest succession proecesses affecting the regeneration of Bolivian tree species."
Pennington 2003,"Pennington, R. T. (2003). Monograph of Andira (Leguminosae-Papilionoideae). (64). Edinburgh, United Kingdom. Retrieved from https://www.jstor.org/stable/25027903"
Pennington 1981,"Pennington, T. D. (1981). Meliaceae. In Flora Neotropica monographs (pp. 1-359,418-449,459-470). Bronx, NY: New York Botanical Garden Press."
Pennington 2006 (Sapotaceae),"Pennington, T. D. (2006). Flora da Reserva Ducke, Amazonas, Brasil: Sapotaceae. Rodriguésia, 57(2), 251-366. doi:10.1590/2175-7860200657210"
Pennington 2006 (Meliaceae),"Pennington, T. D. (2006). Flora da reserva Ducke, Amazonas, Brazil: Meliaceae. Rodriguésia, 57(2), 207-246. doi:10.1590/2175-7860200657208"
Pennington 2013,"Pennington, T. D., & Clarkson, J. J. (2013). A Revision of Guarea (Meliaceae). Edinburgh Journal of Botany, 70(2), 179-362. doi:10.1017/s0960428613000036"
Pennington 2005,"Pennington, T. D., & Sarukhan, J. (2005). Arboles tropicales de Mexico: manual para la identificacion de las principales especies. Mexico City, Mexico: Universidad Nacional Autonoma de Mexico."
Peralta 2016,"Peralta, R. M., Koehnlein, E. A., Oliveira, R. F., Correa, V. G., Corrêa, R. C. G., Bertonha, L., . . . Ferreira, I. C. F. R. (2016). Biological activities and chemical constituents of Araucaria angustifolia : An effort to recover a species threatened by extinction. Trends in Food Science & Technology, 54, 85-93. doi:10.1016/j.tifs.2016.05.013"
Pereira and Barbosa et al. 2021,"Pereira, A. S. d. S., Barbosa, C. V. d. O., Silva, E. F. d., Guimarães, J. T. F., Filgueira, J. P. P. S., Teixeira, L. A., & Félix-da-Silva, M. M. (2021). Flora of Anacardium (Anacardiaceae) in the state of Pará, Brazil. Rodriguésia, 72. doi:10.1590/2175-7860202172112"
Pereira 2015,"Pereira, E. E., & Gouda, E. J. (2015). The magnificent and exuberant diversity of the Cerrado biome is being systematically destroyed, nevertheless it is still capable of showing us a novelty in Bromeliaceae. Journal of the Bromeliad Society, 65(1), 58-67."
Pereira and Coutinho et al. 2021,"Pereira, J. A. F., Coutinho, Í. A. C., Soares, E. L., Soares, A. A., Caetano, A. P. d. S., & Campos, F. d. A. d. P. (2021). Morphoanatomical and histochemical studies of the seed development of Euterpe oleracea (Arecaceae). Rodriguésia, 72. doi:10.1590/2175-7860202172048"
Peres 2000,"Peres, C. A. (2000). Identifying keystone plant resources in tropical forests: the case of gums from Parkia pods. Journal of Tropical Ecology, 16(2), 287-317. doi:10.1017/s0266467400001413"
Peres 2010,"Peres, M. K. (2010). Diásporos do cerrado atrativos para fauna: chave interativa, caracterização visual e relações ecológicas. (Unpublished master’s thesis). Universidade de Brasília, Brazil."
Zabala 2022,"Zabala, J. A. P. (2022). Taxonomic diversity, phylogeny, and diversification of the environmental niche of the genus Prunus L. with emphasis on the new world tropics. (Doctoral dissertation). University of California Davis, California, US. University of California Library database."
Pescador 2009,"Pescador, R., Kerbauy, G. B., Strassburg, R. C., & Kraus, J. E. (2009). Structural aspects of the zygotic embryogenesis of Acca sellowiana (O. Berg) Burret (Myrtaceae). Acta Botanica Brasilica, 23(1), 136-144. doi:10.1590/s0102-33062009000100017"
Grubb 1997,"Grubb, P. J., & Coomes, D. A. (1997). Seed mass and nutrient content in nutrient-starved tropical rainforest in Venezuela. Seed Science Research, 7, 269-280."
Piedade 2006,"Piedade, M. T. F., Parolin, P., & Junk, W. J. (2006). Phenology, fruit production and seed dispersal of Astrocaryum jauari (Arecaceae) in Amazonian black water floodplains. Revista de Biología Tropical, 54(4), 1171-1178."
Pikart 2010,"Pikart, T. G., Souza, G. K., Zanuncio, T. V., Zanetti, R., Polanczyk, R. A., Serrão, J. E., & Zanuncio, J. C. (2010). Dispersion of seeds of tree species by the leaf-cutting ant Acromyrmex subterraneus molestans (Hymenoptera: Formicidae) in Viçosa, Minas Gerais State, Brazil. Sociobiology, 56(3), 645-652. Retrieved from https://www.researchgate.net/publication/261833299_Dispersion_of_Seeds_of_Tree_Species_by_the_Leaf-Cutting_Ant_Acromyrmex_subterraneus_molestans_Hymenoptera_Formicidae_in_Vicosa_Minas_Gerais_State_Brazil"
Pilz 1981,"Pilz, G. E. (1981). Sapotaceae of Panama. Annals of the Missouri Botanical Garden, 68(1), 172-203. Retrieved from https://www.jstor.org/stable/2398820"
Pinzón-Navarro 2010,"Pinzón-Navarro, S., Barrios, H., Murria, C., Lyal, C. H., & Vogler, A. P. (2010). DNA-based taxonomy of larval stages reveals huge unknown species diversity in neotropical seed weevils (genus Conotrachelus): relevance to evolutionary ecology. Molecular Phylogenetics Evolution, 56(1), 281-293. doi:10.1016/j.ympev.2010.02.022"
Pires 2019,"Pires, M. B., Amante, E. R., Lopes, A. S., Rodrigues, A. M. d. C., & Silva, L. H. M. d. (2019). Peach palm flour (Bactris gasipae KUNTH): potential application in the food industry. Food Science and Technology, 39(3), 613-619. doi:10.1590/fst.34617"
Pizano 2011,"Pizano, C. (2011). Feedback dynamics between plants and soil microorganism in a fragmented landscape in the Tropical Andes. (Doctoral dissertation). University of Flordia, MI, USA. ProQuest database."
Pizo 2005,"Pizo, M. A., Guimaraes Jr, P. R., & Oliveira, P. S. (2005). Seed removal by ants from faeces produced by different vertebrate species. Écoscience, 12(1), 136-140. Retrieved from https://www2.ib.unicamp.br/profs/pso/pdf/pizoecoscience.pdf"
Pizo 2002,"Pizo, M. A., Silva, W. R., Galetti, M., & Laps, R. (2002). Frugivory in cotingas of the Atlantic Forest of southeast Brazil. Ararajuba, 10(2), 177-185. Retrieved from https://www.researchgate.net/publication/288776225_Frugivory_in_cotingas_of_the_Atlantic_Forest_of_southeast_Brazil"
Polak 1992,"Polak, A. M. (1992). Major timber trees of Guyana a field guide. Neatherlands: Tropenbos Internationals."
Possete 2015,"Possete, R. F. d. S., Mikich, S. B., Hatschbach, G. G., Ribas, O. D. S., & Liebsch, D. (2015). Floristic composition and dispersal syndromes in Araucaria Forest remnants in the municipality of Colombo, Paraná state, Brazil. Check List, 11(5), 1-14. doi:10.15560/11.5.1771"
Prance 1973,"Prance, G. T., & da Silva, M. F. (1973). Caryocaraceae. In M. F. d. S. Ghillean T. Prance (Ed.), Caryocaraceae (Vol. 12, pp. 1-75). New York: New York Botanical Garden Press."
Prance 2003,"Prance, G. T., & Sothers, C. A. (2003). Part 10 Chrysobalanaceae 2. Acioa to Magnistipula. Canberra, Australia: Australian Biological Resources Study."
Proenca 1991,"Proenca, C. E. B. (1991). The reproductive biology and taxonomy of the Myrtaceae of the distrito federal (Brazil). (Doctoral dissertation). University of St. Andrews, MI, USA. Proquest Dissertations and Theses database."
Purbajanti 2016,"Purbajanti, E. D., Setiadi, A., & Roessali, W. (2016). Variability and nutritive compounds of guava (Psidium guajava L.). Indian Journal Of Agricultural Research, 50(3), 273-277. doi:10.18805/ijare.v0iOF.10280"
Queenborough 2005,"Queenborough, S. A. (2005). Coexistence of the Myristicaeae in an Amazonian rain forest. University of Aberdeen, Ann Arbor, Ml. ProQuest LLC database."
Moraes 2014,"Moraes, M. (2014). Palmeras útiles de Bolivia. Las especies mayormente aprovechadas para diferentes fines y aplicaciones. Bolivia: Plural Editores Mocambique."
Raaimakers 1996,"Raaimakers, D., & Lambers, H. (1996). Response to phosphorus supply of tropical tree seedlings: a comparison between a pioneer species Tapirira obtusa and a climax species Lecythis corrugata. New Phytol, 132(1), 97-102. doi:10.1111/j.1469-8137.1996.tb04513.x"
Rabinowitz 1981,"Rabinowitz, D., & Rapp, J. K. (1981). Dispersal abilities of seven sparse and common grasses from a Missouri prairie. American Journal of Botany, 68(5), 616-624. doi:10.1002/j.1537-2197.1981.tb12393.x"
Radford 2010,"Radford, A. E., Ahles, H. E., & Bell, C. R. (2010). Manual of the vascular flora of the Carolinas. Chapel Hill, NC: University of North Carolina Press."
Raga 2011,"Raga, A., de Souza-Filho, M. F., Machado, R. A., Sato, M. E., & Siloto, R. C. (2011). Host ranges and infestation indices of fruit flies (Tephritidae) and lance flies (Lonchaeidae) in São Paulo State, Brazil. The Florida Entomologist, 94(4), 787-794. Retrieved from https://www.jstor.org/stable/23065830"
Ragusa-Netto 2002,"Ragusa-Netto, J. (2002). Fruiting phenology and consumption by birds in Ficus calyptroceras (Miq.) Miq. (Moraceae). Brazilian Journal of Biology, 62(2), 339-346. doi:10.1590/S1519-69842002000200018"
Ramírez et al. 2013,"Ramírez, M. A., Galvis, N. F., Vargas, S. A., Léon, J. J., Cifuentes, E. F., & Stevenson, P. R. (2013). Seed Dispersal by Woolly Monkeys in Cueva de los Guacharos National Park (Colombia): An Amazonian Primate Dispersing Montane Plants. In High Altitude Primates (pp. 103-114)."
Ramírez and Stevenson 2013,"Ramírez, M. A., & Stevenson, P. R. (2013). Why do ateline monkeys disperse seeds? In T. R. Defler, P. R. Stevenson, M. L. Bueno, & D. C. Guzmán-Caro (Eds.), Colombian Primates in Danger of Extinction (pp. 313-331). Bogota, Colombia: Colombian Primatological Association."
Ramirez-Niño 2018,"Ramirez-Niño, M. Á., Jiménez-Forero, J. A., Bernal-Salazar, J. P., & Osorio-Dueñas, M. D. (2018). Characterization of oil extracted from the kernel of the fruit of cumare’s palm (Astrocaryum chambira Barret). Revista Facultad Nacional de Agronomía, 71(1), 8415-8422. doi:10.15446/rfna.v71n1.69589"
Ramos 2004,"Ramos, F. A., Osorio, C., Duque, C., Cordero, C., Aristizábal, F., Garzón, C., & Fujimoto, Y. (2004). Estudio químico de la nuez del marañón gigante (Anacrdium giganteum). Revista de la Acadmia Columbiana de Ciencias, 28(109), 565-575. doi:10.18257/raccefyn.28(109).2004.2117"
Ramos 2020,"Ramos, R. S. (2020). Heisteria Jacq. (Olacaceae) na Amazônia Brasileira. (Master’s thesis). Universidade Federal Rural Da Amazônia, Washington, D.C. International Cataloging in Publications Data database."
Ramya 2012,"Ramya, S., Neethirajan, K., & Jayakumararaj, R. (2012). Profile of bioactive compounds in Syzygium cumini – a review. Journal of Pharmacy Research, 5(8), 4548-4553. doi:10.1039/c8fo00654g"
Rao 1956,"Rao, A. S. (1956). A Revision of Rauvolfia With Particular Reference to the American Species. Annals of the Missouri Botanical Garden, 43(3), 253-354. Retrieved from https://www.jstor.org/stable/2394642"
Raphael 2015,"Raphael, M. B., Chong, K. Y., Yap, V. B., & Tan, H. T. W. (2015). Comparing germination success and seedling traits between exotic and native pioneers: Cecropia pachystachya versus Macaranga gigantea. Plant Ecology, 216(7), 1019-1027. doi:10.1007/s11258-015-0486-4"
Ratiarison 2005,"Ratiarison, S., & Forget, P.-M. (2005). Frugivores and seed removal at Tetragastris altissima (Burseraceae) in a fragmented forested landscape of French Guiana. Journal of Tropical Ecology, 21(5), 501-508. doi:10.1017/s0266467405002518"
Ratiarison 2011,"Ratiarison, S., & Forget, P.-M. (2011). Fruit availability, frugivore satiation and seed removal in 2 primate-dispersed tree species. Integrative Zoology, 6(3), 178-194. doi:10.1111/j.1749-4877.2011.00243.x"
Rauber 2021,"Rauber, C. R., Toderke, M. L., Zini, A. d. S., Lima, L. C. P., Caxambu, M. G., Salas, R. M., . . . Temponi, L. G. (2021). Synopsis of Rubiaceae from the Iguaçu National Park, Paraná, Brazil. Rodriguésia, 72. doi:10.1590/2175-7860202172049"
Reynolds 1950,"Reynolds, G. W. (1950). The aloes of South Africa. Johannesburg, South Africa: Aloes of SA Book Fund."
Reys 2009,"Reys, P., Sabino, J., & Galetti, M. (2009). Frugivory by the fish Brycon hilarii (Characidae) in western Brazil. Acta Oecologica, 35(1), 136-141. doi:10.1016/j.actao.2008.09.007"
Ribeiro 2016,"Ribeiro, R. C., Figueiredo, M. L. N., Picorelli, A., Oliveira, D. M. T., & Silveira, F. A. O. (2016). Does seed coat structure modulate gut-passage effects on seed germination? Examples from Miconieae DC. (Melastomataceae). Seed Science Research, 26(2), 139-147. doi:10.1017/s0960258516000064"
Rich 1986,"Rich, P. M. (1986). Mechanical architecture of arborescent rain forest palm. Principes, 30(3), 117-131. Retrieved from https://www.researchgate.net/publication/237382490_Mechanical_Architecture_of_Arborescent_Rain_Forest_Palms"
Melo 2015,"Melo, R. B. d., Franco, A. C., Silva, C.O., Piedade, M. T. F., & Ferreira, C. S. (2015). Seed germination and seedling development in response to submergence in tree species of the Central Amazonian floodplains. AoB Plants, 7. doi:10.1093/aobpla/plv041"
Rivera 2014,"Rivera, L. E., Peãuela, M. C., & Moreno, F. (2014). Intra annual seed production and availability of two morphotypes of Brosimum rubescens taubert in forests of the Colombian Amazon. Biota Neotropica, 14(4). doi:10.1590/1676-06032014007313"
Rivett 2016,"Rivett, S. L., Bicknell, J. E., & Davies, Z. G. (2016). Effect of reduced-impact logging on seedling recruitment in a neotropical forest. Forest Ecology and Management, 367, 71-79. doi:10.1016/j.foreco.2016.02.022"
Robyns 1964,"Robyns, A. (1964). Flora of Panama. Part VI. Family 116. Bombacaceae. Annals of the Missouri Botanical Garden, 51, 37-68. doi:10.2307/2394901"
Rocas 2004,"Rocas, A. N. (2004). Pouteria sapota (Jacq.) H.E. Moore 7 Stearn. In J. A. Vozzo (Ed.), Tropical tree seed manual. Washington DC: U.S. Department of Agriculture, Forest Service."
Rodrigo 2003,"Rodrigo, M. J., Marcos, J. F., Alferez, F., Mallent, M. D., & Zacarias, L. (2003). Characterization of Pinalate, a novel Citrus sinensis mutant with a fruit-specific alteration that results in yellow pigmentation and decreased ABA content. Journal of Experimental Botany, 54(383), 727-738. doi:10.1093/jxb/erg083"
Rodrigues 2021,"Rodrigues, J. K., Cavalcanti, J. H. F., Silva, P. O., de Lima e Borges, E. E., Junior, A. d. R. N., & Gonçalves, J. F. d. C. (2021). Unraveling relationships of prompt germination among four species of Inga Mill detected by morpho-anatomical and histochemical traits. Flora, 285. doi:10.1016/j.flora.2021.151941"
Rodrigues 2006,"Rodrigues, R. B., Lichtenthäler, R., Zimmermann, B. F., Paragiannopoulos, M., Fabricius, H., & Marx, F. (2006). Total oxidant scavenging capacity of Euterpe oleracea Mart. (Ac¸aı´) seeds and identification of their polyphenolic compounds. Journal of Agricultural and Food Chemistery, 54, 4162−4167. doi:10.1021/jf058169p"
Roeder 2013,"Roeder, M., Ferraz, I. D., & Holscher, D. (2013). Seed and Germination Characteristics of 20 Amazonian Liana Species. Plants (Basel), 2(1), 1-15. doi:10.3390/plants2010001"
Souza 2006,"Souza, R. P. d., & Válio, I. F. M. (2006). Seed size, seed germination, and seedling survival of Brazilian tropical tree species differing in successional status. Biotropica, 33(3), 447-457. doi:10.1111/j.1744-7429.2001.tb00198.x"
Rogers 1984,"Rogers, G. K. (1984). Gleasonia, Henriquezia, and Platycarpum (Rubiaceae). In Flora Neotropica (Vol. 39, pp. 1-134). Bronx, NY: The New York Botanical Garden."
Montes 2014,"Montes, C., Teràn, V. F., Zuñiga, R. A., & Caldón, Y. E. (2014). Morphological discription of Bromelia karatas, a promissing genetical ressource for the Patia Vallez, Cauca, Columbia. Biotecnología en el Sector Agropecuario y Agroindustrial, 12(1), 62-70. Retrieved from https://www.researchgate.net/publication/317504182_MORPHOLOGICAL_DESCRIPTION_OF_Bromelia_karatas_A_PROMISSING_GENETICAL_RESSOURCE_FOR_THE_PATIA_VALLEZ_CAUCA_COLOMBIA"
Rojas 1998,"Rojas, C. B. d., & D'Arcy, W. G. (1998). The Genera Cestrum and Sessea (Solanaceae: Cestreae) in Venezuela. Annals of the Missouri Botanical Garden, 85(2), 272-351. Retrieved from https://www.jstor.org/stable/2992010"
Romero-González 2015,"Romero-González, G. A., & Aymard, G. (2015). ReconsideringStrychnos gubleri(Loganiaceae). Harvard Papers in Botany, 20(1), 29-37. doi:10.3100/hpib.v20iss1.2015.n3"
Ronchi-Teles 2011,"Ronchi-Teles, B., Dutra, V. S., & Silva, J. G. (2011). Host plant of Anastrepha pulchra (Diptera: Tephritidae) in Central Amazon, Brazil—Mistaken identity resolved. Florida Entomologist, 94(3), 719-720. doi:10.1653/024.094.0347"
Roosmalen 2000,"Roosmalen, M. G. M. V., & Garcia, O. M. d. C. G. (2000). Fruits of the Amazonian forest. Part II: Sapotaceae. Acta Amazonica, 30(2), 187-290. doi:10.1590/1809-43922000302290"
Roque 2009,"Roque, F., Hay, J. D. V., & Tidon, R. (2009). Breeding sites of drosophilids (Diptera) in the Brazilian Savanna. I. Fallen fruits of Emmotum nitens (Icacinaceae), Hancornia speciosa (Apocynaceae) and Anacardium humile (Anacardiaceae). Revista Brasileira de Entomologia, 53(2), 308–313. doi:10.1590/S0085-56262009000200016"
Rorato 2018,"Rorato, D., Araujo, M., Dutra, A., Turchetto, F., Tabaldi, L., & Mieth, P. (2018). Seed Analysis and Seedling Production of Matayba elaeagnoides Radlk. Floresta e Ambiente, 25(2). doi:10.1590/2179-8087.004316"
Rosa 2019,"Rosa, T. L. M., Araujo, C. P. d., Alexandre, R. S., Schmildt, E. R., & Lopes, J. C. (2019). Biometry and genetic diversity of paradise nut genotypes (Lecythidaceae). Pesquisa Agropecuária Brasileira, 54. doi:10.1590/s1678-3921.pab2019.v54.00240"
Roselin 2022,"Roselin, C., & Parameshwari, S. (2022). A systematic review on the materialistic use of Pithecellobium dulce in food formulations. Materials Today: Proceedings, 66, 996-1001. doi:10.1016/j.matpr.2022.04.779"
Rossi 2007,"Rossi, A., Rigano, D., Pergola, C., Formisano, C., Basile, A., Bramanti, P., . . . Sautebin, L. (2007). Inhibition of inducible nitric oxide synthase expression by an acetonic extract from Feijoa sellowiana Berg. fruits. Journal of Agricultural and Food Chemistery, 55(13), 5053-5061. doi:10.1021/jf070510d"
Runk 1998,"Runk, J. V. (1998). Productivity and sustainability of a vegetable ivory palm ( Phytelephas aequatorialis, arecaceae) under three management regimes in Northwestern Ecuador. Economic Botany, 52(2), 168-182. doi:10.1007/BF02861205"
Russo 1992,"Russo, S. E. (1992). Linking spatial patterns of seed dispersal and plant recruitment in a neotropical tree, Virola calophylla (Myristicaceae). (Doctoral dissertation). University of Illinois at Urbana-Champaign, Urbana, IL. ProQuest database."
A. C. A. Salamanca 2021,"Salamanca, A. C. A. (2021). Diversidad y usos de especies de cucurbitáceas (Cucurbitaceae) silvestres y cultivadas en el departamento de Casanare Orinoquia Colombiana. (Unpublished undergrad thesis). Universidad de la Salle, Columbia."
L. M. G. Salamanca 2021,"Salamanca, L. M. G. (2021). Un acercamiento holístico a la frugivoría en árboles premontanos del municipio de medina, cundinamarca. (Undergrad Thesis). Universidad El Bosque, Bogotá, Colombia."
Salazar 2011,"Salazar, A., Goldstein, G., Franco, A. C., & Miralles-Wilhelm, F. (2011). Timing of seed dispersal and dormancy, rather than persistent soil seed-banks, control seedling recruitment of woody plants in Neotropical savannas. Seed Science Research, 21(2), 103-116. doi:10.1017/s0960258510000413"
Sánchez 2013,"Sánchez, B. J. J. A. L., Br. Allison Licett Nuñez (2013). Caracteristícas de frutos consumidos por Saguinus nigrifons (primates - callitrichidae), en la estación biológica quebrada blaco, loreto perú. (Unpublished undergrad thesis). Universidad Nacional de la Amazonía Peru, Peru."
Ratiarison 2013,"Ratiarison, S., & Forget, P.-M. (2013). The role of frugivores in determining seed removal and dispersal in the neotropical nutmeg. Tropical Conservation Science, 6(5), 690-704."
Sandwith 1931,"Sandwith, N. Y. (1931). Contributions to the flora of tropical America. IV. & V. Bulletin of Miscellaneous Information (Royal Botanic Gardens, Kew), 1, 46-61. Retrieved from https://www.jstor.org/stable/4102590"
Sandwith 1933,"Sandwith, N. Y. (1933). Contributions to the flora of tropical America: XVI. Royal Botanic Gardens, Kew, 1933(7), 323-339. doi:doi.org/10.2307/4113561"
Santamaria-Aguilar 2019,"Santamaria-Aguilar, D., Aguilar, R., & Lagomarsino, L. P. (2019). A taxonomic synopsis of Virola (Myristicaceae) in Mesoamerica, including six new species. PhytoKeys, 134, 1-82. doi:10.3897/phytokeys.134.37979"
Santos 2021,"Santos, A. F., do Carmo, A. A. O., Harthman, V. C., Romagnolo, M. B., & Souza, L. A. (2021). Can fruit ontogenetic features prove to be an important tool in the circumscription of Psychotrieae alliance? Australian Systematic Botany, 34(6), 527-540. doi:10.1071/sb20020"
Santos 2018,"Santos, K. L. d., Donazzolo, J., Guries, R. P., Peroni, N., & Nodari, R. O. (2018). Participatory research with Acca sellowiana: stimulating the breeding process for a native fruit species. Agroecology and Sustainable Food Systems, 42(4), 432-447. doi:10.1080/21683565.2017.1373383"
Sarmento 2015,"Sarmento, S. F. (2015). Diversidade de Rubiaceae juss. na serra de Santa Catarina Paraíba, Brasil. (Unpublished undergrad thesis). Universidade Federal de Campina Granda, Brazil."
Sautu 2004,"Sautu, A. E. (2004). Ecology, morphology, and germination physiology of tree forest in the Panama canal watershed, with special referance to seed domancy classes along a precipitation gradient. (Master's thesis). University of Kentucky, Kentucky, US. UKnowledge database."
Scandaliaris 2013,"Scandaliaris, M., Arias, C. V., Molinelli, M. L., Lovey, R. J., Perissé, P., & Perez, V. M. (2013). Caracterización morfoanatómica de fruto, semilla y plántula de Desmodium incanum DC. (Fabaceae: Faboideae: Desmodieae). Arnalda, 20(1), 45-58. Retrieved from https://rdu.unc.edu.ar/handle/11086/24410"
Schaefer 2006,"Schaefer, H. M., & Schaefer, V. (2006). The fruits of selectivity: how birds forage on Goupia glabra fruits of different ripeness. Journal of Ornithology, 147(4), 638-643. doi:10.1007/s10336-006-0089-x"
Schaefer 2003,"Schaefer, H. M., Schmidt, V., & Winkler, H. (2003). Testing the defence trade‐off hypothesis: how contents of nutrients and secondary compounds affect fruit removal. Oikos, 102(2), 318-328. doi:10.1034/j.1600-0706.2003.11796.x"
Schnittler 2002,"Schnittler, M., & Stephenson, S. L. (2002). Inflorescences of neotropical herbs as a newly discovered microhabitat for Myxomycetes. Mycologia, 94(1), 6-20."
Schultes 1943,"Schultes, R. E. (1943). Plantae Austro-Americanae: - I : novae notiones conjuctionesque generak Harrana. Caldasia, 2(6), 11-26. Retrieved from https://www.jstor.org/stable/43405799"
Semirian 2017,"Semirian, C. A., & Isolde, D. K. F. (2017). Seed quality evaluation by tetrazolium staining during a desiccation study of the recalcitrant seeds of Carapa guianensis Aubl. and Carapa surinamensis Miq. - Meliaceae. African Journal of Agricultural Research, 12(12), 1005-1013. doi:10.5897/ajar2016.11854"
Sganzerla 2020,"Sganzerla, W. G., Rosa, G. B., Ferreira, A. L. A., da Rosa, C. G., Beling, P. C., Xavier, L. O., . . . de Lima Veeck, A. P. (2020). Bioactive food packaging based on starch, citric pectin and functionalized with Acca sellowiana waste by-product: Characterization and application in the postharvest conservation of apple. International Journal of Biological Macromolecules, 147, 295-303. doi:10.1016/j.ijbiomac.2020.01.074"
Shibata 2013,"Shibata, M., Coelho, C. M. M., & Steiner, N. (2013). Physiological quality of Araucaria angustifolia seeds at different stages of development. Seed Science and Technology, 41, 214-224."
Shiels 2010,"Shiels, A. B., & Drake, D. R. (2010). Are introduced rats (Rattus rattus) both seed predators and dispersers in Hawaii? Biological Invasions, 13(4), 883-894. doi:10.1007/s10530-010-9876-7"
Shukla 2007,"Shukla, V. K. S., & Jensen, O. H. (2007). Fatty composition and tocopherol content of Amazonian palm oils. Journal of Food Lipids, 3(2), 149-154. doi:10.1111/j.1745-4522.1996.tb00062.x"
Siliprandi 2016,"Siliprandi, N. C., Nogueira, E. M., Toledo, J. J., Fearnside, P. M., & Nascimento, H. E. (2016). Inter-site variation in allometry and wood density of Goupia glabra Aubl. in Amazonia. Brazilian Journal Biology, 76(1), 268-276. doi:10.1590/1519-6984.22514"
Silitonga 2012,"Silitonga, A. S., Mahlia, T. M. I., Masjuki, H. H., & Ong, H. C. (2012). Ceiba pentandra: a feasible non-edible oil source from biodiesel production. IGEC-DCCE, 110."
Silva 2011,"Silva, A. M., & Melo, C. d. (2011). Frugivory and seed dispersal by the Helmeted Manakin (Antilophia galeata) in forests of Brazilian Cerrado. Ornitologia Neotropical, 22, 69-77."
Silva 2003,"Silva, B. R. (2003). Contributions to the understanding of Andean and Amazonian aechmea subgenus Chevaliera (Bromeliaceae). Selbyana, 24(1), 46-63. Retrieved from https://www.jstor.org/stable/41750956"
Silva 2013,"Silva, d. O., & Gisele, W. (2013). A família Xyridaceae no município de Mucugê, BA, Brasil. Hoehnea, 40(1), 51-76. doi:https://doi.org/10.1590/S2236-89062013000100002"
Silva 2022,"Silva, M. V. C. C. d., Sousa, L. M. d., Ribeiro, R. d. T. M., Soares Neto, R. L., & Loiola, M. I. B. (2022). Flora of Ceará, Brazil: Rhamnaceae. Rodriguésia, 73. doi:10.1590/2175-7860202273110"
Silva 2020,"Silva, W. R., Zaniratto, C. P., Ferreira, J. O. V., Rigacci, E. D. B., Oliveira, J. F., Morandi, M. E. F., . . . Hampe, A. (2020). Inducing seed dispersal by generalist frugivores: a new technique to overcome dispersal limitation in restoration. Journal of Applied Ecology, 57(12), 2340-2348. doi:10.1111/1365-2664.13731"
Silva-Gonçalves 2014,"Silva-Gonçalves, K. C., Baumgratz, J. F. A., & Nunes-Freitas, A. F. (2014). Melastomataceae in a continental Atlantic Forest island from southeastern Brazil. Phytotaxa, 183(2), 61-92. doi:10.11646/phytotaxa.183.2.1"
Silveira 2012,"Silveira, F. A. O., Mafia, P. O., Lemos-Filho, J. P., & Fernandes, G. W. (2012). Species-specific outcomes of avian gut passage on germination of Melastomataceae seeds. Plant Ecology and Evolution, 145(3), 350-355. doi:10.5091/plecevo.2012.706"
Silvestre 2016,"Silvestre, S. M., da Rocha, P. A., da Cunha, M. A., Santana, J. P., & Ferrari, S. F. (2016). Diet and seed dispersal potential of the white-lined bat, Platyrrhinus lineatus (E. Geoffroy, 1810), at a site in northeastern Brazil. Studies on Neotropical Fauna and Environment, 51(1), 37-44. doi:10.1080/01650521.2016.1151244"
Pereira 2011,"Pereira, S. R., Giraldelli, G. R., Laura, V. A., & Souza, A. L. T. d. (2011). Tamanho de frutos e de sementes e sua influência na germinação de jatobá-do-cerrado (Hymenaea stigonocarpa var. stigonocarpa mart. ex hayne, leguminosae – caesalpinoideae). Revista Brasileira de Sementes, 33(1), 141-148."
Silvius 2002,"Silvius, K. M. (2002). Spatio-temporal patterns of palm endocarp use by three Amazonian forest mammals: granivory or ‘grubivory’? Journal of Tropical Ecology, 18(5), 707-723. doi:10.1017/s0266467402002468"
Simoes 2002,"Simoes, A. O., & Kinoshita, L. S. (2002). The Apocynaceae S. Str. of the Carrancas region, Minas Gerais, Brazil. Darwiniana, 10, 127-169. Retrieved from https://www.jstor.org/stable/23225171?seq=1&cid=pdfreference#references_tab_contents"
Simpson 2006,"Simpson, D. A. (2006). Flora da reserva Ducka, Amazonas, Brasil: Cyperaceae. Rodriguésia, 52(2), 171-188. doi:doi.org/10.1590/2175-7860200657204"
León 2020,"León, D. C. S., Ortíz, D. K. R., & González, D. F. J. (2020). Sensory approach and chiral analysis for determination of odour active compounds from feijoa (Acca sellowiana). Food Chem, 317, 126383. doi:10.1016/j.foodchem.2020.126383"
Smith 1938 (Virola),"Smith, A. C. (1938). Virola. Brittonia, 2(5), 453-509. doi:10.2307/2804799"
Smith 1938 (Iryanthera),"Smith, A. C. (1938). Iryanthera. New York Botanical Garden Press, 2(5), 424-451. doi:10.2307/2804803"
Smith 1940 (Salacia),"Smith, A. C. (1940). Salacia. Brittonia, 3(3), 423-463. doi:10.2307/2804633"
Smith 1940 (Peritassa),"Smith, A. C. (1940). Peritassa. Brittonia, 3(3), 502-525. doi:10.2307/2804635"
Smith 2016,"Smith, N. P., Mori, S. A., Siqueira, G. S., & Folli, D. A. (2016). Lecythis marcgraaviana (Lecythidaceae), an overlooked species from Eastern Brazil. Kew Bulletin, 71(1). doi:10.1007/s12225-016-9626-9"
Smith 2008,"Smith, S. Y., Collinson, M. E., & Rudall, P. J. (2008). Fossil cyclanthus (cyclanthaceae, pandanales) from the eocene of Germany and England. American Journal of Botany, 95(6), 688-699. doi:10.3732/ajb.2007390"
Soares 2013,"Soares, M. L., Mayo, S. J., & Gribel, R. (2013). A preliminary taxonomic revision of Heteropsis (Araceae). Systematic Botany, 38(4), 925-974. doi:10.1600/036364413x674715"
Soares 1994,"Soares, R. C. (1994). Factors affecting post-dispersal seed and seedling survival of common tree species in the Amazon forest. (Doctoral dissertation). Duke University, MI, USA. UMI database."
Soares 2021,"Soares, V. C., Daibes, L. F., Damasceno-Junior, G. A., & De Lima, L. B. (2021). Water immersion and one-year storage infuence seed germination of Copernicia alba palm tree from a neotropical wetland. Research Square. doi:10.21203/rs.3.rs-669351/v1"
Sousa 2013,"Sousa, L. A., Bautista, H. P., & Jardim, J. G. (2013). Diversidade florística de Rubiaceae na Serra da Fumaça – complexo de Serras da Jacobina, Bahia, Brasil. Biota Neotropica, 13(3), 289-313. doi:10.1590/S1676-06032013000300031"
Souza 2014,"Souza, I. M., Funch, L. S., & de Queiroz, L. P. (2014). Morphological analyses suggest a new taxonomic circumscription for Hymenaea courbaril L. (Leguminosae, Caesalpinioideae). PhytoKeys(38), 101-118. doi:10.3897/phytokeys.38.7408"
Smith 2007,"Smith, S. D., & Baum, D. A. (2007). Systematics of Iochrominae (Solanaceae): patterns in floral diversity and interspecific crossability. Acta Horticulturae, 745, 241-254."
Steven 1994,"Steven, D. d. (1994). Tropical tree seedling dynamics: recruitment patterns and their population consequences for three canopy species in Panama. Journal of Tropical Ecology, 10(3), 369-383. doi:10.1017/S0266467400008038"
Stevens 1957,"Stevens, O. A. (1957). Weights of seeds and numbers per plant. Weeds, 5(1), 46-55. doi:10.2307/4040327"
Stevenson 2002,"Stevenson, P. R. (2002). Frugivory and seed dispersal by woolly monkeys at Tinigua National Park, Colombia. (Doctoral dissertation). Stony Brook, New York, USA. ProQuest Information and Learning database."
Stevenson 2007,"Stevenson, P. R. (2007). Estimates of the number of seeds dispersed by a population of primates in a lowland forest in Western Amazonia. In Seed dispersal: theory and its application in changing the world (Vol. 15, pp. 340-364). UK: CAB International."
Stevenson 2021,"Stevenson, P. R., Cardona, L., Cardenas, S., & Link, A. (2021). Oilbirds disperse large seeds at longer distance than extinct megafauna. Scientific Reports, 11(1), 420. doi:10.1038/s41598-020-79280-4"
Stevenson 2017,"Stevenson, P. R., Cardona, L. M., Acosta‐Rojas, D. C., Díaz, F. H., & Cárdenas, S. (2017). Diet of oilbirds (Steatornis caripensis) in Cueva de Los Guácharos National Park (Columbia): temporal variation in fruit consumption, dispersal, and seed morphology. Ornitologia Neotropical, 28, 295–307. doi:10.58843/ornneo.v28i0.243"
Stevenson et al. 2002,"Stevenson, P. R., Castellanos, M. C., Pizarro, J. C., & Garavito, M. (2002). Effects of seed dispersal by three Ateline Monkey apecies on seed germination at Tinigua National Park, Colombia. International Journal of Primatology, 23(6), 1187-1204. doi:10.1023/A:1021118618936"
Stevenson et al. 2005,"Stevenson, P. R., Link, A., & Ramírez, B. H. (2005). Frugivory and seed fate in Bursera inversa (Burseraceae) at Tinigua Park, Colombia: Implications for primate conservation1. Biotropica, 37(3), 431-438. doi:10.1111/j.1744-7429.2005.00057.x"
Stevenson 2005,"Stevenson, P. R., Pineda, M., & Samper, T. (2005). Influence of seed size on dispersal patterns of wolly monkeys (Lagothrix lagothricha) at Tinigua Park, Colombia. Oikos, 110, 435-440. doi:10.1111/j.0030-1299.2005.12898.x"
Stevenson 2008,"Stevenson, P. R., & Vargas, I. N. (2008). Sample size and appropriate design of fruit and seed traps in tropical forests. Journal of Tropical Ecology, 24(1), 95-105. doi:10.1017/s0266467407004646"
Steyermark 1987,"Steyermark, J. A. (1987). Flora of the Venezuelan Guayana-III. Annals of the Missouri Botanical Garden, 1987, 74(3), 609-658. doi:10.2307/2399329"
Stone 2005,"Stone, A. I. (2005). Foraging ontogeny is not Linked to delayed maturation in squirrel monkeys (Saimiri sciureus). Ethology, 112(2), 105-115. doi:10.1111/j.1439-0310.2005.01121.x"
Strother 1993+,"Strother, J. L. (1993+). Ambrosia. In F. o. N. A. E. Committee (Ed.), Flora of North America (Vol. 21, pp. 3-25)."
Foster 1985,"Foster, S. A., & Janson, C. H. (1985). The relationship between seed size and establishment conditions in tropical woody plants. Ecology, 66(3), 773-780."
Svobodova 2006,"Svobodova, B. (2006). Antimicrobial activity of Peruvian medicinal plants. (Unpublished master's thesis). Charles University, Czech Republic."
Tathiana 2016,"Tathiana, E. M., Daiane, M. D., Silvana, d. P. Q. a. o. S., & Larissa, F. B. (2016). Storage of Alibertia edulis seeds: Influence of water content and storage conditions. African Journal of Agricultural Research, 11(18), 1646-1655. doi:10.5897/ajar2016.10871"
Taylor 2014,"Taylor, B., Ickes, K., & DeWalt, S. J. (2014). Seed removal by an introduced scatter-hoarder on a Caribbean Island. Caribbean Journal of Science, 48(1), 9-17. doi:10.18475/cjos.v48i1.a3"
Taylor 2021,"Taylor, C. M., & Berger, A. (2021). Rubiacearum Americanarum Magna Hama Pars XLIX: Overview of the Neotropical Genus Tournefortiopsis (Guettardeae), With Some New Species and Subspecies. Novon, A Journal for Botanical Nomenclature, 29, 227-265. doi:10.3417/2021641"
Teixeira 2011,"Teixeira, C. C., & Barbedo, C. J. (2011). The development of seedlings from fragments of monoembryonic seeds as an important survival strategy for Eugenia (Myrtaceae) tree species. Trees, 26(3), 1069-1077. doi:10.1007/s00468-011-0648-5"
Tella 2020,"Tella, J. L., Hiraldo, F., Pacífico, E., Díaz-Luque, J. A., Dénes, F. V., Fontoura, F. M., . . . Blanco, G. (2020). Conserving the Diversity of Ecological Interactions: The Role of Two Threatened Macaw Species as Legitimate Dispersers of “Megafaunal” Fruits. Diversity, 12(2). doi:10.3390/d12020045"
Terborgh 2011,"Terborgh, J., Alvarez-Loayza, P., Dexter, K., Cornejo, F., & Carrasco, C. (2011). Decomposing dispersal limitation: limits on fecundity or seed distribution? Journal of Ecology, 99(4), 935-944. doi:10.1111/j.1365-2745.2011.01836.x"
Terborgh 1993,"Terborgh, J., Losos, E., Riley, M. P., & Riley, M. B. (1993). Predation by vertebrates and invertebrates on the seeds of five canopy tree species of an Amazonian Forest. Vegetatio, 107(108), 375-386. doi:10.1007/BF00052236"
Thery 1992,"Thery, M., Erard, C., & Sabatier, D. (1992). Les fruits dans le régime alimentaire de Penelope marail (Aves, cracidae) en forêt Guyanaise : frugivorie stricte et sélective? Revue d’Écologie, 47(4), 383-401. Retrieved from https://hal.science/hal-03529122"
Thokchom 2017,"Thokchom, R., & Mandal, G. (2017). Production preference and importance of passion fruit (Passiflora edulis): a review. Journal of Agricultural Engineering and Food Technology, 4(1), 27-30. Retrieved from https://krishisanskriti.org/Publication.html"
Tobler 2008,"Tobler, M. W. (2008). The ecology of the lowland tapir in Madre de Dios, Peru using new technologies to study large rainforest mammals. (Doctoral dissertation). Texas A&M University, Texas, US. UMI database."
Todeschini 2020,"Todeschini, F., Toledo, J. J. d., Rosalino, L. M., & Hilario, R. R. (2020). Niche differentiation mechanisms among canopy frugivores and zoochoric trees in the northeastern extreme of the Amazon. Acta Amazonica, 50(3), 263-272. doi:10.1590/1809-4392202000732"
Tokuoka 2003,"Tokuoka, T., & Tobe, H. (2003). Ovules and seeds in Acalyphoideae (Euphorbiaceae): structure and systematic implications. Journal of Plant Research, 116(5), 355-380. doi:10.1007/s10265-003-0116-4"
Toledo 2020,"Toledo, R. M., Perring, M.P, Verheyen, K, Martini A. M. Z., Ferreira, M. P, Santos, R. F. (2020). Restoring tropical forest composition is more difficult, but recovering tree-cover is faster, when neighbouring forests are young. Landscaoe Ecology, 35, 1403-1416. doi:10.1007/s10980-020-01023-7"
Torres-Rodríguez 2011,"Torres-Rodríguez, A., Salinas-Moreno, Y., Valle-Guadarrama, S., & Alia-Tejacal, I. (2011). Soluble phenols and antioxidant activity in mamey sapote (Pouteria sapota) fruits in postharvest. Food Research International, 44(7), 1956-1961. doi:10.1016/j.foodres.2011.04.045"
Trujillo 2021,"Trujillo, W., Rivera-Rondón, C. A., Jácome, J., García, N., Eiserhardt, W. L., & Balslev, H. (2021). Palm functional trait responses to local environmental factors in the Colombian Amazon. Journal of Tropical Ecology, 38(1), 39-47. doi:10.1017/s0266467421000493"
Turrill 1919,"Turrill, W. B. (1919). A revision of the genus Mendoncia. In Bulletin of Miscellaneous Information (Royal Botanic Gardens, Kew) (Vol. 1919, pp. 407-425). New York: Springer."
Ueda 2000,"Ueda, M., Sasaki, K., Utsunomiya, N., Inaba, K., & Shimabayashi, Y. (2000). Changes in physical and chemical properties during maturation of mango fruit (Mangifera indica L. ‘Irwin’) cultured in a plastic greenhouse. Food Science Technology Research, 6(4), 299–305. doi:10.3136/fstr.6.299"
Uhl 1981,"Uhl, C., Clark, K., Clark, H., & Murphy, P. (1981). Early plant succession after cutting and burning in the upper Rio Negro region of the Amazon Basin. Journal of Ecology, 69(2), 631-649. doi:10.2307/2259689"
Uramoto 2008,"Uramoto, K., Martins, D. S., & Zucchi, R. A. (2008). Fruit flies (Diptera, Tephritidae) and their associations with native host plants in a remnant area of the highly endangered Atlantic Rain Forest in the State of Espirito Santo, Brazil. Bull Entomol Res, 98(5), 457-466. doi:10.1017/S0007485308005774"
Urcelay 2019,"Urcelay, C., Longo, S., Geml, J., & Tecco, P. A. (2019). Can arbuscular mycorrhizal fungi from non-invaded montane ecosystems facilitate the growth of alien trees? Mycorrhiza, 29(1), 39-49. doi:10.1007/s00572-018-0874-4"
Vallo 2001,"Valio, I. F. M., & Scarpa, F. M. (2001). Germination of seeds of tropical pioneer species under controlled and natural conditions. Revista Brasileira de Botânica, 24, 79-84."
Meer 1998,"Meer, P. J. V. D., Sterck, F. J., & Bongers, F. (1998). Tree seedling performance in canopy gaps in a tropical rain forest at Nouragues, French Guiana. Journal of Tropical Ecology, 14(2), 119-137. doi:10.1017/s026646749800011x"
Roosmalen 1988,"Roosmalen, M. G. M. V., Mittermeier, R. A., & Fleagle, J. G. (1988). Diet of the northern bearded saki (Chiropotes satanas chiropotes): A neotropical seed predator. American Journal of Primatology, 14(1), 11-35. doi:10.1002/ajp.1350140103"
Vargas 2013,"Vargas, I. N., & Stevenson, P. R. (2013). Seed and Establishment Limitation: Effects on Plant Diversity in an Amazonian Rain Forest. Biotropica, 45(6), 737-746. doi:10.1111/btp.12063"
Vázquez-Yanes 1992,"Vázquez-Yanes, C., & Orozco-Segovia, A. (1992). Effects of litter from a tropical rainforest on tree seed germination and establishment under controlled conditions. Tree Physiology, 11, 391-400. doi:10.1093/treephys/11.4.391"
Vázquez-Yanes 1996,"Vázquez-Yanes, C., Rojas-Aréchiga, M., Sánchez-Coronado, M. E., & Orozco-Segovia, A. (1996). Comparison of light-regulated seed germination in Ficus spp. and Cecropia obtusifolia: ecological implications. Tree Physiology, 16, 871--875. doi:10.1093/treephys/16.10.871"
Vendramini 2012,"Vendramini, M. C., Camargo-Mathias, M. I., de Faria, A. U., Bechara, G. H., de Oliveira, P. R., & Roma, G. C. (2012). Cytotoxic effects of andiroba oil (Carapa guianensis) in reproductive system of Rhipicephalus sanguineus (Latreille, 1806) (Acari: Ixodidae) semi-engorged females. Parasitology Research, 111(5), 1885-1894. doi:10.1007/s00436-012-3031-6"
Veron 2005,"Veron, V., Caron, H., & Degen, B. (2005). Gene flow and mating system of the tropical tree Sextonia rubra. Silvae Genetica, 54(1-6), 275-280. doi:10.1515/sg-2005-0040"
Vieira 2011,"Vieira, E. M., Ribeiro, J. F., & Iob, G. (2011). Seed predation ofAraucaria angustifolia (Araucariaceae) by small rodents in two areas with contrasting seed densities in the Brazilian Araucaria forest. Journal of Natural History, 45(13-14), 843-854. doi:10.1080/00222933.2010.536265"
Villanueva-Alonzo 2019,"Villanueva-Alonzo, H. d. J., Polanco-Hernández, G. M., Lizama-Uc, G., Acosta-Viana, K. Y., & Alvarado-Segura, A. A. (2019). Proteolytic activity of wild fruits of Bromelia karatas L. of Yucatán, Mexico. Revista Chapingo Serie Ciencias Forestales y del Ambiente, 25(2), 157-168. doi:10.5154/r.rchscfa.2018.08.062"
Leite 2010,"Leite, A. V. d. L., & Machado, I. C. (2010). Reproductive biology of woody species in Caatinga, a dry forest of northeastern Brazil. Journal of Arid Environments, 74(11), 1374-1380. doi:10.1016/j.jaridenv.2010.05.029"
VonBank 2018,"VonBank, J. A., Casper, A. F., Pendleton, J. E., & Hagy, H. M. (2018). Water hyacinth (Eichhornia crassipes) invasion and establishment in a temperate river system. River Research and Applications, 34(10), 1237-1243. doi:10.1002/rra.3362"
Wadt 2018,"Wadt, L. H. d. O., Faustino, C. L., Staudhammer, C. L., Kainer, K. A., & Evangelista, J. S. (2018). Primary and secondary dispersal of Bertholletia excelsa: implications for sustainable harvests. Forest Ecology and Management, 415-416, 98-105. doi:10.1016/j.foreco.2018.02.014"
Wall-Medrano 2016,"Wall-Medrano, A., Gonzalez-Aguilar, G. A., Loarca-Pina, G. F., Lopez-Diaz, J. A., Villegas-Ochoa, M. A., Tortoledo-Ortiz, O., . . . Robles-Zepeda, R. (2016). Ripening of Pithecellobium dulce (Roxb.) Benth. [Guamuchil] Fruit: Physicochemical, Chemical and Antioxidant Changes. Plant Foods Hum Nutr, 71(4), 396-401. doi:10.1007/s11130-016-0575-0"
Wallace 2005,"Wallace, R. B. (2005). Seasonal Variations in Diet and Foraging Behavior of Ateles chamek in a Southern Amazonian Tropical Forest. International Journal of Primatology, 26(5), 1053-1075. doi:10.1007/s10764-005-6458-4"
Webster 2004,"Webster, G. L. (2004). A Revision of Phyllanthus Section Hylaeanthus (Euphorbiaceae). Lundellia, 7(1), 11-27. doi:10.25224/1097-993x-7.1.11"
Weckerle 2003,"Weckerle, C. S., & Reynel, C. (2003). An overview of the subspecies of Paullinia obovata (Sapindaceae-Paullinieae) in Peru. Novon, Spring, 2003, 13(1), 145-152. doi:10.2307/3393580"
Weckerle 2005,"Weckerle, C. S., & Rutishauser, R. (2005). Gynoecium, fruit and seed structure of Paullinieae (Sapindaceae). Botanical Journal of the Linnean Society, 147, 159-189. doi:10.1111/j.1095-8339.2005.00365.x"
Wenny 1999,"Wenny, D. G. (1999). Two-stage dispersal of Guarea glabra and G. kunthiana (Meliaceae) in Monteverde, Costa Rica. Journal of Tropical Ecology, 15(4), 481-496. doi:10.1017/s0266467499000966"
Wenny 2004,"Wenny, D. G. (2004). Post-dispersal seed fate of some cloud forest tree species in Costa Rica. In P.-M. Forget, P. Hulme, J. E. Lambret, & S. B. Wall (Eds.), Seed fate: predation, dispersal and seedling establishment. Hoboken, New Jersery: Wiley."
Werff 2000,"Werff, H. v. d., & Vicentini, A. (2000). New species of Lauraceae from Central Amazonia, Brazil. Novon, Autumn, 10(3), 264-297. doi:10.2307/3393111"
Wheelwright 1984,"Wheelwright, N. T., Haber, W. A., Murray, K. G., & Guindon, C. (1984). Tropical fruit-eating birds and their food plants: a survey of a Costa Rican lower Montane forest. Biotropica, 16(3), 173-192. doi:10.2307/2388051"
White 1986,"White, F. (1986). Census and preliminary observations on the ecology of the black-faced black spider monkey (Ateles paniscus chamek) in Manu National Park, Peru. American Journal of Primatology, 11(2), 125-132. doi:10.1002/ajp.1350110205"
Williamson 2006,"Williamson, G. B., Costa, F., & Vera, C. V. M. (2006). Dispersal of Amazonian trees: hydrochory in Swartzia polyphylla1. Biotropica, 31(3), 460-465. doi:10.1111/j.1744-7429.1999.tb00388.x"
Woodson 1976,"Woodson, R. E., Schery, R. W., & Howard, R. A. (1976). Flora of Panama. Part VI. Family 106. Icacinaceae. Annals of the Missouri Botanical Garden, 63(3), 399-417. doi:10.2307/2395281"
Woodson 1978,"Woodson, R. E., Schery, R. W., & Wunderlin, R. P. (1978). Flora of Panama. Part IX. Family 182. Cucurbitaceae. Annals of the Missouri Botanical Garden, 1987, 65(1), 285-366. doi:10.2307/2395053"
Wurdack 2005,"Wurdack, K. J., Hoffmann, P., & Chase, M. W. (2005). Molecular phylogenetic analysis of uniovulate Euphorbiaceae (Euphorbiaceae sensu stricto) using plastid RBCL and TRNL-F DNA sequences. American Journal Botany, 92(8), 1397-1420. doi:10.3732/ajb.92.8.1397"
Yanoviak 2008,"Yanoviak, S. P., Kaspari, M., Dudley, R., & Poinar, G., Jr. (2008). Parasite-induced fruit mimicry in a tropical canopy ant. The American Naturalist, 171(4), 536-544. doi:10.1086/528968"
Yumoto 1999,"Yumoto, T. (1999). Seed dispersal by Salvin's Curassow, Mitu salvini (Cracidae), in a tropical forest of Colombia: direct measurements of dispersal distance. Biotropica, 31(4), 654-660. Retrieved from https://www.jstor.org/stable/2663906"
Yumoto et al. 1999,"Yumoto, T., Kimura, K., & Nishimura, A. (1999). Estimation of the retention times and distances of seed dispersed by two monkey species, Alouatta seniculus and Lagothrix lagotricha, in a Colombian forest. Ecological Research, 14(2), 179-191. doi:10.1046/j.1440-1703.1999.00286.x"
Zaca 2006,"Zaca, W., Silva, W. R., & Pedroni, F. (2006). Diet of the rusty-margined Guan (Penelope superciliaris) in an altitudinal forest fragment of southeastern Brazil. Ornitologia Neotropical, 17, 373–382. Retrieved from https://digitalcommons.usf.edu/cgi/viewcontent.cgi?article=1602&context=ornitologia_neotropical"
Zambrano 2006,"Zambrano, V. A. B. (2006). Comparación de dos bosques Amazónicos en términos de diversidad y aspectos de dispersión de semillas de dos árboles de dosel. (Unpublished master's thesis). Universidad de los Andes, Colombia."
Zambrano 2008,"Zambrano, V. A. B., Moncada, J. Z., & Stevenson, P. R. (2008). Diversity of regenerating plants and seed dispersal in two canopy trees from Colombian Amazon forests with different hunting pressure. Revista Biology Tropics, 56(3), 1531-1542. Retrieved from https://academic.oup.com/mbe/article/41/6/msae090/7670808"
Zarucchi 1988,"Zarucchi, J. L. (1988). A revision of the tribe Ambelanieae (Apocynaceae-Plumerioideae). Missouri, USA: Missouri Botanical Garden."
Zhang 1955,"Zhang, H.-Y., & Wang, L.-X. (1955). Fruit consumption and seed dispersal of Ziziphus cinnamomum (Rhamnaceae) by two sympatric primates (Cebus apella and Ateles paniscus) in French Guiana. Biotropica, 27(3), 397-401. doi:10.2307/2388926"
Zimdahl 1989,"Zimdahl, R. L. (1989). Seeds and seedlings of weeds in rice in South and Southeast Asia. Los Banos, Philippines: International Rice Research Institute."
Zipparro 2005,"Zipparro, V. B., & L. Patricia, M. (2005). Seed predation of Virola bicuhyba (Schott) Warb. (Myristicaceae) in the Atlantic forest of south-eastern Brazil. Revista Brasil Botony, 28(3), 515-522. doi:10.1590/S0100-84042005000300009"
Zizka 1999,"Zizka, G., & Schneider, J. V. (1999). The genus Touroulia Aubl. (Quiinaceae). Willdenowia, 29(1/2). doi:10.3372/wi.29.2921"
Zuloaga 1985,"Zuloaga, F. O., & Soderstrom, T. R. (1985). Classification of the outlying species of New World Panicum (Poaceae: Paniceae). In Smithsonian Contributions to Botany (Vol. 59). Washington DC: Smithsonian Institution Press."
Svenning 2005,"Svenning, J.-C., & Wright, S. J. (2005). Seed limitation in a Panamanian forest. Journal of Ecology, 93(5), 853-862."