plant_species,synonyms,family,native_introduced,color,fleshy_dry,dehiscent_indehiscent,number_s_per_f,number_s_per_f_uncertainty,number_s_per_f_lower_bound,number_s_per_f_upper_bound,number_s_per_f_sd_se,number_s_per_f_sample_size,s_length,s_length_uncertainty,s_length_lower_bound,s_length_upper_bound,s_length_sd_se,s_length_sample_size,s_width,s_width_uncertainty,s_width_lower_bound,s_width_upper_bound,s_width_sd_se,s_width_sample_size,s_mass,dry_wet_s,s_mass_uncertainty,s_mass_lower_bound,s_mass_upper_bound,s_mass_sd_se,s_mass_sample_size,f_length,f_length_uncertainty,f_length_lower_bound,f_length_upper_bound,f_length_sd_se,f_length_sample_size,f_width,f_width_uncertainty,f_width_lower_bound,f_width_upper_bound,f_width_sd_se,f_width_sample_size,f_mass,dry_wet_f,f_mass_uncertainty,f_mass_lower_bound,f_mass_upper_bound,f_mass_sd_se,f_mass_sample_size,citations
Abuta grandifolia,Abuta concolor,Menispermaceae,N,Yellow,F,I,1,None Specified,NA,NA,NA,6,19.8,Range,19.4,20.5,NA,6,9.15,Range,9,9.3,NA,6,1.07,NA,Range,0.69,1.23,NA,6,12,None Specified,NA,NA,NA,0,14.01,Range,13.7,14.5,NA,6,2.97,NA,Range,2.77,3.19,NA,6,"Stevenson 2023, Sánchez 2013, Link 2004, Kattge 2011, Foster 1985"
Abuta grandifolia,,,,,,,NA,,NA,NA,NA,NA,18,None Specified,NA,NA,NA,5,11,None Specified,NA,NA,NA,5,1.15,W,None Specified,NA,NA,NA,0,24.76,Range,23.2,26.4,NA,NA,12,None Specified,NA,NA,NA,5,NA,,,NA,NA,NA,NA,"Stevenson 2023, Sánchez 2013, Link 2004, Kattge 2011, Foster 1985"
Abuta grandifolia,,,,,,,NA,,NA,NA,NA,NA,NA,,NA,NA,NA,NA,NA,,NA,NA,NA,NA,0.97,D,None Specified,NA,NA,NA,0,22.5,None Specified,NA,NA,NA,6,NA,,NA,NA,NA,NA,NA,,,NA,NA,NA,NA,"Stevenson 2023, Sánchez 2013, Link 2004, Kattge 2011, Foster 1985"
Abuta selloana ,,Menispermaceae,N,Yellow,F,I,1,None Specified,NA,NA,NA,12.5,16,None Specified,NA,NA,NA,12.5,11,None Specified,NA,NA,NA,12.5,2.175,W,SD,NA,NA,0.02,2,32,None Specified,NA,NA,NA,12.5,17,None Specified,NA,NA,NA,12.5,5.7,W,None Specified,NA,NA,NA,12.5,"Pizo 2002, Galetti 2011, Galetti 2015"
Abuta selloana ,,,,,,,NA,,NA,NA,NA,NA,NA,,NA,NA,NA,NA,NA,,NA,NA,NA,NA,NA,,,NA,NA,NA,NA,16.2,None Specified,NA,NA,NA,10,NA,,NA,NA,NA,NA,NA,,,NA,NA,NA,NA,"Pizo 2002, Galetti 2011, Galetti 2015"
Acalypha alopecuroidea,"Ricinocarpus alopecuroidea, Acalypha aristata, Ricinocarpus aristata",Euphorbiaceae,N,Gray,D,D,NA,Range,1,3,NA,0,1.2,None Specified,NA,NA,NA,1,0.9,None Specified,NA,NA,NA,1,NA,,,NA,NA,NA,NA,NA,Range,1,1.5,NA,0,NA,Range,0.9,1.2,NA,0,NA,,,NA,NA,NA,NA,"https://www.delta-intkey.com/famfs/www/euphor.htm, http://floranorthamerica.org/Acalypha_alopecuroidea, https://swbiodiversity.org/seinet/taxa/index.php?tid=4239&clid=3120&pid=20&taxauthid=1"
Acanthococos emensis,Acrocomia emensis,Arecaceae,N,Green,D,I,NA,,NA,NA,NA,NA,NA,,NA,NA,NA,NA,NA,,NA,NA,NA,NA,NA,,,NA,NA,NA,NA,20,,NA,NA,NA,0,20,,NA,NA,NA,0,NA,,,NA,NA,NA,NA,https://eol.org/pages/31147028/data
Acca sellowiana,Feijoa sellowiana,Myrtaceae,N,Green,F,I,NA,Range,20,40,NA,0,2.028571429,SD,NA,NA,0.257182537,21,1.380952381,SD,NA,NA,0.180607441,21,NA,W,Range,0.001334094,0.001439975,NA,0,NA,Range,27.74,59.95,NA,220,NA,Range,23.42,39.43,NA,220,NA,D,Range,18.57,40,NA,220,"Ducroquet 2007, Ducroquet 2008, Santos 2018, Sganzerla 2020, Rossi 2007, León 2020, Beyhan 2011, Pescador 2009, https://www.treeshrubseeds.com/specieslist?id=667&ID2=7"
Acca sellowiana,,,,,,,NA,,NA,NA,NA,NA,NA,,NA,NA,NA,NA,NA,,NA,NA,NA,NA,NA,,,NA,NA,NA,NA,NA,Range,40,100,NA,0,NA,Range,30,50,NA,0,104.3,NA,SD,NA,NA,14.1,10,"Ducroquet 2007, Ducroquet 2008, Santos 2018, Sganzerla 2020, Rossi 2007, León 2020, Beyhan 2011, Pescador 2009, https://www.treeshrubseeds.com/specieslist?id=667&ID2=7"
Acca sellowiana,,,,,,,NA,,NA,NA,NA,NA,NA,,NA,NA,NA,NA,NA,,NA,NA,NA,NA,NA,,,NA,NA,NA,NA,NA,,NA,NA,NA,NA,NA,,NA,NA,NA,NA,125.8,NA,SD,NA,NA,26.4,10,"Ducroquet 2007, Ducroquet 2008, Santos 2018, Sganzerla 2020, Rossi 2007, León 2020, Beyhan 2011, Pescador 2009, https://www.treeshrubseeds.com/specieslist?id=667&ID2=7"
Acca sellowiana,,,,,,,NA,,NA,NA,NA,NA,NA,,NA,NA,NA,NA,NA,,NA,NA,NA,NA,NA,,,NA,NA,NA,NA,NA,,NA,NA,NA,NA,NA,,NA,NA,NA,NA,91.90769231,NA,SD,NA,NA,27.70332295,13,"Ducroquet 2007, Ducroquet 2008, Santos 2018, Sganzerla 2020, Rossi 2007, León 2020, Beyhan 2011, Pescador 2009, https://www.treeshrubseeds.com/specieslist?id=667&ID2=7"
Acca sellowiana,,,,,,,NA,,NA,NA,NA,NA,NA,,NA,NA,NA,NA,NA,,NA,NA,NA,NA,NA,,,NA,NA,NA,NA,NA,,NA,NA,NA,NA,NA,,NA,NA,NA,NA,96.41666667,NA,SD,NA,NA,34.41579535,12,"Ducroquet 2007, Ducroquet 2008, Santos 2018, Sganzerla 2020, Rossi 2007, León 2020, Beyhan 2011, Pescador 2009, https://www.treeshrubseeds.com/specieslist?id=667&ID2=7"
Acca sellowiana,,,,,,,NA,,NA,NA,NA,NA,NA,,NA,NA,NA,NA,NA,,NA,NA,NA,NA,NA,,,NA,NA,NA,NA,NA,,NA,NA,NA,NA,NA,,NA,NA,NA,NA,90,NA,None Specified,NA,NA,NA,0,"Ducroquet 2007, Ducroquet 2008, Santos 2018, Sganzerla 2020, Rossi 2007, León 2020, Beyhan 2011, Pescador 2009, https://www.treeshrubseeds.com/specieslist?id=667&ID2=7"
Acca sellowiana,,,,,,,NA,,NA,NA,NA,NA,NA,,NA,NA,NA,NA,NA,,NA,NA,NA,NA,NA,,,NA,NA,NA,NA,NA,,NA,NA,NA,NA,NA,,NA,NA,NA,NA,NA,NA,Range,20,250,NA,0,"Ducroquet 2007, Ducroquet 2008, Santos 2018, Sganzerla 2020, Rossi 2007, León 2020, Beyhan 2011, Pescador 2009, https://www.treeshrubseeds.com/specieslist?id=667&ID2=7"
Acca sellowiana,,,,,,,NA,,NA,NA,NA,NA,NA,,NA,NA,NA,NA,NA,,NA,NA,NA,NA,NA,,,NA,NA,NA,NA,NA,,NA,NA,NA,NA,NA,,NA,NA,NA,NA,NA,NA,Range,20,30,NA,0,"Ducroquet 2007, Ducroquet 2008, Santos 2018, Sganzerla 2020, Rossi 2007, León 2020, Beyhan 2011, Pescador 2009, https://www.treeshrubseeds.com/specieslist?id=667&ID2=7"
Aciotis aequatorialis,"Aciotis acuminifolia, Spennera acuminifolia, Aciotis amazonica, Aciotis dichotoma, Spennera dichotoma, Aciotis sphaeranthera, Spennera sphaeranthera, Spennera anomala",Melastomataceae,N,Red,F,D,NA,,NA,NA,NA,NA,NA,,NA,NA,NA,NA,NA,,NA,NA,NA,NA,NA,,,NA,NA,NA,NA,NA,Range,2.7,3.6,NA,0,NA,Range,2.2,3.1,NA,0,NA,,,NA,NA,NA,NA,Corrêa 2017
Acrocomia aculeata,NA,Arecaceae,N,Green,D,I,1,None Specified,NA,NA,NA,1,NA,Range,25,35,NA,0,NA,Range,25,35,NA,0,5.36,W,Unknown +/-,NA,NA,0.97,100,46,None Specified,NA,NA,NA,0,NA,Range,35,50,NA,0,22.07,W,Unknown +/-,NA,NA,3.69,100,"Kissling 2019, Lescano 2015, Machado 2015, Mazzottini-dos-Santos 2014, Guimarães 2008, Donatti 2007"
Acrocomia aculeata,,,,,,,NA,,NA,NA,NA,NA,20.3,None Specified,NA,NA,NA,1,17.6,None Specified,NA,NA,NA,1,2.09,NA,SD,NA,NA,0.19,20,NA,Range,40,50,NA,0,42.5,None Specified,NA,NA,NA,0,19.2,W,Unknown +/-,NA,NA,2.7,30,"Kissling 2019, Lescano 2015, Machado 2015, Mazzottini-dos-Santos 2014, Guimarães 2008, Donatti 2007"
Acrocomia aculeata,,,,,,,NA,,NA,NA,NA,NA,NA,,NA,NA,NA,NA,NA,,NA,NA,NA,NA,1.37,NA,SD,NA,NA,0.18,20,34.68,Unknown +/-,NA,NA,2.62,100,34.17,Unknown +/-,NA,NA,2.32,100,66.76,NA,SD,NA,NA,5.41,20,"Kissling 2019, Lescano 2015, Machado 2015, Mazzottini-dos-Santos 2014, Guimarães 2008, Donatti 2007"
Acrocomia aculeata,,,,,,,NA,,NA,NA,NA,NA,NA,,NA,NA,NA,NA,NA,,NA,NA,NA,NA,NA,,,NA,NA,NA,NA,32.1,Unknown +/-,NA,NA,2.8,30,31.9,Unknown +/-,NA,NA,2.1,30,19.67,NA,SD,NA,NA,3.19,20,"Kissling 2019, Lescano 2015, Machado 2015, Mazzottini-dos-Santos 2014, Guimarães 2008, Donatti 2007"
Acrocomia aculeata,,,,,,,NA,,NA,NA,NA,NA,NA,,NA,NA,NA,NA,NA,,NA,NA,NA,NA,NA,,,NA,NA,NA,NA,50.3,SD,NA,NA,1.3,20,20.3,SD,NA,NA,0.8,20,NA,,,NA,NA,NA,NA,"Kissling 2019, Lescano 2015, Machado 2015, Mazzottini-dos-Santos 2014, Guimarães 2008, Donatti 2007"
Acrocomia aculeata,,,,,,,NA,,NA,NA,NA,NA,NA,,NA,NA,NA,NA,NA,,NA,NA,NA,NA,NA,,,NA,NA,NA,NA,34.2,SD,NA,NA,1.5,20,15.3,SD,NA,NA,1,20,NA,,,NA,NA,NA,NA,"Kissling 2019, Lescano 2015, Machado 2015, Mazzottini-dos-Santos 2014, Guimarães 2008, Donatti 2007"
Aechmea rubiginosa,Chevaliera rubiginosa,Bromeliaceae,N,Brown,F,I,NA,,NA,NA,NA,NA,NA,Range,5,7,NA,0,3,None Specified,NA,NA,NA,0,NA,,,NA,NA,NA,NA,NA,Range,15,20,NA,0,NA,Range,10,15,NA,0,NA,,,NA,NA,NA,NA,"Silva 2003, Link 2004, Stevenson 2023"
Aechmea rubiginosa,,,,,,,NA,,NA,NA,NA,NA,5.5,None Specified,NA,NA,NA,0,5,None Specified,NA,NA,NA,0,NA,,,NA,NA,NA,NA,24,None Specified,NA,NA,NA,0,28,None Specified,NA,NA,NA,0,NA,,,NA,NA,NA,NA,"Silva 2003, Link 2004, Stevenson 2023"
Aechmea rubiginosa,,,,,,,NA,,NA,NA,NA,NA,NA,,NA,NA,NA,NA,NA,,NA,NA,NA,NA,NA,,,NA,NA,NA,NA,60,None Specified,NA,NA,NA,0,NA,,NA,NA,NA,NA,NA,,,NA,NA,NA,NA,"Silva 2003, Link 2004, Stevenson 2023"
Agonandra brasiliensis,,Opiliaceae,N,Yellow,F,I,NA,,NA,NA,NA,NA,20.39,Range,15.7,24.1,NA,200,14.65,Range,12.1,16.7,NA,200,2.2,W,Range,1.07,2.9,NA,200,24.8,Unknown +/-,NA,NA,1.7,30,24.2,Unknown +/-,NA,NA,1.9,30,9.4,W,Unknown +/-,NA,NA,2,30,"Naazio 2017, Donatti 2007"
Agonandra brasiliensis,,,,,,,NA,,NA,NA,NA,NA,NA,,NA,NA,NA,NA,NA,,NA,NA,NA,NA,1.84,D,Range,0.67,2.47,NA,200,NA,,NA,NA,NA,NA,NA,,NA,NA,NA,NA,NA,,,NA,NA,NA,NA,"Naazio 2017, Donatti 2007"
Agonandra silvatica,,Opiliaceae,N,Yellow,F,I,NA,,NA,NA,NA,NA,NA,,NA,NA,NA,NA,NA,,NA,NA,NA,NA,NA,,,NA,NA,NA,NA,17.75,SD,NA,NA,2.333452378,2,10.45,SD,NA,NA,1.060660172,2,NA,,,NA,NA,NA,NA,http://legacy.tropicos.org/Image/100902838
Alchorneopsis floribunda,Alchorneopsis portoricensis,Euphorbiaceae,N,Brown,F,D,NA,,NA,NA,NA,NA,5.2,None Specified,NA,NA,NA,1,3.1,SD,NA,NA,0.141421356,2,0.007,NA,None Specified,NA,NA,NA,16455,NA,,NA,NA,NA,NA,NA,,NA,NA,NA,NA,NA,,,NA,NA,NA,NA,http://specimens.kew.org/herbarium/K001206125
Alchorneopsis floribunda,,,,,,,NA,,NA,NA,NA,NA,NA,Range,2.2,2.5,NA,0,NA,Range,2,2.5,NA,0,0.007,NA,None Specified,NA,NA,NA,16455,NA,,NA,NA,NA,NA,NA,,NA,NA,NA,NA,NA,,,NA,NA,NA,NA,"Tokuka 2003, http://specimens.kew.org/herbarium/K001206125"
Alibertia edulis,"Amaioua edulis, Cordiera edulis, Gardenia edulis, Genipa edulis, Amaioua utilis",Rubiaceae,N,Black,F,I,35,None Specified,NA,NA,NA,0,6.4,None Specified,NA,NA,NA,10,NA,,NA,NA,NA,NA,0.015,D,None Specified,NA,NA,NA,10,NA,Range,20,40,NA,0,NA,Range,20,40,NA,0,30,NA,None Specified,NA,NA,NA,0,"Pellizzarro 2016, Daws 2005, Silva 2011, Bento 2016, Castro 2011, Costa 2023"
Alibertia edulis,,,,,,,NA,,NA,NA,NA,NA,NA,,NA,NA,NA,NA,NA,,NA,NA,NA,NA,0.0089,W,None Specified,NA,NA,NA,1,NA,,NA,NA,NA,NA,NA,,NA,NA,NA,NA,NA,,,NA,NA,NA,NA,"Pellizzarro 2016, Daws 2005, Silva 2011, Bento 2016, Castro 2011, Costa 2023"
Alibertia hadrantha,Cordiera hadrantha,Rubiaceae,N,Green,F,I,NA,Range,15,22,NA,0,NA,Range,8,10,NA,0,9,None Specified,NA,NA,NA,6,0.08,NA,None Specified,NA,NA,NA,0,NA,Range,33,37,NA,0,NA,,NA,NA,NA,NA,13.6,W,None Specified,NA,NA,NA,6,"Nordon 2015, Stevenson 2002, Link 2004"
Alibertia hadrantha,,,,,,,19,None Specified,NA,NA,NA,6,NA,Range,8,10,NA,0,9,None Specified,NA,NA,NA,6,0.08,NA,None Specified,NA,NA,NA,0,30,None Specified,NA,NA,NA,0,NA,,NA,NA,NA,NA,4.19,D,None Specified,NA,NA,NA,6,"Nordon 2015, Stevenson 2002, Link 2004"
Allagoptera leucocalyx,"Allagoptera anisitsii, Allagoptera hassleriana, Diplothemium anisitsii, Diplothemium campestre, Diplothemium hasslerianum, Diplothemium jangadense, Diplothemium leucocalyx",Arecaceae,N,Green,D,I,NA,,NA,NA,NA,NA,NA,,NA,NA,NA,NA,NA,,NA,NA,NA,NA,NA,,,NA,NA,NA,NA,70,None Specified,NA,NA,NA,1,31.7,None Specified,NA,NA,NA,1,NA,,,NA,NA,NA,NA,https://powo.science.kew.org/taxon/urn:lsid:ipni.org:names:8524-2
Allophylus mollis,,Sapindaceae,N,Green,F,I,1,None Specified,NA,NA,NA,45,NA,,NA,NA,NA,NA,NA,,NA,NA,NA,NA,NA,,,NA,NA,NA,NA,NA,Range,7.7,12.1,NA,0,NA,Range,8,10.5,NA,0,0.3,W,None Specified,NA,NA,NA,45,"Londono 2007, García 2020"
Allophylus mollis,,,,,,,NA,,NA,NA,NA,NA,NA,,NA,NA,NA,NA,NA,,NA,NA,NA,NA,NA,,,NA,NA,NA,NA,9.33,None Specified,NA,NA,NA,45,8.52,None Specified,NA,NA,NA,45,NA,,,NA,NA,NA,NA,"Londono 2007, García 2020"
Aloe aculeata,NA,Asphodelaceae,Y,Orange,D,D,NA,,NA,NA,NA,NA,NA,,NA,NA,NA,NA,NA,,NA,NA,NA,NA,NA,,,NA,NA,NA,NA,18,None Specified,NA,NA,NA,0,10,None Specified,NA,NA,NA,0,NA,,,NA,NA,NA,NA,https://www.abebooks.com/book-search/title/aloes-south-africa/author/reynolds/
Amaioua guianensis,"Duhamelia glabra, Hamelia glabra, Hamelia sessiliflora",Rubiaceae,N,Red,F,I,NA,,NA,NA,NA,NA,8,None Specified,NA,NA,NA,1,NA,,NA,NA,NA,NA,NA,,,NA,NA,NA,NA,17,None Specified,NA,NA,NA,12.5,10,None Specified,NA,NA,NA,12.5,NA,,,NA,NA,NA,NA,"Alves-Costa 2007, Lessa 2013, Galetti 2011"
Amaioua guianensis,,,,,,,NA,,NA,NA,NA,NA,4,None Specified,NA,NA,NA,0,NA,,NA,NA,NA,NA,NA,,,NA,NA,NA,NA,20,None Specified,NA,NA,NA,0,NA,,NA,NA,NA,NA,NA,,,NA,NA,NA,NA,"Alves-Costa 2007, Lessa 2013, Galetti 2011"
Ambelania acida,,Apocynaceae,N,Yellow,F,I,NA,,NA,NA,NA,NA,NA,,NA,NA,NA,NA,NA,,NA,NA,NA,NA,NA,,,NA,NA,NA,NA,NA,Range,70,120,NA,0,NA,Range,25,40,NA,0,60,W,Unknown +/-,NA,NA,18,0,"Stone 2005, Zarucchi 1988"
Ambrosia tenuifolia,"Franseria tenuifolia, Gaertneria tenuifolia, Ambrosia fruticosa, Ambrosia longistylis, Ambrosia maritima, Ambrosia simulans, Xanthidium tenuifolium",Asteraceae,N,Yellow,D,I,NA,,NA,NA,NA,NA,NA,,NA,NA,NA,NA,NA,,NA,NA,NA,NA,0.0053,D,None Specified,NA,NA,NA,0,3,None Specified,NA,NA,NA,0,3,None Specified,NA,NA,NA,3,NA,,,NA,NA,NA,NA,"Kattge 2011, http://www.efloras.org/florataxon.aspx?flora_id=1&taxon_id=101325"
Anacardium giganteum,,Anacardiaceae,N,Brown/Orange/Red,F,I,1,None Specified,NA,NA,NA,0,25,None Specified,NA,NA,NA,0,6,Range,NA,NA,NA,0,3.26,D,None Specified,NA,NA,NA,17,95,None Specified,NA,NA,NA,0,50,None Specified,NA,NA,NA,0,NA,,,NA,NA,NA,NA,"Pereira and Barbosa et al. 2021, Hammond 1995, Guimarães 2008"
Anacardium giganteum,,,,,,,NA,,NA,NA,NA,NA,9,None Specified,NA,NA,NA,0,NA,,NA,NA,NA,NA,4.47,W,None Specified,NA,NA,NA,17,NA,,NA,NA,NA,NA,NA,,NA,NA,NA,NA,NA,,,NA,NA,NA,NA,"Pereira and Barbosa et al. 2021, Hammond 1995, Guimarães 2008"
Anacardium spruceanum,Anacardium braziliense,Anacardiaceae,N,Brown/Orange/Red,F,I,1,None Specified,NA,NA,NA,1,NA,Range,14,25,NA,0,NA,Range,10,22,NA,0,NA,,,NA,NA,NA,NA,NA,Range,37,48,NA,0,NA,Range,30,42,NA,0,NA,,,NA,NA,NA,NA,Pereira and Barbosa et al. 2021
Ananas ananassoides,"Acanthostachys ananassoides, Ananas comosus, Ananas microstachys, Ananas sativus, Ananas genesio-linsii, Ananas guaraniticus, Ananas nanus, Ananas pancheanus",Bromeliaceae,N,Yellow,F,I,4.34,SE,NA,NA,0.05,30,4.56,SE,NA,NA,0.09,30,2.25,SE,NA,NA,0.08,30,0.061,D,Unknown +/-,NA,NA,0.01,4,91.92,SE,NA,NA,0.76,30,68.68,SD,NA,NA,0.97,30,700,NA,None Specified,NA,NA,NA,0,"Lidueña-Peréz 2024, Silveira 2010, Guimarães 2008"
Ananas ananassoides,,,,,,,NA,,NA,NA,NA,NA,4,None Specified,NA,NA,NA,0,2.5,None Specified,NA,NA,NA,0,NA,,,NA,NA,NA,NA,NA,,NA,NA,NA,NA,NA,,NA,NA,NA,NA,NA,,,NA,NA,NA,NA,"Lidueña-Peréz 2024, Silveira 2010, Guimarães 2008"
Andira surinamensis,"Geoffroea surinamensis, Vouacapoua surinamensis, Andira retusa, Geoffroea retusa, Andira oblonga, Geoffroea obtusifolia, Geoffroea pubescens, Geoffroea retusa, Vouacapoa retusa",Fabaceae,N,Green,F,I,NA,Range,2,3,NA,0,NA,Range,20,35,NA,0,NA,Range,15,25,NA,0,NA,,,NA,NA,NA,NA,NA,Range,40,60,NA,0,NA,Range,20,38,NA,0,20,D,None Specified,NA,NA,NA,0,"Pennington 2003, Ramos et al. 2020, Polak 1992"
Annona cornifolia,Annona walkeri,Annonaceae,N,Orange,F,I,40.5,None Specified,NA,NA,NA,0,NA,,NA,NA,NA,NA,NA,,NA,NA,NA,NA,NA,,,NA,NA,NA,NA,NA,,NA,NA,NA,NA,NA,,NA,NA,NA,NA,8.3,W,None Specified,NA,NA,NA,0,Motta-Junior 2002
Annona dioica,"Aberemoa dioica, Annona cuyabaensis",Annonaceae,N,Green,F,I,NA,,NA,NA,NA,NA,NA,,NA,NA,NA,NA,NA,,NA,NA,NA,NA,0.32,W,SD,NA,NA,0.06,10,92.7,Unknown +/-,NA,NA,4.4,30,75.1,Unknown +/-,NA,NA,5.2,30,250,W,Unknown +/-,NA,NA,22.7,30,"Galetti 2015, Donatti 2007"
Annona duckei,,Annonaceae,,,F,I,NA,,NA,NA,NA,NA,NA,,NA,NA,NA,NA,NA,,NA,NA,NA,NA,NA,,,NA,NA,NA,NA,NA,,NA,NA,NA,NA,NA,,NA,NA,NA,NA,NA,,,NA,NA,NA,NA,
Annona haematantha,,Annonaceae,N,Yellow,F,I,NA,,NA,NA,NA,NA,NA,,NA,NA,NA,NA,NA,,NA,NA,NA,NA,NA,,,NA,NA,NA,NA,NA,,NA,NA,NA,NA,NA,,NA,NA,NA,NA,NA,,,NA,NA,NA,NA,
Anomospermum reticulatum,Cocculus reticulatus,Menispermaceae,N,Orange,F,I,NA,,NA,NA,NA,NA,31.4,None Specified,NA,NA,NA,405,22.5,None Specified,NA,NA,NA,405,6.98,D,None Specified,NA,NA,NA,405,18.975,SD,NA,NA,0.780491298,4,11.15,SD,NA,NA,1.268857754,4,NA,,,NA,NA,NA,NA,"Ramírez et al. 2013, Tobler 2008, http://legacy.tropicos.org/Image/101332957"
Anomospermum reticulatum,,,,,,,NA,,NA,NA,NA,NA,NA,,NA,NA,NA,NA,NA,,NA,NA,NA,NA,4.93,NA,None Specified,NA,NA,NA,1,NA,,NA,NA,NA,NA,NA,,NA,NA,NA,NA,NA,,,NA,NA,NA,NA,"Ramírez et al. 2013, Tobler 2008, http://legacy.tropicos.org/Image/101332957"
Anthurium crassinervium,"Podospadix reticulata, Pothos crassinervius",Araceae,N,Red,F,I,NA,,NA,NA,NA,NA,NA,,NA,NA,NA,NA,NA,,NA,NA,NA,NA,NA,,,NA,NA,NA,NA,6.533333333,SD,NA,NA,1.569500982,3,3.8,SD,NA,NA,0.346410162,3,NA,,,NA,NA,NA,NA,http://legacy.tropicos.org/Image/101169850?projectid=56
Anthurium harrisii,"Pothos harrisii, Podospadix harrisii, Anthurium assimile, Anthurium consanguineum, Anthurium longifolium, Anthurium scolopendroides, Anthurium undulatum, Pothos rubricaulis",Araceae,N,Green,F,I,2,None Specified,NA,NA,NA,0,NA,,NA,NA,NA,NA,NA,,NA,NA,NA,NA,NA,,,NA,NA,NA,NA,NA,,NA,NA,NA,NA,NA,,NA,NA,NA,NA,NA,,,NA,NA,NA,NA,Júnior 2021
Apeiba aspera,Apeiba glabra,Malvaceae,N,Brown,D,D,167,None Specified,NA,NA,NA,6,NA,Range,3,5,NA,100,2,None Specified,NA,NA,NA,6,0.02,W,None Specified,NA,NA,NA,0,56.75,SD,NA,NA,27.36503243,2,NA,Range,20,30,NA,0,10.6,D,None Specified,NA,NA,NA,6,"Marthews 2008, Stevenson 2007, Stevenson 2002, Sautu 2004, Zambrano 2006, Dorr 2012"
Apeiba aspera,,,,,,,NA,,NA,NA,NA,NA,1.883333333,SD,NA,NA,0.194079022,6,1.18,SD,NA,NA,0.083666003,5,0.0142,W,SD,NA,NA,0.0038,100,NA,Range,50,70,NA,0,51,SD,NA,NA,35.63818177,2,14.4,W,None Specified,NA,NA,NA,6,"Marthews 2008, Stevenson 2007, Stevenson 2002, Sautu 2004, Zambrano 2006, Dorr 2012"
Araucaria angustifolia,,Araucaria,N,Brown,D,I,150,None Specified,NA,NA,NA,0,49.3,SE,NA,NA,1.16,8,14.8,SE,NA,NA,0.7,8,6.7,NA,None Specified,NA,NA,NA,0,150,None Specified,NA,NA,NA,0,150,None Specified,NA,NA,NA,0,2300,NA,None Specified,NA,NA,NA,0,"Guimarães 2008, Peralta 2016, Shibata 2013, Lima 2007, Ferreira 1979, Mantovani 2004"
Araucaria angustifolia,,,,,,,93.9,SD,NA,NA,21,31,50,None Specified,NA,NA,NA,0,10,None Specified,NA,NA,NA,0,8.7,NA,None Specified,NA,NA,NA,0,NA,,NA,NA,NA,NA,NA,,NA,NA,NA,NA,NA,NA,Range,610,4700,NA,0,"Guimarães 2008, Peralta 2016, Shibata 2013, Lima 2007, Ferreira 1979, Mantovani 2004"
Araucaria angustifolia,,,,,,,80.7,SD,NA,NA,25.2,90,NA,Range,30,80,NA,0,NA,Range,10,25,NA,0,6.58,NA,SD,NA,NA,1.4,560,NA,,NA,NA,NA,NA,NA,,NA,NA,NA,NA,NA,,,NA,NA,NA,NA,"Guimarães 2008, Peralta 2016, Shibata 2013, Lima 2007, Ferreira 1979, Mantovani 2004"
Araucaria angustifolia,,,,,,,NA,,NA,NA,NA,NA,55.2,None Specified,NA,NA,NA,1,17.9,None Specified,NA,NA,NA,1,7,NA,SD,NA,NA,1.6,1800,NA,,NA,NA,NA,NA,NA,,NA,NA,NA,NA,NA,,,NA,NA,NA,NA,"Guimarães 2008, Peralta 2016, Shibata 2013, Lima 2007, Ferreira 1979, Mantovani 2004"
Artocarpus heterophyllus,,Moraceae,Y,Yellow,F,I,NA,Range,100,500,NA,0,NA,Range,20,40,NA,0,NA,Range,10,20,NA,0,NA,NA,Range,2.5,14,NA,0,NA,Range,300,1000,NA,0,NA,Range,250,500,NA,0,NA,,,NA,NA,NA,NA,"Lazure 2010, https://books.google.com/books?hl=en&lr=&id=NwcKlmkud6UC&oi=fnd&pg=PR1&dq=%22Artocarpus+heterophyllus%22+AND+fruit&ots=nZN0RhVlgb&sig=dE2JCQ0ts3WXIhz0z6iCbnQKJVE#v=onepage&q=heterophyllus&f=false"
Artocarpus heterophyllus,,,,,,,NA,Range,20,50,NA,0,NA,,NA,NA,NA,NA,NA,,NA,NA,NA,NA,NA,,,NA,NA,NA,NA,NA,,NA,NA,NA,NA,NA,,NA,NA,NA,NA,NA,,,NA,NA,NA,NA,"Lazure 2010, https://books.google.com/books?hl=en&lr=&id=NwcKlmkud6UC&oi=fnd&pg=PR1&dq=%22Artocarpus+heterophyllus%22+AND+fruit&ots=nZN0RhVlgb&sig=dE2JCQ0ts3WXIhz0z6iCbnQKJVE#v=onepage&q=heterophyllus&f=false"
Artocarpus heterophyllus,,,,,,,NA,Range,50,200,NA,0,31,SE,NA,NA,2,558,NA,,NA,NA,NA,NA,NA,,,NA,NA,NA,NA,500,None Specified,NA,NA,NA,0,340,None Specified,NA,NA,NA,0,NA,,,NA,NA,NA,NA,"Lazure 2010, https://books.google.com/books?hl=en&lr=&id=NwcKlmkud6UC&oi=fnd&pg=PR1&dq=%22Artocarpus+heterophyllus%22+AND+fruit&ots=nZN0RhVlgb&sig=dE2JCQ0ts3WXIhz0z6iCbnQKJVE#v=onepage&q=heterophyllus&f=false"
Astrocaryum aculeatissimum,,Arecaceae,Y,Brown,F,I,1,None Specified,NA,NA,NA,0,42.7,None Specified,NA,NA,NA,0,28.8,None Specified,NA,NA,NA,0,17.36,NA,None Specified,NA,NA,NA,0,47.9,None Specified,NA,NA,NA,0,32.2,None Specified,NA,NA,NA,0,28.7,NA,None Specified,NA,NA,NA,0,"Galetti 2011, Galetti 2015, Guimarães 2008, Kissling 2019, Donatti 2009"
Astrocaryum aculeatissimum,,,,,,,1,None Specified,NA,NA,NA,0,42.7,None Specified,NA,NA,NA,0,28.8,None Specified,NA,NA,NA,0,13.252,W,SD,NA,NA,3.96,15,40,None Specified,NA,NA,NA,0,35,None Specified,NA,NA,NA,0,55.6,NA,None Specified,NA,NA,NA,0,"Galetti 2011, Galetti 2015, Guimarães 2008, Kissling 2019, Donatti 2009"
Astrocaryum aculeatissimum,,,,,,,1,None Specified,NA,NA,NA,0,42.7,None Specified,NA,NA,NA,0,28.8,None Specified,NA,NA,NA,0,13.252,W,SD,NA,NA,3.96,15,NA,Range,50,60,NA,0,NA,Range,30,40,NA,0,55.6,NA,None Specified,NA,NA,NA,0,"Galetti 2011, Galetti 2015, Guimarães 2008, Kissling 2019, Donatti 2009"
Astrocaryum aculeatissimum,,,,,,,1,None Specified,NA,NA,NA,12.5,42.7,None Specified,NA,NA,NA,0,28.8,None Specified,NA,NA,NA,0,13.252,W,SD,NA,NA,3.96,15,60,None Specified,NA,NA,NA,12.5,35,None Specified,NA,NA,NA,12.5,29.5,NA,None Specified,NA,NA,NA,12.5,"Galetti 2011, Galetti 2015, Guimarães 2008, Kissling 2019, Donatti 2009"
Astrocaryum aculeatum,,Arecaceae,N,Yellow/Red,F,I,NA,,NA,NA,NA,NA,8.7,SD,NA,NA,0.7,3,6.233333333,SD,NA,NA,0.776745347,3,12.18,D,None Specified,NA,NA,NA,17,NA,Range,45,65,NA,0,NA,Range,35,45,NA,0,NA,NA,Range,70,90,NA,0,"Guimarães 2008, Kahn 2008, Hammond 1995, http://specimens.kew.org/herbarium/K000652769"
Astrocaryum aculeatum,,,,,,,NA,,NA,NA,NA,NA,NA,,NA,NA,NA,NA,NA,,NA,NA,NA,NA,17.72,W,None Specified,NA,NA,NA,17,NA,,NA,NA,NA,NA,NA,Range,40,60,NA,0,NA,,,NA,NA,NA,NA,"Guimarães 2008, Kahn 2008, Hammond 1995, http://specimens.kew.org/herbarium/K000652769"
Astrocaryum alatum,Hexopetion alatum,Arecaceae,N,Green/Brown,F,I,1,None Specified,NA,NA,NA,1,60,None Specified,NA,NA,NA,104,40,None Specified,NA,NA,NA,104,25.1,NA,SD,NA,NA,4.5,104,26,None Specified,NA,NA,NA,0,18,None Specified,NA,NA,NA,0,NA,,,NA,NA,NA,NA,"Kissling 2019, Kuprewicz 2013, Loomis 1939"
Astrocaryum chambira,,Arecaceae,N,Yellow/Orange,F,I,1,None Specified,NA,NA,NA,6,52.5,None Specified,NA,NA,NA,5,35,None Specified,NA,NA,NA,6,116.936667,W,None Specified,NA,NA,NA,5,NA,Range,50,70,NA,0,NA,Range,40,50,NA,0,50.0666667,D,None Specified,NA,NA,NA,6,"Stevenson 2023, Kissling 2019, Stevenson 2002, Ramírez 2018, Ramírez 2009, Jensen 1995"
Astrocaryum chambira,,,,,,,NA,,NA,NA,NA,NA,NA,,NA,NA,NA,NA,NA,,NA,NA,NA,NA,44.7,D,None Specified,NA,NA,NA,5,NA,Range,60,80,NA,0,NA,Range,45,50,NA,0,91.5666667,W,None Specified,NA,NA,NA,6,"Stevenson 2023, Kissling 2019, Stevenson 2002, Ramírez 2018, Ramírez 2009, Jensen 1995"
Astrocaryum chambira,,,,,,,NA,,NA,NA,NA,NA,NA,,NA,NA,NA,NA,NA,,NA,NA,NA,NA,NA,,,NA,NA,NA,NA,NA,Range,50,60,NA,0,NA,Range,40,45,NA,0,NA,,,NA,NA,NA,NA,"Stevenson 2023, Kissling 2019, Stevenson 2002, Ramírez 2018, Ramírez 2009, Jensen 1995"
Astrocaryum chambira,,,,,,,NA,,NA,NA,NA,NA,NA,,NA,NA,NA,NA,NA,,NA,NA,NA,NA,NA,,,NA,NA,NA,NA,NA,Range,60,70,NA,0,47.5,None Specified,NA,NA,NA,5,NA,,,NA,NA,NA,NA,"Stevenson 2023, Kissling 2019, Stevenson 2002, Ramírez 2018, Ramírez 2009, Jensen 1995"
Astrocaryum chambira,,,,,,,NA,,NA,NA,NA,NA,NA,,NA,NA,NA,NA,NA,,NA,NA,NA,NA,NA,,,NA,NA,NA,NA,70,None Specified,NA,NA,NA,5,NA,,NA,NA,NA,NA,NA,,,NA,NA,NA,NA,"Stevenson 2023, Kissling 2019, Stevenson 2002, Ramírez 2018, Ramírez 2009, Jensen 1995"
Astrocaryum jauari,Astrocaryum guara,Arecaceae,N,Yellow/Orange,F,I,NA,,NA,NA,NA,NA,40,None Specified,NA,NA,NA,0,25,None Specified,NA,NA,NA,0,13.8,W,None Specified,NA,NA,NA,0,34.9,Unknown +/-,NA,NA,5,20,27.1,Unknown +/-,NA,NA,2,20,14.98,W,Unknown +/-,NA,NA,2.1,20,"Piedade 2006, Kahn 1992, Lucas 2008, Correa 2007, Costa 2023"
Astrocaryum jauari,,,,,,,NA,,NA,NA,NA,NA,32.5,None Specified,NA,NA,NA,3,NA,,NA,NA,NA,NA,NA,,,NA,NA,NA,NA,35.9,Unknown +/-,NA,NA,6,20,28.5,Unknown +/-,NA,NA,3,20,17.38,W,Unknown +/-,NA,NA,4.9,20,"Piedade 2006, Kahn 1992, Lucas 2008, Correa 2007, Costa 2023"
Astrocaryum jauari,,,,,,,NA,,NA,NA,NA,NA,NA,,NA,NA,NA,NA,NA,,NA,NA,NA,NA,NA,,,NA,NA,NA,NA,42.1,Unknown +/-,NA,NA,8,20,30.5,Unknown +/-,NA,NA,2,20,22.23,W,Unknown +/-,NA,NA,5.5,20,"Piedade 2006, Kahn 1992, Lucas 2008, Correa 2007, Costa 2023"
Astrocaryum jauari,,,,,,,NA,,NA,NA,NA,NA,NA,,NA,NA,NA,NA,NA,,NA,NA,NA,NA,NA,,,NA,NA,NA,NA,37.8,Unknown +/-,NA,NA,5,20,26.8,Unknown +/-,NA,NA,2,20,14.8,W,Unknown +/-,NA,NA,2.6,20,"Piedade 2006, Kahn 1992, Lucas 2008, Correa 2007, Costa 2023"
Astrocaryum jauari,,,,,,,NA,,NA,NA,NA,NA,NA,,NA,NA,NA,NA,NA,,NA,NA,NA,NA,NA,,,NA,NA,NA,NA,38.6,Unknown +/-,NA,NA,3,20,27.4,Unknown +/-,NA,NA,3,20,15.88,W,Unknown +/-,NA,NA,3.1,20,"Piedade 2006, Kahn 1992, Lucas 2008, Correa 2007, Costa 2023"
Astrocaryum jauari,,,,,,,NA,,NA,NA,NA,NA,NA,,NA,NA,NA,NA,NA,,NA,NA,NA,NA,NA,,,NA,NA,NA,NA,44.5,Unknown +/-,NA,NA,10,20,32.4,Unknown +/-,NA,NA,4,20,26.8,W,Unknown +/-,NA,NA,6.2,20,"Piedade 2006, Kahn 1992, Lucas 2008, Correa 2007, Costa 2023"
Astrocaryum jauari,,,,,,,NA,,NA,NA,NA,NA,NA,,NA,NA,NA,NA,NA,,NA,NA,NA,NA,NA,,,NA,NA,NA,NA,35.1,Unknown +/-,NA,NA,6,20,24.3,Unknown +/-,NA,NA,4,20,11.5,W,Unknown +/-,NA,NA,2.9,20,"Piedade 2006, Kahn 1992, Lucas 2008, Correa 2007, Costa 2023"
Astrocaryum jauari,,,,,,,NA,,NA,NA,NA,NA,NA,,NA,NA,NA,NA,NA,,NA,NA,NA,NA,NA,,,NA,NA,NA,NA,32.7,Unknown +/-,NA,NA,3,20,22.8,Unknown +/-,NA,NA,3,20,10.53,W,Unknown +/-,NA,NA,4.2,20,"Piedade 2006, Kahn 1992, Lucas 2008, Correa 2007, Costa 2023"
Astrocaryum jauari,,,,,,,NA,,NA,NA,NA,NA,NA,,NA,NA,NA,NA,NA,,NA,NA,NA,NA,NA,,,NA,NA,NA,NA,38,Unknown +/-,NA,NA,8,20,29.4,Unknown +/-,NA,NA,2,20,19.01,W,Unknown +/-,NA,NA,5.1,20,"Piedade 2006, Kahn 1992, Lucas 2008, Correa 2007, Costa 2023"
Astrocaryum jauari,,,,,,,NA,,NA,NA,NA,NA,NA,,NA,NA,NA,NA,NA,,NA,NA,NA,NA,NA,,,NA,NA,NA,NA,38,Unknown +/-,NA,NA,6,20,28.9,Unknown +/-,NA,NA,3,20,17.53,W,Unknown +/-,NA,NA,2.6,20,"Piedade 2006, Kahn 1992, Lucas 2008, Correa 2007, Costa 2023"
Astrocaryum jauari,,,,,,,NA,,NA,NA,NA,NA,NA,,NA,NA,NA,NA,NA,,NA,NA,NA,NA,NA,,,NA,NA,NA,NA,25.1,None Specified,NA,NA,NA,1,15.5,None Specified,NA,NA,NA,1,NA,,,NA,NA,NA,NA,"Piedade 2006, Kahn 1992, Lucas 2008, Correa 2007, Costa 2023"
Astrocaryum murumuru,,Arecaceae,N,Yellow,F,I,NA,,NA,NA,NA,NA,NA,Range,27,48,NA,10,NA,Range,22,28,NA,10,7.4,NA,SE,5.4,8.9,1.08,11,NA,Range,60,85,NA,0,NA,Range,38,44,NA,0,NA,,,NA,NA,NA,NA,"Kissling 2019, Cintra 1997, Foster 1985"
Astrocaryum murumuru,,,,,,,NA,,NA,NA,NA,NA,NA,,NA,NA,NA,NA,NA,,NA,NA,NA,NA,11.9,W,None Specified,NA,NA,NA,0,NA,,NA,NA,NA,NA,NA,,NA,NA,NA,NA,NA,,,NA,NA,NA,NA,"Kissling 2019, Cintra 1997, Foster 1985"
Astrocaryum paramaca,"Astrocaryum acanthopodium, Bactris paraensis",Arecaceae,N,Orange,F,I,NA,,NA,NA,NA,NA,NA,,NA,NA,NA,NA,NA,,NA,NA,NA,NA,NA,NA,Range,4,6,NA,0,NA,Range,35,40,NA,0,NA,Range,20,25,NA,0,3.8,NA,None Specified,NA,NA,NA,0,"Forget unpublished, Brewer 1999, https://press.princeton.edu/books/hardcover/9780691656120/field-guide-to-the-palms-of-the-americas, https://www.worldcat.org/title/brazilian-flora-lorenzi-arecaceae-palms/oclc/648879292, https://www.worldcat.org/title/evolution-and-ecology-of-palms/oclc/50064458 "
Astrocaryum paramaca,,,,,,,NA,,NA,NA,NA,NA,NA,,NA,NA,NA,NA,NA,,NA,NA,NA,NA,NA,NA,Range,4,6,NA,0,40,None Specified,NA,NA,NA,0,NA,Range,20,25,NA,0,3.8,NA,None Specified,NA,NA,NA,0,"Forget unpublished, Brewer 1999, https://press.princeton.edu/books/hardcover/9780691656120/field-guide-to-the-palms-of-the-americas, https://www.worldcat.org/title/brazilian-flora-lorenzi-arecaceae-palms/oclc/648879292, https://www.worldcat.org/title/evolution-and-ecology-of-palms/oclc/50064458 "
Astrocaryum standleyanum,Astrocaryum trachycarpum,Arecaceae,N,Orange,F,I,NA,Range,1,3,NA,0,20,None Specified,NA,NA,NA,0,15,None Specified,NA,NA,NA,0,15.1,NA,None Specified,NA,NA,NA,0,NA,Range,40,60,NA,0,NA,Range,27,35,NA,0,NA,,,NA,NA,NA,NA,"Hirsch 2012, Castro 2013, Dittel 2015, Kilgore 2010, Fadiman 2003, https://press.princeton.edu/books/hardcover/9780691656120/field-guide-to-the-palms-of-the-americas, https://www.worldcat.org/title/evolution-and-ecology-of-palms/oclc/50064458, https://www.scirp.org/(S(351jmbntvnsjt1aadkozje))/reference/referencespapers.aspx?referenceid=2437734, Forget unpublished, Jansen 2010"
Astrocaryum standleyanum,,,,,,,NA,Range,1,3,NA,0,20,None Specified,NA,NA,NA,0,15,None Specified,NA,NA,NA,0,15.1,NA,None Specified,NA,NA,NA,0,NA,Range,30,60,NA,0,NA,Range,20,30,NA,0,NA,,,NA,NA,NA,NA,"Hirsch 2012, Castro 2013, Dittel 2015, Kilgore 2010, Fadiman 2003, https://press.princeton.edu/books/hardcover/9780691656120/field-guide-to-the-palms-of-the-americas, https://www.worldcat.org/title/evolution-and-ecology-of-palms/oclc/50064458, https://www.scirp.org/(S(351jmbntvnsjt1aadkozje))/reference/referencespapers.aspx?referenceid=2437734, Forget unpublished, Jansen 2010"
Astrocaryum standleyanum,,,,,,,NA,Range,1,3,NA,0,20,None Specified,NA,NA,NA,0,15,None Specified,NA,NA,NA,0,15.1,NA,None Specified,NA,NA,NA,0,NA,Range,25,60,NA,0,NA,Range,30,45,NA,0,NA,,,NA,NA,NA,NA,"Hirsch 2012, Castro 2013, Dittel 2015, Kilgore 2010, Fadiman 2003, https://press.princeton.edu/books/hardcover/9780691656120/field-guide-to-the-palms-of-the-americas, https://www.worldcat.org/title/evolution-and-ecology-of-palms/oclc/50064458, https://www.scirp.org/(S(351jmbntvnsjt1aadkozje))/reference/referencespapers.aspx?referenceid=2437734, Forget unpublished, Jansen 2010"
Astrocaryum standleyanum,,,,,,,NA,Range,1,3,NA,0,20,None Specified,NA,NA,NA,0,15,None Specified,NA,NA,NA,0,15.1,NA,None Specified,NA,NA,NA,0,40,None Specified,NA,NA,NA,0,30,None Specified,NA,NA,NA,0,NA,,,NA,NA,NA,NA,"Hirsch 2012, Castro 2013, Dittel 2015, Kilgore 2010, Fadiman 2003, https://press.princeton.edu/books/hardcover/9780691656120/field-guide-to-the-palms-of-the-americas, https://www.worldcat.org/title/evolution-and-ecology-of-palms/oclc/50064458, https://www.scirp.org/(S(351jmbntvnsjt1aadkozje))/reference/referencespapers.aspx?referenceid=2437734, Forget unpublished, Jansen 2010"
Astrocaryum standleyanum,,,,,,,NA,Range,1,3,NA,0,20,None Specified,NA,NA,NA,0,15,None Specified,NA,NA,NA,0,9.6,NA,None Specified,NA,NA,NA,0,50,None Specified,NA,NA,NA,0,35,None Specified,NA,NA,NA,0,NA,,,NA,NA,NA,NA,"Hirsch 2012, Castro 2013, Dittel 2015, Kilgore 2010, Fadiman 2003, https://press.princeton.edu/books/hardcover/9780691656120/field-guide-to-the-palms-of-the-americas, https://www.worldcat.org/title/evolution-and-ecology-of-palms/oclc/50064458, https://www.scirp.org/(S(351jmbntvnsjt1aadkozje))/reference/referencespapers.aspx?referenceid=2437734, Forget unpublished, Jansen 2010"
Attalea butyracea,"Attalea blepharopus, Scheelea blepharopus, Attalea gomphococca, Scheelea gomphococca, Attalea humboldtiana, Scheelea humboldtiana, Attalea macrocarpa, Scheelea macrocarpa, Attalea pycnocarpa, Attalea wallisii, Scheelea wallisii, Cocos butyracea, Scheeelea butyracea, Scheelea dryanderae, Scheelea excelsa, Scheelea passargei, Scheelea regia",Arecaceae,N,Yellow/Orange,F,I,3,None Specified,NA,NA,NA,4,36.7,SD,NA,NA,0.989949494,2,9.7,SD,NA,NA,0,2,22.2,NA,None Specified,NA,NA,NA,0,NA,Range,45,120,NA,0,NA,Range,30,45,NA,0,73,NA,None Specified,NA,NA,NA,0,"Balick 1979, Moraes 2016, Dittel 2015, Gálvez 2007, Bernal 2010, Almeida 2007, Forget unpublished, Trujillo 2021, https://press.princeton.edu/books/hardcover/9780691656120/field-guide-to-the-palms-of-the-americas, https://www.worldcat.org/title/evolution-and-ecology-of-palms/oclc/50064458, https://www.scirp.org/(S(351jmbntvnsjt1aadkozje))/reference/referencespapers.aspx?referenceid=2437734, https://collections-botany.fieldmuseum.org/catalogue/1823365, https://books.google.com/books?hl=en&lr=&id=Uwm6MuLlnU0C&oi=fnd&pg=PA7&dq=+%C3%81rboles+tropicales+de+M%C3%A9xico+:+manual+para+la+identificaci%C3%B3n+de+las+principales+especies&ots=zpBEv7x_7A&sig=E1N8QPi3TZ2MKByKmx7M4Z6Js7Q#v=onepage&q=butyracea&f=false"
Attalea butyracea,,,,,,,NA,Range,1,2,NA,0,NA,Range,30,50,NA,0,NA,Range,5,12,NA,0,22.2,NA,None Specified,NA,NA,NA,0,NA,Range,50,60,NA,0,NA,Range,25,35,NA,0,73,NA,None Specified,NA,NA,NA,0,"Balick 1979, Moraes 2016, Dittel 2015, Gálvez 2007, Bernal 2010, Almeida 2007, Forget unpublished, Trujillo 2021, https://press.princeton.edu/books/hardcover/9780691656120/field-guide-to-the-palms-of-the-americas, https://www.worldcat.org/title/evolution-and-ecology-of-palms/oclc/50064458, https://www.scirp.org/(S(351jmbntvnsjt1aadkozje))/reference/referencespapers.aspx?referenceid=2437734, https://collections-botany.fieldmuseum.org/catalogue/1823365, https://books.google.com/books?hl=en&lr=&id=Uwm6MuLlnU0C&oi=fnd&pg=PA7&dq=+%C3%81rboles+tropicales+de+M%C3%A9xico+:+manual+para+la+identificaci%C3%B3n+de+las+principales+especies&ots=zpBEv7x_7A&sig=E1N8QPi3TZ2MKByKmx7M4Z6Js7Q#v=onepage&q=butyracea&f=false"
Attalea butyracea,,,,,,,NA,Range,1,3,NA,0,NA,Range,30,50,NA,0,NA,Range,5,12,NA,0,22.2,NA,None Specified,NA,NA,NA,0,NA,Range,45,85,NA,0,NA,Range,25,45,NA,0,73,NA,None Specified,NA,NA,NA,0,"Balick 1979, Moraes 2016, Dittel 2015, Gálvez 2007, Bernal 2010, Almeida 2007, Forget unpublished, Trujillo 2021, https://press.princeton.edu/books/hardcover/9780691656120/field-guide-to-the-palms-of-the-americas, https://www.worldcat.org/title/evolution-and-ecology-of-palms/oclc/50064458, https://www.scirp.org/(S(351jmbntvnsjt1aadkozje))/reference/referencespapers.aspx?referenceid=2437734, https://collections-botany.fieldmuseum.org/catalogue/1823365, https://books.google.com/books?hl=en&lr=&id=Uwm6MuLlnU0C&oi=fnd&pg=PA7&dq=+%C3%81rboles+tropicales+de+M%C3%A9xico+:+manual+para+la+identificaci%C3%B3n+de+las+principales+especies&ots=zpBEv7x_7A&sig=E1N8QPi3TZ2MKByKmx7M4Z6Js7Q#v=onepage&q=butyracea&f=false"
Attalea butyracea,,,,,,,NA,Range,1,4,NA,0,40,None Specified,NA,NA,NA,0,18,None Specified,NA,NA,NA,0,22.2,NA,None Specified,NA,NA,NA,0,NA,Range,45,85,NA,0,NA,Range,25,45,NA,0,73,NA,None Specified,NA,NA,NA,0,"Balick 1979, Moraes 2016, Dittel 2015, Gálvez 2007, Bernal 2010, Almeida 2007, Forget unpublished, Trujillo 2021, https://press.princeton.edu/books/hardcover/9780691656120/field-guide-to-the-palms-of-the-americas, https://www.worldcat.org/title/evolution-and-ecology-of-palms/oclc/50064458, https://www.scirp.org/(S(351jmbntvnsjt1aadkozje))/reference/referencespapers.aspx?referenceid=2437734, https://collections-botany.fieldmuseum.org/catalogue/1823365, https://books.google.com/books?hl=en&lr=&id=Uwm6MuLlnU0C&oi=fnd&pg=PA7&dq=+%C3%81rboles+tropicales+de+M%C3%A9xico+:+manual+para+la+identificaci%C3%B3n+de+las+principales+especies&ots=zpBEv7x_7A&sig=E1N8QPi3TZ2MKByKmx7M4Z6Js7Q#v=onepage&q=butyracea&f=false"
Attalea butyracea,,,,,,,NA,Range,1,4,NA,0,NA,Range,30,50,NA,0,NA,Range,5,12,NA,0,22.2,NA,None Specified,NA,NA,NA,0,60,None Specified,NA,NA,NA,0,30,None Specified,NA,NA,NA,0,73,NA,None Specified,NA,NA,NA,0,"Balick 1979, Moraes 2016, Dittel 2015, Gálvez 2007, Bernal 2010, Almeida 2007, Forget unpublished, Trujillo 2021, https://press.princeton.edu/books/hardcover/9780691656120/field-guide-to-the-palms-of-the-americas, https://www.worldcat.org/title/evolution-and-ecology-of-palms/oclc/50064458, https://www.scirp.org/(S(351jmbntvnsjt1aadkozje))/reference/referencespapers.aspx?referenceid=2437734, https://collections-botany.fieldmuseum.org/catalogue/1823365, https://books.google.com/books?hl=en&lr=&id=Uwm6MuLlnU0C&oi=fnd&pg=PA7&dq=+%C3%81rboles+tropicales+de+M%C3%A9xico+:+manual+para+la+identificaci%C3%B3n+de+las+principales+especies&ots=zpBEv7x_7A&sig=E1N8QPi3TZ2MKByKmx7M4Z6Js7Q#v=onepage&q=butyracea&f=false"
Attalea butyracea,,,,,,,NA,Range,1,4,NA,0,NA,Range,30,50,NA,0,NA,Range,5,12,NA,0,22.2,NA,None Specified,NA,NA,NA,0,NA,Range,64,75,NA,0,NA,Range,48,51,NA,0,73,NA,None Specified,NA,NA,NA,0,"Balick 1979, Moraes 2016, Dittel 2015, Gálvez 2007, Bernal 2010, Almeida 2007, Forget unpublished, Trujillo 2021, https://press.princeton.edu/books/hardcover/9780691656120/field-guide-to-the-palms-of-the-americas, https://www.worldcat.org/title/evolution-and-ecology-of-palms/oclc/50064458, https://www.scirp.org/(S(351jmbntvnsjt1aadkozje))/reference/referencespapers.aspx?referenceid=2437734, https://collections-botany.fieldmuseum.org/catalogue/1823365, https://books.google.com/books?hl=en&lr=&id=Uwm6MuLlnU0C&oi=fnd&pg=PA7&dq=+%C3%81rboles+tropicales+de+M%C3%A9xico+:+manual+para+la+identificaci%C3%B3n+de+las+principales+especies&ots=zpBEv7x_7A&sig=E1N8QPi3TZ2MKByKmx7M4Z6Js7Q#v=onepage&q=butyracea&f=false"
Attalea dubia,,Arecaceae,N,Red/Brown,D,I,1,None Specified,NA,NA,NA,0,42.5,None Specified,NA,NA,NA,0,15,None Specified,NA,NA,NA,0,28,NA,None Specified,NA,NA,NA,0,NA,Range,60,65,NA,0,NA,Range,30,40,NA,0,33.2,NA,None Specified,NA,NA,NA,0,"Meiga 2015, Lescano 2018, Galetti 2015, Guimarães 2008, Kissling 2019"
Attalea dubia,,,,,,,1,None Specified,NA,NA,NA,0,42.5,None Specified,NA,NA,NA,0,15,None Specified,NA,NA,NA,0,18.959,W,SD,NA,NA,2.99,279,65,None Specified,NA,NA,NA,0,32.5,None Specified,NA,NA,NA,0,33.2,NA,None Specified,NA,NA,NA,0,"Meiga 2015, Lescano 2018, Galetti 2015, Guimarães 2008, Kissling 2019"
Attalea dubia,,,,,,,1,None Specified,NA,NA,NA,0,42,SD,NA,NA,4,0,24,SD,NA,NA,2,0,16,W,SD,NA,NA,4,0,63.65,SD,NA,NA,5.32,100,56.03,SD,NA,NA,6.22,100,98.2,W,SD,NA,NA,3.58,100,"Meiga 2015, Lescano 2018, Galetti 2015, Guimarães 2008, Kissling 2019"
Attalea dubia,,,,,,,1,None Specified,NA,NA,NA,0,42,SD,NA,NA,4,0,24,SD,NA,NA,2,0,57.7,W,SD,NA,NA,2.51,100,63.65,SD,NA,NA,5.32,100,56.03,SD,NA,NA,6.22,100,98.2,W,SD,NA,NA,3.58,100,"Meiga 2015, Lescano 2018, Galetti 2015, Guimarães 2008, Kissling 2019"
Attalea maripa,Maximiliana maripa,Arecaceae,N,Orange,F,I,NA,Range,1,3,NA,0,NA,Range,37.6,41.1,NA,0,NA,Range,16.7,20.2,NA,0,NA,NA,Range,7,17,NA,0,NA,Range,40,60,NA,0,NA,Range,25,30,NA,0,NA,NA,Range,14,26,NA,0,"Guimarães 2008, Wallace 2005, Trujillo 2021, Guix 2006, Fragaso 1994, Silvius 2002, https://press.princeton.edu/books/hardcover/9780691656120/field-guide-to-the-palms-of-the-americas, https://www.worldcat.org/title/evolution-and-ecology-of-palms/oclc/50064458, https://www.scirp.org/(S(351jmbntvnsjt1aadkozje))/reference/referencespapers.aspx?referenceid=2437734"
Attalea maripa,,,,,,,2.5,None Specified,NA,NA,NA,0,NA,,NA,NA,NA,NA,NA,,NA,NA,NA,NA,NA,,,NA,NA,NA,NA,NA,,NA,NA,NA,NA,NA,,NA,NA,NA,NA,13.9,NA,None Specified,NA,NA,NA,0,"Guimarães 2008, Wallace 2005, Trujillo 2021, Guix 2006, Fragaso 1994, Silvius 2002, https://press.princeton.edu/books/hardcover/9780691656120/field-guide-to-the-palms-of-the-americas, https://www.worldcat.org/title/evolution-and-ecology-of-palms/oclc/50064458, https://www.scirp.org/(S(351jmbntvnsjt1aadkozje))/reference/referencespapers.aspx?referenceid=2437734"
Attalea maripa,,,,,,,3,None Specified,NA,NA,NA,1,40,None Specified,NA,NA,NA,0,20,None Specified,NA,NA,NA,0,NA,,,NA,NA,NA,NA,55,None Specified,NA,NA,NA,0,40,None Specified,NA,NA,NA,0,12.2,NA,None Specified,NA,NA,NA,0,"Guimarães 2008, Wallace 2005, Trujillo 2021, Guix 2006, Fragaso 1994, Silvius 2002, https://press.princeton.edu/books/hardcover/9780691656120/field-guide-to-the-palms-of-the-americas, https://www.worldcat.org/title/evolution-and-ecology-of-palms/oclc/50064458, https://www.scirp.org/(S(351jmbntvnsjt1aadkozje))/reference/referencespapers.aspx?referenceid=2437734"
Attalea oleifera,,Arecaceae,N,Brown,D,I,NA,Range,4,6,NA,0,40.3,None Specified,NA,NA,NA,1,15.8,None Specified,NA,NA,NA,1,NA,,,NA,NA,NA,NA,NA,Range,70,110,NA,0,NA,Range,40,60,NA,0,NA,D,Range,152,404,NA,0,"Kissling 2019, Ferreira 2010, Anderson 1988, Lazure 2010"
Attalea oleifera,,,,,,,NA,Range,4,6,NA,0,40.3,None Specified,NA,NA,NA,1,15.8,None Specified,NA,NA,NA,1,NA,,,NA,NA,NA,NA,NA,Range,130,140,NA,0,NA,Range,75,80,NA,0,NA,D,Range,152,404,NA,0,"Kissling 2019, Ferreira 2010, Anderson 1988, Lazure 2010"
Attalea oleifera,,,,,,,NA,Range,4,6,NA,0,40.3,None Specified,NA,NA,NA,1,15.8,None Specified,NA,NA,NA,1,NA,,,NA,NA,NA,NA,61,SE,NA,NA,2,353,NA,Range,75,80,NA,0,NA,D,Range,152,404,NA,0,"Kissling 2019, Ferreira 2010, Anderson 1988, Lazure 2010"
Attalea phalerata,,Arecaceae,N,Green/Brown,D,I,NA,Range,2,5,NA,0,9.133333333,SD,NA,NA,1.372042273,9,7.111111111,SD,NA,NA,0.581903008,9,18.58,W,SD,NA,NA,0.34,100,NA,Range,60,110,NA,0,NA,Range,30,50,NA,0,39.4,D,None Specified,NA,NA,NA,5,"Lescano 2018, Kissling 2019, Morales 1996, Donatti 2007"
Attalea phalerata,,,,,,,NA,,NA,NA,NA,NA,NA,,NA,NA,NA,NA,NA,,NA,NA,NA,NA,NA,,,NA,NA,NA,NA,62.7,Unknown +/-,NA,NA,3.7,30,34.9,Unknown +/-,NA,NA,2.9,30,53.7,D,None Specified,NA,NA,NA,5,"Lescano 2018, Kissling 2019, Morales 1996, Donatti 2007"
Attalea phalerata,,,,,,,NA,,NA,NA,NA,NA,NA,,NA,NA,NA,NA,NA,,NA,NA,NA,NA,NA,,,NA,NA,NA,NA,34.3,SD,NA,NA,1.513274595,3,31.16666667,SD,NA,NA,3.888873016,3,91.7,W,None Specified,NA,NA,NA,5,"Lescano 2018, Kissling 2019, Morales 1996, Donatti 2007"
Attalea phalerata,,,,,,,NA,,NA,NA,NA,NA,NA,,NA,NA,NA,NA,NA,,NA,NA,NA,NA,NA,,,NA,NA,NA,NA,59.25,SD,NA,NA,1.42,100,30.65,SD,NA,NA,1.36,100,39.6,W,Unknown +/-,NA,NA,6.8,30,"Lescano 2018, Kissling 2019, Morales 1996, Donatti 2007"
Attalea phalerata,,,,,,,NA,,NA,NA,NA,NA,NA,,NA,NA,NA,NA,NA,,NA,NA,NA,NA,NA,,,NA,NA,NA,NA,NA,,NA,NA,NA,NA,NA,,NA,NA,NA,NA,39,W,SD,NA,NA,3.76,100,"Lescano 2018, Kissling 2019, Morales 1996, Donatti 2007"
Attalea phalerata,,,,,,,NA,,NA,NA,NA,NA,NA,,NA,NA,NA,NA,NA,,NA,NA,NA,NA,NA,,,NA,NA,NA,NA,NA,,NA,NA,NA,NA,NA,,NA,NA,NA,NA,57.1,W,None Specified,NA,NA,NA,5,"Lescano 2018, Kissling 2019, Morales 1996, Donatti 2007"
Avicennia germinans,"Bontia germinans, Hilairanthus germinans, Avicennia africana, Avicennia elliptica, Avicennia floridana, Avicennia lamarckiana, Avicennia meyeri, Avicennia nitida, Avicennia oblongifolia, Avicennia officinalis, Avicennia tomentosa, Hilairanthus nitidus, Hilairanthus tomentosus",Acanthaceae,N,Green,D,D,1,None Specified,NA,NA,NA,0,14.9,None Specified,NA,NA,NA,1,7.5,None Specified,NA,NA,NA,1,10,D,None Specified,NA,NA,NA,0,NA,Range,20,30,NA,0,12,None Specified,NA,NA,NA,0,NA,,,NA,NA,NA,NA,"Lonard 2017, Kattge 2011, https://www.delta-intkey.com/famfs/www/verben.htm"
Bactris acanthocarpa,,Arecaceae,N,Orange/Red,D,I,1,None Specified,NA,NA,NA,4,NA,,NA,NA,NA,NA,NA,,NA,NA,NA,NA,NA,,,NA,NA,NA,NA,17.62142857,SD,NA,NA,1.763815171,14,16.92222222,SD,NA,NA,2.176763803,18,NA,,,NA,NA,NA,NA,"Silva 2001, Trujillo 2021, Kissling 2019"
Bactris acanthocarpa,,,,,,,1,None Specified,NA,NA,NA,4,NA,,NA,NA,NA,NA,NA,,NA,NA,NA,NA,NA,,,NA,NA,NA,NA,14,None Specified,NA,NA,NA,0,NA,Range,10,18,NA,0,NA,,,NA,NA,NA,NA,"Silva 2001, Trujillo 2021, Kissling 2019"
Bactris gasipaes,,Arecaceae,N,Yellow/Orange,D,I,1,None Specified,NA,NA,NA,0,20.2,None Specified,NA,NA,NA,1,17.9,None Specified,NA,NA,NA,1,2.08,NA,None Specified,NA,NA,NA,0,27.5,SD,NA,NA,3.535533906,2,21.42857143,SD,NA,NA,2.439750182,7,30.05,D,SD,NA,NA,2.15,3,"Stevenson 2023, Stevenson 2002, Guimarães 2008, Kissling 2019, Felisberto 2020, Costa 2022, Barbosa 2019, Daws 2005"
Bactris gasipaes,,,,,,,1,None Specified,NA,NA,NA,0,17.5,None Specified,NA,NA,NA,0,16,None Specified,NA,NA,NA,0,2.05,W,None Specified,NA,NA,NA,0,50,None Specified,NA,NA,NA,0,NA,Range,30,50,NA,0,52.3,D,SD,NA,NA,1.98,3,"Stevenson 2023, Stevenson 2002, Guimarães 2008, Kissling 2019, Felisberto 2020, Costa 2022, Barbosa 2019, Daws 2005"
Bactris gasipaes,,,,,,,1,None Specified,NA,NA,NA,0,NA,,NA,NA,NA,NA,NA,,NA,NA,NA,NA,NA,,,NA,NA,NA,NA,44,Unknown +/-,NA,NA,2.2,0,36.1,Unknown +/-,NA,NA,1.7,0,21.2,D,SD,NA,NA,3.56,3,"Stevenson 2023, Stevenson 2002, Guimarães 2008, Kissling 2019, Felisberto 2020, Costa 2022, Barbosa 2019, Daws 2005"
Bactris gasipaes,,,,,,,1,None Specified,NA,NA,NA,0,NA,,NA,NA,NA,NA,NA,,NA,NA,NA,NA,NA,,,NA,NA,NA,NA,58,Unknown +/-,NA,NA,3.3,0,44.7,Unknown +/-,NA,NA,2,0,58,D,None Specified,NA,NA,NA,3,"Stevenson 2023, Stevenson 2002, Guimarães 2008, Kissling 2019, Felisberto 2020, Costa 2022, Barbosa 2019, Daws 2005"
Bactris gasipaes,,,,,,,1,None Specified,NA,NA,NA,0,NA,,NA,NA,NA,NA,NA,,NA,NA,NA,NA,NA,,,NA,NA,NA,NA,29.5,SD,NA,NA,2,0,19.9,SD,NA,NA,1.5,3,3.02,D,None Specified,NA,NA,NA,0,"Stevenson 2023, Stevenson 2002, Guimarães 2008, Kissling 2019, Felisberto 2020, Costa 2022, Barbosa 2019, Daws 2005"
Bactris gasipaes,,,,,,,1,None Specified,NA,NA,NA,0,NA,,NA,NA,NA,NA,NA,,NA,NA,NA,NA,1.68,D,None Specified,NA,NA,NA,10,31.4,SD,NA,NA,2.2,3,30.3,SD,NA,NA,1.3,3,8.24,NA,Unknown +/-,NA,NA,1.34,0,"Stevenson 2023, Stevenson 2002, Guimarães 2008, Kissling 2019, Felisberto 2020, Costa 2022, Barbosa 2019, Daws 2005"
Bactris gasipaes,,,,,,,1,None Specified,NA,NA,NA,0,NA,,NA,NA,NA,NA,NA,,NA,NA,NA,NA,1.32,D,None Specified,NA,NA,NA,0,56.3,SD,NA,NA,3.2,3,46.8,SD,NA,NA,1,3,35.37,NA,Unknown +/-,NA,NA,4.43,0,"Stevenson 2023, Stevenson 2002, Guimarães 2008, Kissling 2019, Felisberto 2020, Costa 2022, Barbosa 2019, Daws 2005"
Bactris gasipaes,,,,,,,1,None Specified,NA,NA,NA,0,NA,,NA,NA,NA,NA,NA,,NA,NA,NA,NA,NA,,,NA,NA,NA,NA,32.4,Unknown +/-,NA,NA,2,0,21.3,Unknown +/-,NA,NA,1.5,0,70.67,NA,Unknown +/-,NA,NA,1.93,0,"Stevenson 2023, Stevenson 2002, Guimarães 2008, Kissling 2019, Felisberto 2020, Costa 2022, Barbosa 2019, Daws 2005"
Bactris gasipaes,,,,,,,NA,,NA,NA,NA,NA,NA,,NA,NA,NA,NA,NA,,NA,NA,NA,NA,NA,,,NA,NA,NA,NA,24,None Specified,NA,NA,NA,0,NA,,NA,NA,NA,NA,8.02,W,None Specified,NA,NA,NA,0,"Stevenson 2023, Stevenson 2002, Guimarães 2008, Kissling 2019, Felisberto 2020, Costa 2022, Barbosa 2019, Daws 2005"
Bagassa guianensis,"Bagassa sagotiana, Bagassa tiliifolia, Laurea tiliifolia, Piper tiliifolium",Moraceae,N,Black/Purple,F,I,NA,,NA,NA,NA,NA,NA,,NA,NA,NA,NA,NA,,NA,NA,NA,NA,0.004,D,None Specified,NA,NA,NA,40,17.5,None Specified,NA,NA,NA,0,NA,Range,15,20,NA,0,NA,,,NA,NA,NA,NA,"Kissling 2019, Oliveira 2000, Baraloto 2007"
Bagassa guianensis,,,,,,,NA,,NA,NA,NA,NA,NA,,NA,NA,NA,NA,NA,,NA,NA,NA,NA,NA,,,NA,NA,NA,NA,24,SD,NA,NA,5,2,20,SD,NA,NA,1,2,NA,,,NA,NA,NA,NA,"Kissling 2019, Oliveira 2000, Baraloto 2007"
Barcella odora,Elaeis odora,Arecaceae,N,Orange,D,I,NA,,NA,NA,NA,NA,NA,,NA,NA,NA,NA,NA,,NA,NA,NA,NA,NA,,,NA,NA,NA,NA,35,None Specified,NA,NA,NA,0,25,None Specified,NA,NA,NA,0,NA,,,NA,NA,NA,NA,Kissling 2019
Batocarpus orinocensis,Anonocarpus peruvianus,Moraceae,N,Green,F,I,20,None Specified,NA,NA,NA,5,6.6,SD,NA,NA,0.424264069,2,5.25,SD,NA,NA,0.919238816,2,1.39,W,None Specified,NA,NA,NA,5,50,None Specified,NA,NA,NA,5,25.1,None Specified,NA,NA,NA,1,95,W,None Specified,NA,NA,NA,5,"Stevenson 2023, Link 2004, https://collections-botany.fieldmuseum.org/catalogue/396737, https://collections-botany.fieldmuseum.org/catalogue/2890766"
Batocarpus orinocensis,,,,,,,NA,,NA,NA,NA,NA,12,None Specified,NA,NA,NA,5,10.65,None Specified,NA,NA,NA,5,0.69,D,None Specified,NA,NA,NA,5,NA,,NA,NA,NA,NA,50,None Specified,NA,NA,NA,5,26.8,D,None Specified,NA,NA,NA,5,"Stevenson 2023, Link 2004, https://collections-botany.fieldmuseum.org/catalogue/396737, https://collections-botany.fieldmuseum.org/catalogue/2890766"
Bellucia grossularioides,"Melastoma grossularioides, Bellucia aubletii, Bellucia brasiliensis, Bellucia circumscissa, Bellucia hostmannii, Axinanthera hostmannii, Bellucia macrophylla, Blakea macrophylla, Bellucia multiflora, Bellucia nervosa, Bellucia pluricaulis, Bellucia quinquenervia, Blakea quinquenervia, Webera quinquenervia, Bellucia riparia, Bellucia superba, Blakea triplinervia, Ischyranthera laevigata, Melastoma grossularia, Apatitia blakeoides",Melastomataceae,N,Yellow/Green,F,I,NA,,NA,NA,NA,NA,0.75,None Specified,NA,NA,NA,5,0.75,None Specified,NA,NA,NA,5,2.00E-04,W,None Specified,NA,NA,NA,17,13,None Specified,NA,NA,NA,5,13,None Specified,NA,NA,NA,5,13.62632662,W,None Specified,NA,NA,NA,14,"Stevenson 2023, Hammond 1995, Atramentowicz 1988, Adaime 2018, Adaime 2017, https://www.sup.org/books/title/?id=2543"
Bellucia grossularioides,,,,,,,NA,,NA,NA,NA,NA,1.4,None Specified,NA,NA,NA,0,0.7,None Specified,NA,NA,NA,0,6.90E-05,W,Unknown +/-,NA,NA,8.00E-06,10,35,None Specified,NA,NA,NA,0,20,None Specified,NA,NA,NA,0,11.97183099,W,None Specified,NA,NA,NA,1,"Stevenson 2023, Hammond 1995, Atramentowicz 1988, Adaime 2018, Adaime 2017, https://www.sup.org/books/title/?id=2543"
Bellucia grossularioides,,,,,,,NA,,NA,NA,NA,NA,NA,,NA,NA,NA,NA,NA,,NA,NA,NA,NA,0.00015,D,None Specified,NA,NA,NA,17,NA,,NA,NA,NA,NA,NA,,NA,NA,NA,NA,13.5,W,None Specified,NA,NA,NA,1,"Stevenson 2023, Hammond 1995, Atramentowicz 1988, Adaime 2018, Adaime 2017, https://www.sup.org/books/title/?id=2543"
Bellucia grossularioides,,,,,,,NA,,NA,NA,NA,NA,NA,,NA,NA,NA,NA,NA,,NA,NA,NA,NA,NA,,,NA,NA,NA,NA,NA,,NA,NA,NA,NA,NA,,NA,NA,NA,NA,10.31698902,W,None Specified,NA,NA,NA,15,"Stevenson 2023, Hammond 1995, Atramentowicz 1988, Adaime 2018, Adaime 2017, https://www.sup.org/books/title/?id=2543"
Bellucia grossularioides,,,,,,,NA,,NA,NA,NA,NA,NA,,NA,NA,NA,NA,NA,,NA,NA,NA,NA,NA,,,NA,NA,NA,NA,NA,,NA,NA,NA,NA,NA,,NA,NA,NA,NA,9.541695668,W,None Specified,NA,NA,NA,7,"Stevenson 2023, Hammond 1995, Atramentowicz 1988, Adaime 2018, Adaime 2017, https://www.sup.org/books/title/?id=2543"
Bellucia grossularioides,,,,,,,NA,,NA,NA,NA,NA,NA,,NA,NA,NA,NA,NA,,NA,NA,NA,NA,NA,,,NA,NA,NA,NA,NA,,NA,NA,NA,NA,NA,,NA,NA,NA,NA,11.18393235,W,None Specified,NA,NA,NA,1,"Stevenson 2023, Hammond 1995, Atramentowicz 1988, Adaime 2018, Adaime 2017, https://www.sup.org/books/title/?id=2543"
Bellucia pentamera,"Axinanthera bellucia, Axinanthera macrophylla, Bellucia aricuaizensium, Bellucia axinanthera, Bellucia costaricensis, Bellucia weberbaueri",Melastomataceae,N,Yellow,F,I,500,None Specified,NA,NA,NA,5,0.25,None Specified,NA,NA,NA,5,0.25,None Specified,NA,NA,NA,5,0.00012,W,SD,NA,NA,1.00E-05,20,28,None Specified,NA,NA,NA,5,22.45,Range,21,25,NA,0,1.41,D,None Specified,NA,NA,NA,5,"Stevenson 2023, Sánchez 2013, Link 2004, Peña-Claros 2001, Aluja 2003, http://specimens.kew.org/herbarium/K000537018"
Bellucia pentamera,,,,,,,NA,,NA,NA,NA,NA,NA,,NA,NA,NA,NA,NA,,NA,NA,NA,NA,NA,,,NA,NA,NA,NA,14.475,SD,NA,NA,1.920720351,4,14.15,SD,NA,NA,3.127778765,6,12.6,W,SD,NA,NA,2.99,0,"Stevenson 2023, Sánchez 2013, Link 2004, Peña-Claros 2001, Aluja 2003, http://specimens.kew.org/herbarium/K000537018"
Bellucia pentamera,,,,,,,NA,,NA,NA,NA,NA,NA,,NA,NA,NA,NA,NA,,NA,NA,NA,NA,NA,,,NA,NA,NA,NA,35,None Specified,NA,NA,NA,0,21,None Specified,NA,NA,NA,5,9.258,W,None Specified,NA,NA,NA,5,"Stevenson 2023, Sánchez 2013, Link 2004, Peña-Claros 2001, Aluja 2003, http://specimens.kew.org/herbarium/K000537018"
Bellucia pentamera,,,,,,,NA,,NA,NA,NA,NA,NA,,NA,NA,NA,NA,NA,,NA,NA,NA,NA,NA,,,NA,NA,NA,NA,31.48,Range,30.7,32.8,NA,0,NA,,NA,NA,NA,NA,15.79,NA,Range,12.51,17.39,NA,0,"Stevenson 2023, Sánchez 2013, Link 2004, Peña-Claros 2001, Aluja 2003, http://specimens.kew.org/herbarium/K000537018"
Bertholletia excelsa,,Lecythidaceae,N,Brown,D,I,NA,Range,15,24,NA,0,40,None Specified,NA,NA,NA,0,20,None Specified,NA,NA,NA,0,14.29,NA,None Specified,NA,NA,NA,0,1040,SD,NA,NA,60,150,1010,SD,NA,NA,90,150,NA,W,Range,500,1500,NA,0,"Guimarães 2008, Wadt 2018, Dionisio 2019, Ferraz 2013"
Bertholletia excelsa,,,,,,,17,Range,10,25,NA,0,40,None Specified,NA,NA,NA,0,20,None Specified,NA,NA,NA,0,14.29,NA,None Specified,NA,NA,NA,0,1290,SD,NA,NA,100,150,1130,SD,NA,NA,110,150,439.8,W,SD,NA,NA,88,150,"Guimarães 2008, Wadt 2018, Dionisio 2019, Ferraz 2013"
Bertholletia excelsa,,,,,,,17,Range,10,25,NA,0,40,None Specified,NA,NA,NA,0,20,None Specified,NA,NA,NA,0,12.933,W,Unknown +/-,NA,NA,5.103,0,1290,SD,NA,NA,100,150,1130,SD,NA,NA,110,150,571.6,W,SD,NA,NA,133.5,150,"Guimarães 2008, Wadt 2018, Dionisio 2019, Ferraz 2013"
Bocageopsis multiflora,Bocagea multiflora,Annonaceae,N,Orange/Red,F,I,NA,Range,1,2,NA,0,NA,Range,6,7,NA,0,NA,Range,5,6,NA,0,0.2,W,None Specified,NA,NA,NA,17,NA,Range,6,7,NA,0,NA,Range,5,6,NA,0,NA,,,NA,NA,NA,NA,"Cramer 2007, Maas 2007, Hammond 1995"
Bocageopsis multiflora,,,,,,,NA,,NA,NA,NA,NA,NA,,NA,NA,NA,NA,NA,,NA,NA,NA,NA,NA,,,NA,NA,NA,NA,NA,,NA,NA,NA,NA,NA,,NA,NA,NA,NA,NA,,,NA,NA,NA,NA,"Cramer 2007, Maas 2007, Hammond 1995"
Bombax spectabile,Pachira insignis,Malvaceae,N,Brown,D,D,NA,,NA,NA,NA,NA,30,None Specified,NA,NA,NA,0,20,None Specified,NA,NA,NA,0,10,D,None Specified,NA,NA,NA,0,96.8,None Specified,NA,NA,NA,1,84,None Specified,NA,NA,NA,1,NA,,,NA,NA,NA,NA,"Kattge 2011, https://collections-botany.fieldmuseum.org/catalogue/1822751, https://uses.plantnet-project.org/en/Pachira_insignis_(PROSEA)"
Borreria latifolia,Spermacoce latifolia,Rubiaceae,Y,Yellow/Green,D,D,NA,,NA,NA,NA,NA,2,None Specified,NA,NA,NA,0,1,None Specified,NA,NA,NA,0,NA,,,NA,NA,NA,NA,NA,Range,3,4,NA,0,NA,Range,2,3,NA,0,NA,,,NA,NA,NA,NA,"Tiwari 2018, https://portal.wiktrop.org/species/show/360553#description"
Borreria latifolia,,,,,,,NA,,NA,NA,NA,NA,NA,Range,1.6,3,NA,0,NA,None Specified,1.2,1.8,NA,0,NA,,,NA,NA,NA,NA,NA,,NA,NA,NA,NA,NA,Range,2.5,4,NA,0,NA,,,NA,NA,NA,NA,"Tiwari 2018, https://portal.wiktrop.org/species/show/360553#description"
Bromelia balansae,"Bromelia agentina, Bromelia laciniosa, Bromelia pinguin, Karatas guianensis",Bromeliaceae,N,Orange,F,I,23.3,SD,NA,NA,9.43,10,NA,,NA,NA,NA,NA,NA,,NA,NA,NA,NA,0.6,W,SD,NA,NA,0.26,10,47,None Specified,NA,NA,NA,0,20,None Specified,NA,NA,NA,0,18.89,W,SD,NA,NA,6.12,10,"Paulino-Neto 2016, Pereira 2015, Motta-Junior 2002"
Bromelia balansae,,,,,,,24.5,None Specified,NA,NA,NA,0,NA,,NA,NA,NA,NA,NA,,NA,NA,NA,NA,NA,,,NA,NA,NA,NA,NA,,NA,NA,NA,NA,NA,,NA,NA,NA,NA,18.33,W,None Specified,NA,NA,NA,0,"Paulino-Neto 2016, Pereira 2015, Motta-Junior 2002"
Bromelia plumieri,Bromelia karatas,Bromeliaceae,N,Yellow/White/Pink/Brown,F,I,69.2,Unknown +/-,NA,NA,11.7,30,4,Unknown +/-,NA,NA,0.1,30,3.4,Unknown +/-,NA,NA,0.1,30,NA,,,NA,NA,NA,NA,NA,Range,50,100,NA,0,NA,Range,10,20,NA,0,18.83,NA,SD,NA,NA,4.41,30,"Moura 2007, Andrade-Cetto 2013, Montes 2014, Martelo-Solorzano 2022, https://www.biodiversitylibrary.org/bibliography/889"
Bromelia plumieri,,,,,,,NA,,NA,NA,NA,NA,7,None Specified,NA,NA,NA,0,6,None Specified,NA,NA,NA,0,NA,,,NA,NA,NA,NA,106.1,Unknown +/-,NA,NA,1.8,30,16.4,Unknown +/-,NA,NA,1.3,30,NA,,,NA,NA,NA,NA,"Moura 2007, Andrade-Cetto 2013, Montes 2014, Martelo-Solorzano 2022, https://www.biodiversitylibrary.org/bibliography/889"
Bromelia plumieri,,,,,,,NA,,NA,NA,NA,NA,NA,,NA,NA,NA,NA,NA,,NA,NA,NA,NA,NA,,,NA,NA,NA,NA,80,None Specified,NA,NA,NA,0,20,None Specified,NA,NA,NA,0,NA,,,NA,NA,NA,NA,"Moura 2007, Andrade-Cetto 2013, Montes 2014, Martelo-Solorzano 2022, https://www.biodiversitylibrary.org/bibliography/889"
Brosimum alicastrum,,Moraceae,N,Yellow/Orange/Red/Green,F,I,1,None Specified,NA,NA,NA,6,19,None Specified,NA,NA,NA,0,15,None Specified,NA,NA,NA,0,1.287,W,None Specified,NA,NA,NA,5,21,None Specified,NA,NA,NA,5,20.5,None Specified,NA,NA,NA,5,1.316,D,None Specified,NA,NA,NA,6,"Stevenson 2023, Brewer 1999, Stevenson 2002, Brechú-Franco 2021, Carter 2015, Moura 2007, Foster 1985, Daws 2005, White 1986"
Brosimum alicastrum,,,,,,,NA,,NA,NA,NA,NA,8,None Specified,NA,NA,NA,5,8,None Specified,NA,NA,NA,5,2.2,NA,None Specified,NA,NA,NA,0,24.5,None Specified,NA,NA,NA,1,24.5,None Specified,NA,NA,NA,1,4.5,NA,None Specified,NA,NA,NA,0,"Stevenson 2023, Brewer 1999, Stevenson 2002, Brechú-Franco 2021, Carter 2015, Moura 2007, Foster 1985, Daws 2005, White 1986"
Brosimum alicastrum,,,,,,,NA,,NA,NA,NA,NA,17.3,None Specified,NA,NA,NA,1,10,None Specified,NA,NA,NA,6,1.00252401,D,None Specified,NA,NA,NA,5,NA,,NA,NA,NA,NA,NA,,NA,NA,NA,NA,3.679,W,None Specified,NA,NA,NA,6,"Stevenson 2023, Brewer 1999, Stevenson 2002, Brechú-Franco 2021, Carter 2015, Moura 2007, Foster 1985, Daws 2005, White 1986"
Brosimum alicastrum,,,,,,,NA,,NA,NA,NA,NA,NA,,NA,NA,NA,NA,11.5,None Specified,NA,NA,NA,1,0.712,D,None Specified,NA,NA,NA,10,NA,,NA,NA,NA,NA,NA,,NA,NA,NA,NA,NA,,,NA,NA,NA,NA,"Stevenson 2023, Brewer 1999, Stevenson 2002, Brechú-Franco 2021, Carter 2015, Moura 2007, Foster 1985, Daws 2005, White 1986"
Brosimum alicastrum,,,,,,,NA,,NA,NA,NA,NA,NA,,NA,NA,NA,NA,NA,,NA,NA,NA,NA,3,NA,None Specified,NA,NA,NA,0,NA,,NA,NA,NA,NA,NA,,NA,NA,NA,NA,NA,,,NA,NA,NA,NA,"Stevenson 2023, Brewer 1999, Stevenson 2002, Brechú-Franco 2021, Carter 2015, Moura 2007, Foster 1985, Daws 2005, White 1986"
Brosimum alicastrum,,,,,,,NA,,NA,NA,NA,NA,NA,,NA,NA,NA,NA,NA,,NA,NA,NA,NA,2.721,W,None Specified,NA,NA,NA,0,NA,,NA,NA,NA,NA,NA,,NA,NA,NA,NA,NA,,,NA,NA,NA,NA,"Stevenson 2023, Brewer 1999, Stevenson 2002, Brechú-Franco 2021, Carter 2015, Moura 2007, Foster 1985, Daws 2005, White 1986"
Brosimum alicastrum,,,,,,,NA,,NA,NA,NA,NA,NA,,NA,NA,NA,NA,NA,,NA,NA,NA,NA,0.25,NA,None Specified,NA,NA,NA,0,NA,,NA,NA,NA,NA,NA,,NA,NA,NA,NA,NA,,,NA,NA,NA,NA,"Stevenson 2023, Brewer 1999, Stevenson 2002, Brechú-Franco 2021, Carter 2015, Moura 2007, Foster 1985, Daws 2005, White 1986"
Brosimum guianensis,Brosimum guianense,Moraceae,N,Red,F,I,2,None Specified,NA,NA,NA,5,9,None Specified,NA,NA,NA,5,6.5,None Specified,NA,NA,NA,5,0.205,D,None Specified,NA,NA,NA,5,25,None Specified,NA,NA,NA,5,15.6125,None Specified,NA,NA,NA,5,1.09,D,None Specified,NA,NA,NA,5,"Stevenson 2023, Hammel 1986, Knörr 2010"
Brosimum guianensis,,,,,,,1,None Specified,NA,NA,NA,0,NA,,NA,NA,NA,NA,NA,,NA,NA,NA,NA,0.29,D,None Specified,NA,NA,NA,0,NA,,NA,NA,NA,NA,NA,,NA,NA,NA,NA,1.70333333,W,None Specified,NA,NA,NA,5,"Stevenson 2023, Hammel 1986, Knörr 2010"
Brosimum guianensis,,,,,,,NA,,NA,NA,NA,NA,NA,,NA,NA,NA,NA,NA,,NA,NA,NA,NA,0.375,W,None Specified,NA,NA,NA,5,NA,,NA,NA,NA,NA,NA,,NA,NA,NA,NA,NA,,,NA,NA,NA,NA,"Stevenson 2023, Hammel 1986, Knörr 2010"
Brosimum lactescens,,Moraceae,N,Yellow/Orange,F,I,1.3,None Specified,NA,NA,NA,6,10.2,SD,NA,NA,1.12,46,20,None Specified,NA,NA,NA,0,0.2990427,D,None Specified,NA,NA,NA,5,16,None Specified,NA,NA,NA,5,15,None Specified,NA,NA,NA,5,0.77181818,D,None Specified,NA,NA,NA,6,"Stevenson 2023, Stevenson 2002, Benítez-Malvido 2014, Wallace 2005, Andresen 1999, Ibarra-Manríquez 2010"
Brosimum lactescens,,,,,,,1.641666667,None Specified,NA,NA,NA,5,7.175,None Specified,NA,NA,NA,5,9,SD,NA,NA,0.9,46,0.41083333,W,None Specified,NA,NA,NA,5,NA,,NA,NA,NA,NA,NA,,NA,NA,NA,NA,5.8,NA,None Specified,NA,NA,NA,0,"Stevenson 2023, Stevenson 2002, Benítez-Malvido 2014, Wallace 2005, Andresen 1999, Ibarra-Manríquez 2010"
Brosimum lactescens,,,,,,,NA,,NA,NA,NA,NA,20,None Specified,NA,NA,NA,0,6.5,None Specified,NA,NA,NA,6,NA,,,NA,NA,NA,NA,NA,,NA,NA,NA,NA,NA,,NA,NA,NA,NA,2.35333333,W,None Specified,NA,NA,NA,6,"Stevenson 2023, Stevenson 2002, Benítez-Malvido 2014, Wallace 2005, Andresen 1999, Ibarra-Manríquez 2010"
Brosimum parinarioides,,Moraceae,N,Green,F,I,NA,,NA,NA,NA,NA,7.8,None Specified,NA,NA,NA,1,6.6,None Specified,NA,NA,NA,1,NA,,,NA,NA,NA,NA,25.9,None Specified,NA,NA,NA,1,23.1,None Specified,NA,NA,NA,1,NA,,,NA,NA,NA,NA,"Roosmalen 1988, Costa 2023"
Brosimum parinarioides,,,,,,,NA,,NA,NA,NA,NA,3.53,None Specified,NA,NA,NA,10,NA,,NA,NA,NA,NA,NA,,,NA,NA,NA,NA,NA,,NA,NA,NA,NA,NA,,NA,NA,NA,NA,NA,,,NA,NA,NA,NA,"Roosmalen 1988, Costa 2023"
Brosimum rubescens,"Piratinera rubescens, Alicastrum rubescens, Brosimum angustifolium, Brosimum brevipedunculatum, Brosimum caloxylon, Brosimum lanciferum, Brosiumum longistipulatum, Brosimum paraense, Brosimum platyneurum, Ferolia variegata, Parinari guianensis, Ferolia guianensis, Piratinera angustifolia, Piratinera lancifera, Piratinera paraensis",Moraceae,N,Yellow,F,I,NA,,NA,NA,NA,NA,8.05,SD,NA,NA,4.596194078,2,5.55,SD,NA,NA,3.606244584,2,0.05,W,None Specified,NA,NA,NA,0,16.48333333,SD,NA,NA,4.171530495,6,13.75,SD,NA,NA,3.566931454,6,NA,,,NA,NA,NA,NA,"Rivera 2014, White 1986, Roosmalen 1988"
Brosimum rubescens,,,,,,,NA,,NA,NA,NA,NA,NA,,NA,NA,NA,NA,NA,,NA,NA,NA,NA,NA,,,NA,NA,NA,NA,13.8,None Specified,NA,NA,NA,1,13.2,None Specified,NA,NA,NA,1,NA,,,NA,NA,NA,NA,"Rivera 2014, White 1986, Roosmalen 1988"
Buchenavia amazonia,Terminalia viridiflora,Combretaceae,N,Green,F,I,NA,,NA,NA,NA,NA,NA,,NA,NA,NA,NA,NA,,NA,NA,NA,NA,NA,,,NA,NA,NA,NA,NA,Range,13,20,NA,0,NA,Range,7,12,NA,0,NA,,,NA,NA,NA,NA,Al-Mayah 1983
Buchenavia grandis,Terminalia grandis,Combretaceae,N,Yellow,F,I,1,None Specified,NA,NA,NA,0,22.3125,SD,NA,NA,1.482697831,8,10.3875,SD,NA,NA,0.767998326,8,1.93,W,None Specified,NA,NA,NA,30,NA,Range,24,35,NA,0,NA,Range,11,25,NA,0,NA,,,NA,NA,NA,NA,"Falótico 2018, Paine 2016, Foster 1985, Paine 2007, Al-Mayah 1983, Andresen 2000"
Buchenavia grandis,,,,,,,1,None Specified,NA,NA,NA,0,21,Unknown +/-,NA,NA,0.3,10,10,Unknown +/-,NA,NA,0.1,10,1.9,W,SD,NA,NA,0.5,20,NA,Range,24,35,NA,0,NA,Range,11,25,NA,0,NA,,,NA,NA,NA,NA,"Falótico 2018, Paine 2016, Foster 1985, Paine 2007, Al-Mayah 1983, Andresen 2000"
Buchenavia grandis,,,,,,,1,None Specified,NA,NA,NA,0,30,Unknown +/-,NA,NA,0.4,10,13,Unknown +/-,NA,NA,0.3,10,2.5,W,None Specified,NA,NA,NA,0,NA,Range,24,35,NA,0,NA,Range,11,25,NA,0,NA,,,NA,NA,NA,NA,"Falótico 2018, Paine 2016, Foster 1985, Paine 2007, Al-Mayah 1983, Andresen 2000"
Buchenavia oxycarpa,Terminalia oxycarpa,Combretaceae,N,Green,F,I,NA,,NA,NA,NA,NA,23.5,None Specified,NA,NA,NA,0,7.4,None Specified,NA,NA,NA,0,0.3,D,Confidence Interval,0.26,0.34,NA,20,20.1,None Specified,NA,NA,NA,1,8.5,None Specified,NA,NA,NA,1,3.04,NA,None Specified,NA,NA,NA,0,"Sánchez 2013, Flores 2021, Knogge 2002, http://legacy.tropicos.org/Specimen/3178842"
Buchenavia oxycarpa,,,,,,,NA,,NA,NA,NA,NA,14.4,None Specified,NA,NA,NA,0,7.4,None Specified,NA,NA,NA,0,1.24,NA,None Specified,NA,NA,NA,0,17.4,None Specified,NA,NA,NA,0,12.5,None Specified,NA,NA,NA,0,3.04,NA,None Specified,NA,NA,NA,0,"Sánchez 2013, Flores 2021, Knogge 2002, http://legacy.tropicos.org/Specimen/3178842"
Buchenavia parvifolia,Terminalia parvifolia,Combretaceae,N,NA,F,I,NA,,NA,NA,NA,NA,NA,,NA,NA,NA,NA,NA,,NA,NA,NA,NA,NA,,,NA,NA,NA,NA,NA,Range,14,20,NA,0,NA,Range,8,12,NA,0,NA,,,NA,NA,NA,NA,"Al-Mayah 1983, Janson-Jacobs 2009"
Buchenavia parvifolia,,,,,,,NA,,NA,NA,NA,NA,NA,,NA,NA,NA,NA,NA,,NA,NA,NA,NA,NA,,,NA,NA,NA,NA,NA,Range,10,26,NA,0,NA,Range,7,16,NA,0,NA,,,NA,NA,NA,NA,"Al-Mayah 1983, Janson-Jacobs 2009"
Buchenavia tomentosa,"Terminalia corrugata, Buchenavia callistachya, Buchenavia macahensis, Buchenavia corrugata",Combretaceae,N,Yellow,F,I,1,None Specified,NA,NA,NA,0,NA,,NA,NA,NA,NA,NA,,NA,NA,NA,NA,0.9,W,Unknown +/-,NA,NA,0.35,580,24.72,SD,NA,NA,2.0413231,5,17.18,SD,NA,NA,1.801943395,5,NA,,,NA,NA,NA,NA,"Pellizzarro 2016, Farias 2015, http://legacy.tropicos.org/Specimen/3176646"
Buchenavia tomentosa,,,,,,,NA,,NA,NA,NA,NA,NA,,NA,NA,NA,NA,NA,,NA,NA,NA,NA,1.96,W,Unknown +/-,NA,NA,0.28,100,NA,,NA,NA,NA,NA,NA,,NA,NA,NA,NA,NA,,,NA,NA,NA,NA,"Pellizzarro 2016, Farias 2015, http://legacy.tropicos.org/Specimen/3176646"
Buchenavia tomentosa,,,,,,,NA,,NA,NA,NA,NA,NA,,NA,NA,NA,NA,NA,,NA,NA,NA,NA,1.1312,W,SD,NA,NA,0.1077,0,NA,,NA,NA,NA,NA,NA,,NA,NA,NA,NA,NA,,,NA,NA,NA,NA,"Pellizzarro 2016, Farias 2015, http://legacy.tropicos.org/Specimen/3176646"
Bursera inversa,,Burseraceae,N,Green,D,D,1,None Specified,NA,NA,NA,6,NA,Range,15,18,NA,0,NA,Range,10,12,NA,0,0.69666667,D,None Specified,NA,NA,NA,5,20,None Specified,NA,NA,NA,5,14.5,None Specified,NA,NA,NA,5,1.13333333,D,None Specified,NA,NA,NA,6,"Stevenson 2023, Stevenson 2002, Stevenson et al. 2005"
Bursera inversa,,,,,,,NA,,NA,NA,NA,NA,16,None Specified,NA,NA,NA,5,12.2,None Specified,NA,NA,NA,6,0.81833333,W,None Specified,NA,NA,NA,5,NA,,NA,NA,NA,NA,NA,,NA,NA,NA,NA,2.15,W,Unknown +/-,NA,NA,0.27,6,"Stevenson 2023, Stevenson 2002, Stevenson et al. 2005"
Byrsonima arthropoda,"Byrsonima adenophylla, Byrsonima indorum, Byrsonima schultesiana",Malpighiaceae,N,Yellow,F,I,NA,,NA,NA,NA,NA,NA,,NA,NA,NA,NA,NA,,NA,NA,NA,NA,0.38,D,SD,NA,NA,0.2,10,10.5,SD,NA,NA,1.26015872,6,10.31666667,SD,NA,NA,1.278149704,6,NA,,,NA,NA,NA,NA,"Foster 1985, Vargas 2013, http://legacy.tropicos.org/Image/86272"
Byrsonima arthropoda,,,,,,,NA,,NA,NA,NA,NA,NA,,NA,NA,NA,NA,NA,,NA,NA,NA,NA,0.235,W,None Specified,NA,NA,NA,0,NA,,NA,NA,NA,NA,NA,,NA,NA,NA,NA,NA,,,NA,NA,NA,NA,"Foster 1985, Vargas 2013, http://legacy.tropicos.org/Image/86272"
Byrsonima cowanii,,Malpighiaceae,N,NA,F,I,NA,,NA,NA,NA,NA,NA,,NA,NA,NA,NA,NA,,NA,NA,NA,NA,NA,,,NA,NA,NA,NA,NA,,NA,NA,NA,NA,NA,,NA,NA,NA,NA,NA,,,NA,NA,NA,NA,
Byrsonima crispa,"Byrsonima brachystachya, Byrsonima carmeniana",Malpighiaceae,N,Yellow,F,I,1,None Specified,NA,NA,NA,5,8.15,None Specified,NA,NA,NA,7.5,8.15,None Specified,NA,NA,NA,7.5,0.23,D,None Specified,NA,NA,NA,5,11,None Specified,NA,NA,NA,5,11,None Specified,NA,NA,NA,5,0.4,D,None Specified,NA,NA,NA,5,"Stevenson 2023, Norford Under Review, Knörr 2010, Andreson 2000, Link 2004"
Byrsonima crispa,,,,,,,NA,,NA,NA,NA,NA,8,SE,NA,NA,0.2,15,8,SE,NA,NA,0.2,15,0.2,D,None Specified,NA,NA,NA,0,9.5,None Specified,NA,NA,NA,0,NA,,NA,NA,NA,NA,0.86,W,None Specified,NA,NA,NA,5,"Stevenson 2023, Norford Under Review, Knörr 2010, Andreson 2000, Link 2004"
Byrsonima crispa,,,,,,,NA,,NA,NA,NA,NA,NA,,NA,NA,NA,NA,NA,,NA,NA,NA,NA,0.29,W,None Specified,NA,NA,NA,5,NA,,NA,NA,NA,NA,NA,,NA,NA,NA,NA,NA,,,NA,NA,NA,NA,"Stevenson 2023, Norford Under Review, Knörr 2010, Andreson 2000, Link 2004"
Byrsonima gardneriana,Byrsonima gardneri,Malpighiaceae,N,Green,F,I,1,None Specified,NA,NA,NA,0,6,None Specified,NA,NA,NA,0,5,None Specified,NA,NA,NA,0,NA,,,NA,NA,NA,NA,7.9,None Specified,NA,NA,NA,1,7.3,None Specified,NA,NA,NA,1,NA,,,NA,NA,NA,NA,"Moura 2007, Santos et al. 2018"
Byrsonima orbignyana,Byrsonima cydoniifolia,Malpighiaceae,N,Yellow/Orange,F,I,NA,,NA,NA,NA,NA,8.9,None Specified,NA,NA,NA,1,7,None Specified,NA,NA,NA,1,NA,,,NA,NA,NA,NA,12.6,Unknown +/-,NA,NA,1.4,30,12.1,Unknown +/-,NA,NA,1.6,30,1.4,W,Unknown +/-,NA,NA,1.5,30,"Martendal 2013, Donatti 2007"
Byrsonima schomburgkiana,,Malpighiaceae,N,Yellow,F,I,NA,,NA,NA,NA,NA,6.89,None Specified,NA,NA,NA,1,NA,,NA,NA,NA,NA,NA,,,NA,NA,NA,NA,NA,,NA,NA,NA,NA,NA,,NA,NA,NA,NA,NA,,,NA,NA,NA,NA,Grafton 2004
Byrsonima stipulacea,"Alcoceratothrix stipulacea, Byrsonima longibracteata, Alcoceratothrix longibracteata, Byrsonima rugosa, Alcoceratothrix rugosa, Byrsonima coleostachya",Malpighiaceae,N,Yellow/Orange,F,I,NA,,NA,NA,NA,NA,NA,,NA,NA,NA,NA,NA,,NA,NA,NA,NA,NA,,,NA,NA,NA,NA,12.02,SD,NA,NA,1.685823241,5,10.98,SD,NA,NA,1.801943395,5,NA,,,NA,NA,NA,NA,https://collections-botany.fieldmuseum.org/catalogue/2907823
Calyptranthes multiflora,Myrcia florifera,Myrtaceae,N,NA,F,I,NA,,NA,NA,NA,NA,NA,,NA,NA,NA,NA,NA,,NA,NA,NA,NA,NA,,,NA,NA,NA,NA,7.466666667,SD,NA,NA,0.665832812,3,6.266666667,SD,NA,NA,0.450924975,3,NA,,,NA,NA,NA,NA,http://specimens.kew.org/herbarium/K000330847
Campomanesia guaviroba,,Myrtaceae,N,Yellow,F,I,NA,,NA,NA,NA,NA,8,None Specified,NA,NA,NA,12.5,6,None Specified,NA,NA,NA,12.5,0.098,W,SD,NA,NA,0.08,5,22,None Specified,NA,NA,NA,12.5,17,None Specified,NA,NA,NA,12.5,5,W,None Specified,NA,NA,NA,12.5,"Galetti 2011, Galetti 2015, Landim 2002"
Campomanesia neriiflora,,Myrtaceae,N,Yellow,F,I,9,None Specified,NA,NA,NA,12.5,11,None Specified,NA,NA,NA,12.5,9,None Specified,NA,NA,NA,12.5,0.3,W,None Specified,NA,NA,NA,12,40,None Specified,NA,NA,NA,12.5,31,None Specified,NA,NA,NA,12.5,29,W,None Specified,NA,NA,NA,12.5,Galetti 2011
Campomanesia speciosa,Psidium speciosum,Myrtaceae,N,Brown,F,I,6.5,None Specified,NA,NA,NA,5,14,None Specified,NA,NA,NA,5,10,None Specified,NA,NA,NA,5,NA,,,NA,NA,NA,NA,30,None Specified,NA,NA,NA,5,35.5,None Specified,NA,NA,NA,1,NA,,,NA,NA,NA,NA,"Stevenson 2023, Link 2004, https://collections-botany.fieldmuseum.org/catalogue/302798"
Campomanesia speciosa,,,,,,,NA,,NA,NA,NA,NA,NA,,NA,NA,NA,NA,NA,,NA,NA,NA,NA,NA,,,NA,NA,NA,NA,NA,,NA,NA,NA,NA,30,None Specified,NA,NA,NA,5,NA,,,NA,NA,NA,NA,"Stevenson 2023, Link 2004, https://collections-botany.fieldmuseum.org/catalogue/302798"
Carapa guianensis,"Carapa latifolia, Carapa macrocarpa, Granutum guianense, Xylocarpus guineensis, Xylocarpus carapa, Guarea mucronulata, Persoonia guareoides",Meliaceae,N,Green/Brown,D,D,NA,Range,4,20,NA,0,15.33333333,SD,NA,NA,6.184927917,3,10.23333333,SD,NA,NA,4.14769012,3,27.51,W,None Specified,NA,NA,NA,17,39.15,SD,NA,NA,6.576093065,2,37.45,SD,NA,NA,7.848885271,2,NA,,,NA,NA,NA,NA,"Hammond 1995, Cloutier 2007, Klimas 2012, Brito 2019, Hall 1994, Amoedo 2017, Cloutier 2005, Vendramini 2012, http://legacy.tropicos.org/Image/70542, http://legacy.tropicos.org/Image/100507222"
Carapa guianensis,,,,,,,NA,Range,4,8,NA,0,15.33333333,SD,NA,NA,6.184927917,3,10.23333333,SD,NA,NA,4.14769012,3,13.5,W,SD,NA,NA,3.2,0,39.15,SD,NA,NA,6.576093065,2,37.45,SD,NA,NA,7.848885271,2,NA,,,NA,NA,NA,NA,"Hammond 1995, Cloutier 2007, Klimas 2012, Brito 2019, Hall 1994, Amoedo 2017, Cloutier 2005, Vendramini 2012, http://legacy.tropicos.org/Image/70542, http://legacy.tropicos.org/Image/100507222"
Carapa guianensis,,,,,,,NA,Range,4,12,NA,0,15.33333333,SD,NA,NA,6.184927917,3,10.23333333,SD,NA,NA,4.14769012,3,21,NA,None Specified,NA,NA,NA,0,39.15,SD,NA,NA,6.576093065,2,37.45,SD,NA,NA,7.848885271,2,NA,,,NA,NA,NA,NA,"Hammond 1995, Cloutier 2007, Klimas 2012, Brito 2019, Hall 1994, Amoedo 2017, Cloutier 2005, Vendramini 2012, http://legacy.tropicos.org/Image/70542, http://legacy.tropicos.org/Image/100507222"
Carapa guianensis,,,,,,,NA,Range,4,20,NA,0,15.33333333,SD,NA,NA,6.184927917,3,10.23333333,SD,NA,NA,4.14769012,3,7.1,D,SD,NA,NA,2.1,0,39.15,SD,NA,NA,6.576093065,2,37.45,SD,NA,NA,7.848885271,2,NA,,,NA,NA,NA,NA,"Hammond 1995, Cloutier 2007, Klimas 2012, Brito 2019, Hall 1994, Amoedo 2017, Cloutier 2005, Vendramini 2012, http://legacy.tropicos.org/Image/70542, http://legacy.tropicos.org/Image/100507222"
Carapa guianensis,,,,,,,NA,Range,4,20,NA,0,15.33333333,SD,NA,NA,6.184927917,3,10.23333333,SD,NA,NA,4.14769012,3,25,NA,None Specified,NA,NA,NA,0,39.15,SD,NA,NA,6.576093065,2,37.45,SD,NA,NA,7.848885271,2,NA,,,NA,NA,NA,NA,"Hammond 1995, Cloutier 2007, Klimas 2012, Brito 2019, Hall 1994, Amoedo 2017, Cloutier 2005, Vendramini 2012, http://legacy.tropicos.org/Image/70542, http://legacy.tropicos.org/Image/100507222"
Carapa guianensis,,,,,,,NA,Range,4,20,NA,0,15.33333333,SD,NA,NA,6.184927917,3,10.23333333,SD,NA,NA,4.14769012,3,NA,NA,Range,10,50,NA,0,39.15,SD,NA,NA,6.576093065,2,37.45,SD,NA,NA,7.848885271,2,NA,,,NA,NA,NA,NA,"Hammond 1995, Cloutier 2007, Klimas 2012, Brito 2019, Hall 1994, Amoedo 2017, Cloutier 2005, Vendramini 2012, http://legacy.tropicos.org/Image/70542, http://legacy.tropicos.org/Image/100507222"
Carapa guianensis,,,,,,,NA,Range,4,20,NA,0,15.33333333,SD,NA,NA,6.184927917,3,10.23333333,SD,NA,NA,4.14769012,3,NA,W,Range,5.08,25.06,NA,100,39.15,SD,NA,NA,6.576093065,2,37.45,SD,NA,NA,7.848885271,2,NA,,,NA,NA,NA,NA,"Hammond 1995, Cloutier 2007, Klimas 2012, Brito 2019, Hall 1994, Amoedo 2017, Cloutier 2005, Vendramini 2012, http://legacy.tropicos.org/Image/70542, http://legacy.tropicos.org/Image/100507222"
Carapa guianensis,,,,,,,NA,Range,4,20,NA,0,15.33333333,SD,NA,NA,6.184927917,3,10.23333333,SD,NA,NA,4.14769012,3,NA,W,Range,25,100,NA,0,39.15,SD,NA,NA,6.576093065,2,37.45,SD,NA,NA,7.848885271,2,NA,,,NA,NA,NA,NA,"Hammond 1995, Cloutier 2007, Klimas 2012, Brito 2019, Hall 1994, Amoedo 2017, Cloutier 2005, Vendramini 2012, http://legacy.tropicos.org/Image/70542, http://legacy.tropicos.org/Image/100507222"
Carapa guianensis,,,,,,,8.8,SD,NA,NA,3.2,315,15.33333333,SD,NA,NA,6.184927917,3,10.23333333,SD,NA,NA,4.14769012,3,16.71,D,None Specified,NA,NA,NA,17,39.15,SD,NA,NA,6.576093065,2,37.45,SD,NA,NA,7.848885271,2,NA,,,NA,NA,NA,NA,"Hammond 1995, Cloutier 2007, Klimas 2012, Brito 2019, Hall 1994, Amoedo 2017, Cloutier 2005, Vendramini 2012, http://legacy.tropicos.org/Image/70542, http://legacy.tropicos.org/Image/100507222"
Carapa guianensis,,,,,,,8.9,SD,NA,NA,3.7,341,15.33333333,SD,NA,NA,6.184927917,3,10.23333333,SD,NA,NA,4.14769012,3,NA,NA,Range,20,40,NA,0,39.15,SD,NA,NA,6.576093065,2,37.45,SD,NA,NA,7.848885271,2,NA,,,NA,NA,NA,NA,"Hammond 1995, Cloutier 2007, Klimas 2012, Brito 2019, Hall 1994, Amoedo 2017, Cloutier 2005, Vendramini 2012, http://legacy.tropicos.org/Image/70542, http://legacy.tropicos.org/Image/100507222"
Carapa procera,"Racapa procera, Trichilia procera, Granatum procerum, Xylocarpus procerus, Afzelia splendens, Zelea splendens, Zurloa splendens, Carapa guineensis, Carapa gummiflua, Carapa guyanensis, Carapa touloucouna, Xylocarpus touloucouna, Touloucouna gigantea, Zurloa insignis",Meliaceae,N,Brown,D,D,NA,Range,5,20,NA,0,NA,,NA,NA,NA,NA,NA,,NA,NA,NA,NA,NA,D,Range,6.6,12.3,NA,12,150,None Specified,NA,NA,NA,0,120,None Specified,NA,NA,NA,0,500,W,SD,NA,NA,200,10,"Brewer 1999, Baraloto 2007, Lankoandé 2021, Forget 2007, Doligez 1997, Omokhua 2019, Diby 2019, Lankoandé 2015, Hammond 1995, Forget 2001"
Carapa procera,,,,,,,NA,Range,15,20,NA,0,NA,,NA,NA,NA,NA,NA,,NA,NA,NA,NA,11.78,D,None Specified,NA,NA,NA,17,NA,,NA,NA,NA,NA,NA,,NA,NA,NA,NA,NA,,,NA,NA,NA,NA,"Brewer 1999, Baraloto 2007, Lankoandé 2021, Forget 2007, Doligez 1997, Omokhua 2019, Diby 2019, Lankoandé 2015, Hammond 1995, Forget 2001"
Carapa procera,,,,,,,NA,Range,12,20,NA,0,NA,,NA,NA,NA,NA,NA,,NA,NA,NA,NA,34.59,W,None Specified,NA,NA,NA,17,NA,,NA,NA,NA,NA,NA,,NA,NA,NA,NA,NA,,,NA,NA,NA,NA,"Brewer 1999, Baraloto 2007, Lankoandé 2021, Forget 2007, Doligez 1997, Omokhua 2019, Diby 2019, Lankoandé 2015, Hammond 1995, Forget 2001"
Carapa procera,,,,,,,NA,Range,15,36,NA,0,NA,,NA,NA,NA,NA,NA,,NA,NA,NA,NA,21,NA,SD,NA,NA,4,3000,NA,,NA,NA,NA,NA,NA,,NA,NA,NA,NA,400,W,SD,NA,NA,100,10,"Brewer 1999, Baraloto 2007, Lankoandé 2021, Forget 2007, Doligez 1997, Omokhua 2019, Diby 2019, Lankoandé 2015, Hammond 1995, Forget 2001"
Carapa procera,,,,,,,11,SD,NA,NA,4,452,NA,,NA,NA,NA,NA,NA,,NA,NA,NA,NA,18,NA,None Specified,NA,NA,NA,0,NA,,NA,NA,NA,NA,NA,,NA,NA,NA,NA,500,W,SD,NA,NA,100,10,"Brewer 1999, Baraloto 2007, Lankoandé 2021, Forget 2007, Doligez 1997, Omokhua 2019, Diby 2019, Lankoandé 2015, Hammond 1995, Forget 2001"
Carapa procera,,,,,,,NA,,NA,NA,NA,NA,NA,,NA,NA,NA,NA,NA,,NA,NA,NA,NA,NA,NA,None Specified,10,30,NA,100,NA,,NA,NA,NA,NA,NA,,NA,NA,NA,NA,NA,,,NA,NA,NA,NA,"Brewer 1999, Baraloto 2007, Lankoandé 2021, Forget 2007, Doligez 1997, Omokhua 2019, Diby 2019, Lankoandé 2015, Hammond 1995, Forget 2001"
Carica microcarpa,Vasconcellea microcarpa,Caricaceae,N,Red,F,I,NA,,NA,NA,NA,NA,2.366666667,SD,NA,NA,0.557374799,6,1.383333333,SD,NA,NA,0.194079022,6,0.117,W,None Specified,NA,NA,NA,0,46.2,None Specified,NA,NA,NA,1,45.2,None Specified,NA,NA,NA,1,5,NA,None Specified,NA,NA,NA,0,"Morshidi 1996, Foster 1985, https://collections-botany.fieldmuseum.org/catalogue/326756, http://legacy.tropicos.org/Image/43706"
Carica microcarpa,,,,,,,NA,,NA,NA,NA,NA,NA,,NA,NA,NA,NA,NA,,NA,NA,NA,NA,NA,,,NA,NA,NA,NA,NA,,NA,NA,NA,NA,NA,,NA,NA,NA,NA,20,NA,None Specified,NA,NA,NA,0,Morshidi 1996
Carica microcarpa,,,,,,,NA,,NA,NA,NA,NA,NA,,NA,NA,NA,NA,NA,,NA,NA,NA,NA,NA,,,NA,NA,NA,NA,NA,,NA,NA,NA,NA,NA,,NA,NA,NA,NA,7,NA,None Specified,NA,NA,NA,0,Morshidi 1996
Caryocar brasiliense,,Caryocaraceae,N,Green,F,I,2.5,None Specified,NA,NA,NA,0,45,None Specified,NA,NA,NA,0,30,None Specified,NA,NA,NA,0,6.9,NA,None Specified,NA,NA,NA,0,70,None Specified,NA,NA,NA,0,60,None Specified,NA,NA,NA,0,137.2,W,Unknown +/-,NA,NA,12.2,30,"Guimarães 2008, Donatti 2007"
Caryocar brasiliense,,,,,,,2.5,None Specified,NA,NA,NA,0,45,None Specified,NA,NA,NA,0,30,None Specified,NA,NA,NA,0,6.9,NA,None Specified,NA,NA,NA,0,65.7,Unknown +/-,NA,NA,3,30,60.2,Unknown +/-,NA,NA,1.3,30,137.2,W,Unknown +/-,NA,NA,12.2,30,"Guimarães 2008, Donatti 2007"
Caryocar glabrum,"Pekea ternata, Rhizobolus glaber, Rhizobolus saouvari, Rhizobolus souari, Saouari glabra",Caryocaraceae,N,Yellow/Gray,F,I,NA,Range,1,2,NA,0,36.2,None Specified,NA,NA,NA,1,23.8,None Specified,NA,NA,NA,1,6.9,D,None Specified,NA,NA,NA,0,NA,Range,50,80,NA,0,NA,Range,50,60,NA,0,NA,,,NA,NA,NA,NA,"Magid 2006, Prance 1973, Kattge 2011, http://legacy.tropicos.org/Image/101236567"
Casearia lasiophylla,Antigona serrata,Salicaceae,N,Yellow/Orange,F,D,NA,Range,4,6,NA,10,5,None Specified,NA,NA,NA,0,NA,,NA,NA,NA,NA,0.0117,D,SD,NA,NA,0.0033,5,7.5,None Specified,NA,NA,NA,0,NA,,NA,NA,NA,NA,NA,,,NA,NA,NA,NA,Alves-Costa 2007
Casearia macrocarpa,,Salicaceae,Y,NA,F,D,4,None Specified,NA,NA,NA,0,7.145454545,SD,NA,NA,0.807915387,11,4.809090909,SD,NA,NA,0.514693201,11,NA,,,NA,NA,NA,NA,38.8,SD,NA,NA,5.570008977,5,15.16,SD,NA,NA,3.291352306,5,NA,,,NA,NA,NA,NA,"Ramírez and Stevenson 2013, http://specimens.kew.org/herbarium/K000591407"
Cassia moschata,Cathartocarpus moschatus,Leguminosae,N,Brown,D,D,90,None Specified,NA,NA,NA,5,NA,Range,7.2,8.2,NA,10,NA,Range,5,5.9,NA,10,NA,D,Range,9.00E-05,0.00012,NA,10,NA,Range,400,700,NA,0,30,None Specified,NA,NA,NA,0,NA,,,NA,NA,NA,NA,"Stevenson 2023, Ubiergo 2007, https://pfaf.org/user/Plant.aspx?LatinName=Cassia+moschata"
Cassia moschata,,,,,,,NA,,NA,NA,NA,NA,7,None Specified,NA,NA,NA,5,6,None Specified,NA,NA,NA,5,NA,,,NA,NA,NA,NA,350,None Specified,NA,NA,NA,5,12.5,None Specified,NA,NA,NA,5,NA,,,NA,NA,NA,NA,"Stevenson 2023, Ubiergo 2007, https://pfaf.org/user/Plant.aspx?LatinName=Cassia+moschata"
Castilla ulei,,Moraceae,N,Yellow,F,I,7.3,None Specified,NA,NA,NA,6,11.5,None Specified,NA,NA,NA,5,8.45,None Specified,NA,NA,NA,6,NA,,,NA,NA,NA,NA,NA,Range,30,70,NA,0,39.6,None Specified,NA,NA,NA,0,21.8,W,None Specified,NA,NA,NA,0,"Stevenson 2023, Stevenson 2002, Link 2004, Yumoto et al. 1999"
Castilla ulei,,,,,,,NA,Range,10,20,NA,0,NA,Range,10,13,NA,0,8.45,None Specified,NA,NA,NA,6,0.4325,D,None Specified,NA,NA,NA,5,30,None Specified,NA,NA,NA,0,35,None Specified,NA,NA,NA,5,21.8,W,None Specified,NA,NA,NA,0,"Stevenson 2023, Stevenson 2002, Link 2004, Yumoto et al. 1999"
Castilla ulei,,,,,,,4,None Specified,NA,NA,NA,0,12.8,None Specified,NA,NA,NA,0,12.1,None Specified,NA,NA,NA,0,0.71,W,None Specified,NA,NA,NA,0,39.6,None Specified,NA,NA,NA,0,NA,,NA,NA,NA,NA,4.57083333,D,None Specified,NA,NA,NA,6,"Stevenson 2023, Stevenson 2002, Link 2004, Yumoto et al. 1999"
Castilla ulei,,,,,,,4.1,None Specified,NA,NA,NA,6,NA,Range,10,13,NA,0,8,None Specified,NA,NA,NA,6,0.62223913,W,None Specified,NA,NA,NA,5,40,None Specified,NA,NA,NA,5,NA,,NA,NA,NA,NA,17.7825,W,None Specified,NA,NA,NA,6,"Stevenson 2023, Stevenson 2002, Link 2004, Yumoto et al. 1999"
Catostemma fragrans,"Catostemma macrosperma, Guenetia macrosperma",Malvaceae,N,Orange/Brown,D,D,1,None Specified,NA,NA,NA,0,40,None Specified,NA,NA,NA,0,NA,Range,20,30,NA,0,44.6,W,None Specified,NA,NA,NA,17,NA,Range,40,70,NA,0,NA,None Specified,30,50,NA,0,NA,,,NA,NA,NA,NA,"Hammond 1995, Sandwith 1931, Polak 1992"
Catostemma fragrans,,,,,,,NA,,NA,NA,NA,NA,NA,,NA,NA,NA,NA,NA,,NA,NA,NA,NA,24.6,D,None Specified,NA,NA,NA,17,NA,Range,40,80,NA,0,NA,None Specified,30,35,NA,0,NA,,,NA,NA,NA,NA,"Hammond 1995, Steyermark 1987"
Cayaponia granatensis,Arkenzostis granatensis,Cucurbitaceae,N,Red,F,I,1,None Specified,NA,NA,NA,0,17,None Specified,NA,NA,NA,5,11.05,None Specified,NA,NA,NA,5,0.03428571,D,None Specified,NA,NA,NA,5,27,None Specified,NA,NA,NA,5,19,None Specified,NA,NA,NA,5,0.943,D,None Specified,NA,NA,NA,5,"Stevenson 2023, Grayum 2009, https://books.google.com/books?hl=en&lr=&id=Whc_ahfhFFoC&oi=fnd&pg=PA3&dq=%22Cayaponia+granatensis%22+AND+fruit&ots=VquUA-KqVp&sig=HaYDJI14uWa7eSYxH81R0O4j10k#v=onepage&q=%22Cayaponia%20granatensis%22%20AND%20fruit&f=false"
Cayaponia granatensis,,,,,,,2.31111111,None Specified,NA,NA,NA,5,11,None Specified,NA,NA,NA,0,7,None Specified,NA,NA,NA,0,0.13714286,W,None Specified,NA,NA,NA,5,60,None Specified,NA,NA,NA,0,NA,Range,30,45,NA,0,3.748,W,None Specified,NA,NA,NA,5,"Stevenson 2023, Grayum 2009, https://books.google.com/books?hl=en&lr=&id=Whc_ahfhFFoC&oi=fnd&pg=PA3&dq=%22Cayaponia+granatensis%22+AND+fruit&ots=VquUA-KqVp&sig=HaYDJI14uWa7eSYxH81R0O4j10k#v=onepage&q=%22Cayaponia%20granatensis%22%20AND%20fruit&f=false"
Cayaponia granatensis,,,,,,,NA,,NA,NA,NA,NA,NA,,NA,NA,NA,NA,NA,,NA,NA,NA,NA,NA,,,NA,NA,NA,NA,NA,,NA,NA,NA,NA,NA,,NA,NA,NA,NA,NA,,,NA,NA,NA,NA,"Stevenson 2023, Grayum 2009, https://books.google.com/books?hl=en&lr=&id=Whc_ahfhFFoC&oi=fnd&pg=PA3&dq=%22Cayaponia+granatensis%22+AND+fruit&ots=VquUA-KqVp&sig=HaYDJI14uWa7eSYxH81R0O4j10k#v=onepage&q=%22Cayaponia%20granatensis%22%20AND%20fruit&f=false"
Cayaponia granatensis,,,,,,,NA,,NA,NA,NA,NA,NA,,NA,NA,NA,NA,NA,,NA,NA,NA,NA,NA,,,NA,NA,NA,NA,NA,,NA,NA,NA,NA,NA,,NA,NA,NA,NA,NA,,,NA,NA,NA,NA,"Stevenson 2023, Grayum 2009, https://books.google.com/books?hl=en&lr=&id=Whc_ahfhFFoC&oi=fnd&pg=PA3&dq=%22Cayaponia+granatensis%22+AND+fruit&ots=VquUA-KqVp&sig=HaYDJI14uWa7eSYxH81R0O4j10k#v=onepage&q=%22Cayaponia%20granatensis%22%20AND%20fruit&f=false"
Cayaponia ophthalmica,,Cucurbitaceae,N,Red,F,I,NA,Range,1,3,NA,0,20,None Specified,NA,NA,NA,1,8.7,None Specified,NA,NA,NA,1,NA,,,NA,NA,NA,NA,37,None Specified,NA,NA,NA,0,35.8,None Specified,NA,NA,NA,1,NA,,,NA,NA,NA,NA,"Stevenson 2023, Roosmalen 1988, https://floradobrasil.jbrj.gov.br/reflora/PrincipalUC/PrincipalUC.do;jsessionid=403555A5E10B6B821F29DC4244DFCE60"
Cayaponia ophthalmica,,,,,,,2,None Specified,NA,NA,NA,0,14,None Specified,NA,NA,NA,0,10,None Specified,NA,NA,NA,0,NA,,,NA,NA,NA,NA,NA,,NA,NA,NA,NA,25,None Specified,NA,NA,NA,0,NA,,,NA,NA,NA,NA,"Stevenson 2023, Roosmalen 1988, https://floradobrasil.jbrj.gov.br/reflora/PrincipalUC/PrincipalUC.do;jsessionid=403555A5E10B6B821F29DC4244DFCE60"
Cecropia angustifolia,"Cecropia acutifolia, Ambaiba acutifolia, Cecropia caucana, Cecropia coriacea, Cecropia danielis, Cecropia digitata, Ambaiba digitata, Cecropia hachensis, Cecropia moniquirana, Cecropia palmatisecta, Cecropia philipsonii, Cecropia polyphlebia, Cecropia strigilosa, Cecropia sylvicola, Cecropia tubulosa, Ambaiba tubulosa, Cecropia villosa",Urticaceae,N,Orange/Red,F,I,1086,None Specified,NA,NA,NA,0,2.075,SD,NA,NA,0.56006696,3,0.794666667,SD,NA,NA,0.081794458,3,9.00E-04,W,SE,NA,NA,1.00E-04,0,36.46666667,SD,NA,NA,1.892969449,3,9.225,SD,NA,NA,1.381725974,4,NA,,,NA,NA,NA,NA,"Linares 2010, Ramírez et al. 2013, Holl 2002, Berg 2005, http://specimens.kew.org/herbarium/K000512348"
Cecropia angustifolia,,,,,,,NA,,NA,NA,NA,NA,NA,Range,1.8,2.8,NA,0,NA,Range,0.6,1,NA,0,0.000399757,W,None Specified,NA,NA,NA,1,NA,,NA,NA,NA,NA,NA,,NA,NA,NA,NA,NA,,,NA,NA,NA,NA,"Linares 2010, Ramírez et al. 2013, Holl 2002, Berg 2005, http://specimens.kew.org/herbarium/K000512348"
Cecropia cinerea,Cecropia pachystachya,Urticaceae,N,Green,F,I,196.6,Unknown +/-,NA,NA,38.4,20,2.17,SE,NA,NA,0.02,4,1.18,SE,NA,NA,0.02,4,0.00085,NA,SE,NA,NA,3.00E-05,4,147.5,Unknown +/-,NA,NA,32.3,20,16.2,Unknown +/-,NA,NA,4.3,20,1.23,D,Unknown +/-,NA,NA,0.18,20,"Maruyama 2019, Alves-Costa 2007, Souza 2001, Raphael 2015, Silva 2013, Galetti 2011, Donatti 2007, Moura 2007"
Cecropia cinerea,,,,,,,NA,,NA,NA,NA,NA,1,None Specified,NA,NA,NA,20,2,None Specified,NA,NA,NA,0,0.0003775,W,SD,NA,NA,2.22E-05,4,113,None Specified,NA,NA,NA,0,12.8,None Specified,NA,NA,NA,0,6.5,NA,None Specified,NA,NA,NA,0,"Maruyama 2019, Alves-Costa 2007, Souza 2001, Raphael 2015, Silva 2013, Galetti 2011, Donatti 2007, Moura 2007"
Cecropia cinerea,,,,,,,NA,,NA,NA,NA,NA,3,None Specified,NA,NA,NA,12.5,1,None Specified,NA,NA,NA,20,0.00082,D,SD,NA,NA,5.00E-05,10,80.1,Unknown +/-,NA,NA,8.5,30,8,Unknown +/-,NA,NA,0.6,30,1.9,W,Unknown +/-,NA,NA,0.3,30,"Maruyama 2019, Alves-Costa 2007, Souza 2001, Raphael 2015, Silva 2013, Galetti 2011, Donatti 2007, Moura 2007"
Cecropia cinerea,,,,,,,NA,,NA,NA,NA,NA,2,None Specified,NA,NA,NA,0,1,None Specified,NA,NA,NA,12.5,NA,D,Range,0.000595745,0.000884956,NA,20,130,None Specified,NA,NA,NA,0,NA,,NA,NA,NA,NA,NA,,,NA,NA,NA,NA,"Maruyama 2019, Alves-Costa 2007, Souza 2001, Raphael 2015, Silva 2013, Galetti 2011, Donatti 2007, Moura 2007"
Cecropia engleriana,,Urticaceae,N,Green,F,I,1734,None Specified,NA,NA,NA,6,2,None Specified,NA,NA,NA,5,1.3,None Specified,NA,NA,NA,6,0.00397353,W,None Specified,NA,NA,NA,5,NA,Range,130,180,NA,0,NA,Range,10,15,NA,0,6.89,D,None Specified,NA,NA,NA,6,"Stevenson 2023, Stevenson 2002, Gallery 2010, Salamanca 2021"
Cecropia engleriana,,,,,,,NA,Range,900,1200,NA,0,NA,,NA,NA,NA,NA,NA,,NA,NA,NA,NA,0.00227059,D,None Specified,NA,NA,NA,5,170,None Specified,NA,NA,NA,5,10,None Specified,NA,NA,NA,5,16.7331,W,None Specified,NA,NA,NA,6,"Stevenson 2023, Stevenson 2002, Gallery 2010, Salamanca 2021"
Cecropia engleriana,,,,,,,NA,,NA,NA,NA,NA,NA,,NA,NA,NA,NA,NA,,NA,NA,NA,NA,0.00119,W,SE,NA,NA,0.00015,20,NA,,NA,NA,NA,NA,NA,,NA,NA,NA,NA,NA,,,NA,NA,NA,NA,"Stevenson 2023, Stevenson 2002, Gallery 2010, Salamanca 2021"
Cecropia glaziovi,"Cecropia glaziovii, Cecropia macranthera",Urticaceae,N,Orange,F,I,NA,,NA,NA,NA,NA,1.9,SD,NA,NA,0.1,3,1.1,SD,NA,NA,0.173205081,3,0.00184,NA,None Specified,NA,NA,NA,0,140,None Specified,NA,NA,NA,0,NA,,NA,NA,NA,NA,2.02,D,None Specified,NA,NA,NA,0,"Miller 2004, Silvestre 2016, Alves-Costa 2007, Válio 2001"
Cecropia glaziovi,,,,,,,NA,,NA,NA,NA,NA,2.5,None Specified,NA,NA,NA,0,NA,,NA,NA,NA,NA,NA,,,NA,NA,NA,NA,NA,,NA,NA,NA,NA,NA,,NA,NA,NA,NA,NA,,,NA,NA,NA,NA,"Miller 2004, Silvestre 2016, Alves-Costa 2007, Válio 2001"
Cecropia hololeuca,,Urticaceae,N,Black/Purple,F,I,NA,,NA,NA,NA,NA,3,None Specified,NA,NA,NA,0,1,None Specified,NA,NA,NA,0,0.00376,D,None Specified,NA,NA,NA,0,160,None Specified,NA,NA,NA,0,7.45,SD,NA,NA,4.366556788,34,18,D,None Specified,NA,NA,NA,0,"Alves-Costa 2007, Válio 2001, Silva 2020, Miller 2004, http://apps.kew.org/herbcat/detailsQuery.do?barcode=K000512371, http://apps.kew.org/herbcat/detailsQuery.do?barcode=K000512370, http://apps.kew.org/herbcat/detailsQuery.do?barcode=K000973625, http://apps.kew.org/herbcat/detailsQuery.do?barcode=K000973621, http://apps.kew.org/herbcat/detailsQuery.do?barcode=K000973627, http://apps.kew.org/herbcat/detailsQuery.do?barcode=K000973615, http://apps.kew.org/herbcat/detailsQuery.do?barcode=K000973616, http://apps.kew.org/herbcat/detailsQuery.do?barcode=K000973619, http://apps.kew.org/herbcat/detailsQuery.do?barcode=K000973622, http://apps.kew.org/herbcat/detailsQuery.do?barcode=K000973628"
Cecropia membranacea,,Urticaceae,N,Green,F,I,3660,None Specified,NA,NA,NA,6,NA,Range,1,2,NA,0,2.01,SD,NA,NA,0.234,30,0.00068,W,SE,NA,NA,7.00E-05,20,200,None Specified,NA,NA,NA,5,9.5,None Specified,NA,NA,NA,5,3.5,D,None Specified,NA,NA,NA,6,"Stevenson 2023, Stevenson 2002, Gallery 2010, https://go.gale.com/ps/i.do?id=GALE%7CA594318280&sid=googleScholar&v=2.1&it=r&linkaccess=fulltext&issn=00347744&p=AONE&sw=w&casa_token=KBnSDG3oANMAAAAA:TG4BPeibuYz6CtBj8sbh4FP_lmfn_lIs3MpnvLjHmw1fHQu3QJb3neh__zKFShbD0foPufi4qsPo, http://legacy.tropicos.org/Image/100755841"
Cecropia membranacea,,,,,,,NA,,NA,NA,NA,NA,2,None Specified,NA,NA,NA,5,1,None Specified,NA,NA,NA,6,0.00087062,W,None Specified,NA,NA,NA,5,NA,,NA,NA,NA,NA,2.7,SD,NA,NA,0.702376917,10,13.225,W,None Specified,NA,NA,NA,6,"Stevenson 2023, Stevenson 2002, Gallery 2010, https://go.gale.com/ps/i.do?id=GALE%7CA594318280&sid=googleScholar&v=2.1&it=r&linkaccess=fulltext&issn=00347744&p=AONE&sw=w&casa_token=KBnSDG3oANMAAAAA:TG4BPeibuYz6CtBj8sbh4FP_lmfn_lIs3MpnvLjHmw1fHQu3QJb3neh__zKFShbD0foPufi4qsPo, http://legacy.tropicos.org/Image/100755841"
Cecropia membranacea,,,,,,,NA,,NA,NA,NA,NA,2.87,SD,NA,NA,0.213,30,NA,,NA,NA,NA,NA,0.00057551,D,None Specified,NA,NA,NA,5,NA,,NA,NA,NA,NA,NA,,NA,NA,NA,NA,NA,,,NA,NA,NA,NA,"Stevenson 2023, Stevenson 2002, Gallery 2010, https://go.gale.com/ps/i.do?id=GALE%7CA594318280&sid=googleScholar&v=2.1&it=r&linkaccess=fulltext&issn=00347744&p=AONE&sw=w&casa_token=KBnSDG3oANMAAAAA:TG4BPeibuYz6CtBj8sbh4FP_lmfn_lIs3MpnvLjHmw1fHQu3QJb3neh__zKFShbD0foPufi4qsPo, http://legacy.tropicos.org/Image/100755841"
Cecropia mutisiana,"Cecropia ibaguensis, Cecropia tolimensis",Urticaceae,N,NA,F,I,NA,,NA,NA,NA,NA,NA,,NA,NA,NA,NA,NA,,NA,NA,NA,NA,NA,,,NA,NA,NA,NA,85.78333333,SD,NA,NA,12.84897119,12,2.618918919,SD,NA,NA,0.593407223,37,NA,,,NA,NA,NA,NA,https://collections-botany.fieldmuseum.org/catalogue/2933044
Cecropia obtusa,"Ambaiba obtusa, Coilotapalus obtusa, Cecropia lisboana",Urticaceae,N,Brown,F,I,NA,,NA,NA,NA,NA,1.6,None Specified,NA,NA,NA,0,0.5,None Specified,NA,NA,NA,0,0.001,NA,SE,NA,NA,6.00E-05,0,2.9,None Specified,NA,NA,NA,0,0.8,None Specified,NA,NA,NA,0,NA,,,NA,NA,NA,NA,"Lobova 2003, Nepstad 1996, Hammond 1995"
Cecropia obtusa,,,,,,,NA,,NA,NA,NA,NA,1.6,None Specified,NA,NA,NA,0,0.5,None Specified,NA,NA,NA,0,0.00011,D,None Specified,NA,NA,NA,17,2.9,None Specified,NA,NA,NA,0,0.8,None Specified,NA,NA,NA,0,NA,,,NA,NA,NA,NA,"Lobova 2003, Nepstad 1996, Hammond 1995"
Cecropia obtusa,,,,,,,NA,,NA,NA,NA,NA,1.6,None Specified,NA,NA,NA,0,0.5,None Specified,NA,NA,NA,0,0.00014,W,None Specified,NA,NA,NA,17,2.9,None Specified,NA,NA,NA,0,0.8,None Specified,NA,NA,NA,0,NA,,,NA,NA,NA,NA,"Lobova 2003, Nepstad 1996, Hammond 1995"
Cecropia obtusifolia,"Ambaiba obtusifolia, Cecropia alvarezii, Cecropia amphibhlora, Cecropia burriada, Cecropia commutata, Ambaiba commutata, Cecropia concolor, Cecropia dabeibana, Cecropia levyana, Cecropia maxonii, Cecropia mexicana, Ambaiba mexicana, Cecropia panamensis, Ambaiba panamensis, Cecropia radlkoferiana, Ambaiba costaricensis, Ambaiba hemsleyana",Urticaceae,N,Green/Gray,F,I,2792,None Specified,NA,NA,NA,0,NA,Range,1,2,NA,0,NA,Range,0.8,1.3,NA,0,5.00E-04,D,None Specified,NA,NA,NA,10,216.3333333,SD,NA,NA,23.78767188,3,5.7,SD,NA,NA,0.721110255,3,NA,,,NA,NA,NA,NA,"Gallery 2010, Daws 2005, Estrada 1984, Alvarez-Buylla 1994, http://legacy.tropicos.org/Image/81182, Vázquez-Yanes 1996, https://rngr.net/publications/ttsm/species,Vázquez-Yanes 1992, Daws 2008"
Cecropia obtusifolia,,,,,,,NA,,NA,NA,NA,NA,2,None Specified,NA,NA,NA,0,1.2,None Specified,NA,NA,NA,0,0.00099,NA,Unknown +/-,NA,NA,4.00E-05,0,NA,,NA,NA,NA,NA,NA,,NA,NA,NA,NA,NA,,,NA,NA,NA,NA,"Gallery 2010, Daws 2005, Estrada 1984, Alvarez-Buylla 1994, http://legacy.tropicos.org/Image/81182, Vázquez-Yanes 1996, https://rngr.net/publications/ttsm/species,Vázquez-Yanes 1992, Daws 2008"
Cecropia obtusifolia,,,,,,,NA,,NA,NA,NA,NA,NA,,NA,NA,NA,NA,NA,,NA,NA,NA,NA,9.00E-04,NA,None Specified,NA,NA,NA,0,NA,,NA,NA,NA,NA,NA,,NA,NA,NA,NA,NA,,,NA,NA,NA,NA,"Gallery 2010, Daws 2005, Estrada 1984, Alvarez-Buylla 1994, http://legacy.tropicos.org/Image/81182, Vázquez-Yanes 1996, https://rngr.net/publications/ttsm/species,Vázquez-Yanes 1992, Daws 2008"
Cecropia obtusifolia,,,,,,,NA,,NA,NA,NA,NA,NA,,NA,NA,NA,NA,NA,,NA,NA,NA,NA,0.00058,NA,None Specified,NA,NA,NA,0,NA,,NA,NA,NA,NA,NA,,NA,NA,NA,NA,NA,,,NA,NA,NA,NA,"Gallery 2010, Daws 2005, Estrada 1984, Alvarez-Buylla 1994, http://legacy.tropicos.org/Image/81182, Vázquez-Yanes 1996, https://rngr.net/publications/ttsm/species,Vázquez-Yanes 1992, Daws 2008"
Cecropia obtusifolia,,,,,,,NA,,NA,NA,NA,NA,NA,,NA,NA,NA,NA,NA,,NA,NA,NA,NA,0.00052,W,SE,NA,NA,3.00E-05,20,NA,,NA,NA,NA,NA,NA,,NA,NA,NA,NA,NA,,,NA,NA,NA,NA,"Gallery 2010, Daws 2005, Estrada 1984, Alvarez-Buylla 1994, http://legacy.tropicos.org/Image/81182, Vázquez-Yanes 1996, https://rngr.net/publications/ttsm/species,Vázquez-Yanes 1992, Daws 2008"
Cecropia pachystachya,Cecropia pachystachya,Urticaceae,N,Green,F,I,196.6,Unknown +/-,NA,NA,38.4,20,2.17,SE,NA,NA,0.02,4,1.18,SE,NA,NA,0.02,4,0.00085,NA,SE,NA,NA,3.00E-05,4,147.5,Unknown +/-,NA,NA,32.3,20,16.2,Unknown +/-,NA,NA,4.3,20,1.23,D,Unknown +/-,NA,NA,0.18,20,"Maruyama 2019, Alves-Costa 2007, Souza 2001, Raphael 2015, Silva 2013, Galetti 2011, Donatti 2007, Moura 2007"
Cecropia pachystachya,,,,,,,NA,,NA,NA,NA,NA,1,None Specified,NA,NA,NA,20,2,None Specified,NA,NA,NA,0,0.0003775,W,SD,NA,NA,2.22E-05,4,113,None Specified,NA,NA,NA,0,12.8,None Specified,NA,NA,NA,0,6.5,NA,None Specified,NA,NA,NA,0,"Maruyama 2019, Alves-Costa 2007, Souza 2001, Raphael 2015, Silva 2013, Galetti 2011, Donatti 2007, Moura 2007"
Cecropia pachystachya,,,,,,,NA,,NA,NA,NA,NA,3,None Specified,NA,NA,NA,12.5,1,None Specified,NA,NA,NA,20,0.00082,D,SD,NA,NA,5.00E-05,10,80.1,Unknown +/-,NA,NA,8.5,30,8,Unknown +/-,NA,NA,0.6,30,1.9,W,Unknown +/-,NA,NA,0.3,30,"Maruyama 2019, Alves-Costa 2007, Souza 2001, Raphael 2015, Silva 2013, Galetti 2011, Donatti 2007, Moura 2007"
Cecropia pachystachya,,,,,,,NA,,NA,NA,NA,NA,2,None Specified,NA,NA,NA,0,1,None Specified,NA,NA,NA,12.5,NA,D,Range,0.000595745,0.000884956,NA,20,130,None Specified,NA,NA,NA,0,NA,,NA,NA,NA,NA,NA,,,NA,NA,NA,NA,"Maruyama 2019, Alves-Costa 2007, Souza 2001, Raphael 2015, Silva 2013, Galetti 2011, Donatti 2007, Moura 2007"
Cecropia purpurascens,,Urticaceae,N,NA,F,I,NA,,NA,NA,NA,NA,NA,,NA,NA,NA,NA,NA,,NA,NA,NA,NA,NA,,,NA,NA,NA,NA,90.33333333,SD,NA,NA,4.751140214,3,5.933333333,SD,NA,NA,0.585946528,3,NA,,,NA,NA,NA,NA,https://collections-botany.fieldmuseum.org/catalogue/277246
Cecropia sciadophylla,,Urticaceae,N,Yellow,F,I,1950,None Specified,NA,NA,NA,6,2.5,None Specified,NA,NA,NA,5,1.5,None Specified,NA,NA,NA,5,0.01,W,None Specified,NA,NA,NA,0,150,None Specified,NA,NA,NA,5,15,None Specified,NA,NA,NA,5,12.175,D,None Specified,NA,NA,NA,6,"Stevenson 2023, Obregón 2007, Stevenson 2002, Peña-Claros 2001, Stevenson 2007, Gallery 2010, Aud 2012"
Cecropia sciadophylla,,,,,,,NA,,NA,NA,NA,NA,2.1,None Specified,NA,NA,NA,30,1.1,None Specified,NA,NA,NA,30,0.0014,D,None Specified,NA,NA,NA,0,NA,,NA,NA,NA,NA,NA,,NA,NA,NA,NA,29.6785714,W,None Specified,NA,NA,NA,6,"Stevenson 2023, Obregón 2007, Stevenson 2002, Peña-Claros 2001, Stevenson 2007, Gallery 2010, Aud 2012"
Cecropia sciadophylla,,,,,,,NA,,NA,NA,NA,NA,NA,,NA,NA,NA,NA,NA,,NA,NA,NA,NA,0.003,D,None Specified,NA,NA,NA,5,NA,,NA,NA,NA,NA,NA,,NA,NA,NA,NA,NA,,,NA,NA,NA,NA,"Stevenson 2023, Obregón 2007, Stevenson 2002, Peña-Claros 2001, Stevenson 2007, Gallery 2010, Aud 2012"
Cecropia sciadophylla,,,,,,,NA,,NA,NA,NA,NA,NA,,NA,NA,NA,NA,NA,,NA,NA,NA,NA,0.00161,W,SE,NA,NA,1.00E-04,20,NA,,NA,NA,NA,NA,NA,,NA,NA,NA,NA,NA,,,NA,NA,NA,NA,"Stevenson 2023, Obregón 2007, Stevenson 2002, Peña-Claros 2001, Stevenson 2007, Gallery 2010, Aud 2012"
Cecropia sciadophylla,,,,,,,NA,,NA,NA,NA,NA,NA,,NA,NA,NA,NA,NA,,NA,NA,NA,NA,0.00186,W,Unknown +/-,NA,NA,5.40E-05,10,NA,,NA,NA,NA,NA,NA,,NA,NA,NA,NA,NA,,,NA,NA,NA,NA,"Stevenson 2023, Obregón 2007, Stevenson 2002, Peña-Claros 2001, Stevenson 2007, Gallery 2010, Aud 2012"
Cecropia sciadophylla,,,,,,,NA,,NA,NA,NA,NA,NA,,NA,NA,NA,NA,NA,,NA,NA,NA,NA,0.00566667,W,None Specified,NA,NA,NA,5,NA,,NA,NA,NA,NA,NA,,NA,NA,NA,NA,NA,,,NA,NA,NA,NA,"Stevenson 2023, Obregón 2007, Stevenson 2002, Peña-Claros 2001, Stevenson 2007, Gallery 2010, Aud 2012"
Cecropia sciadophylla,,,,,,,NA,,NA,NA,NA,NA,NA,,NA,NA,NA,NA,NA,,NA,NA,NA,NA,0.0018,W,SD,NA,NA,8.00E-05,20,NA,,NA,NA,NA,NA,NA,,NA,NA,NA,NA,NA,,,NA,NA,NA,NA,"Stevenson 2023, Obregón 2007, Stevenson 2002, Peña-Claros 2001, Stevenson 2007, Gallery 2010, Aud 2012"
Cecropia sciadophylla,,,,,,,NA,,NA,NA,NA,NA,NA,,NA,NA,NA,NA,NA,,NA,NA,NA,NA,6.00E-04,D,None Specified,NA,NA,NA,30,NA,,NA,NA,NA,NA,NA,,NA,NA,NA,NA,NA,,,NA,NA,NA,NA,"Stevenson 2023, Obregón 2007, Stevenson 2002, Peña-Claros 2001, Stevenson 2007, Gallery 2010, Aud 2012"
Cecropia telealba,,Urticaceae,N,Green,F,I,3528,None Specified,NA,NA,NA,7.5,1.725,SD,NA,NA,0.611204899,8,0.7,SD,NA,NA,0.151185789,8,0.00039,D,SD,NA,NA,0.00012,38,NA,Range,126.6,270,NA,0,NA,Range,13,31.6,NA,0,9.13,W,None Specified,NA,NA,NA,7.5,"Londoño 2007, Pizano 2011, García 2020, https://collections-botany.fieldmuseum.org/catalogue/277315"
Cecropia telealba,,,,,,,3528,None Specified,NA,NA,NA,7.5,1.725,SD,NA,NA,0.611204899,8,0.7,SD,NA,NA,0.151185789,8,0.00039,D,SD,NA,NA,0.00012,38,200,None Specified,NA,NA,NA,7.5,24,None Specified,NA,NA,NA,7.5,9.13,W,None Specified,NA,NA,NA,7.5,"Londoño 2007, Pizano 2011, García 2020, https://collections-botany.fieldmuseum.org/catalogue/277315"
Cecropia telenitida,"Cecropia angelica, Cecropia santanderensis, Cecropia telealbida, Cecropia teleincana, Cecropia telenivea",Urticaceae,N,Green/Gray,F,I,NA,,NA,NA,NA,NA,NA,,NA,NA,NA,NA,NA,,NA,NA,NA,NA,0.000900036,W,None Specified,NA,NA,NA,1,161.96,SD,NA,NA,11.79991525,5,14.16,SD,NA,NA,2.083986564,5,NA,,,NA,NA,NA,NA,"Ramírez et al. 2013, https://collections-botany.fieldmuseum.org/catalogue/2940296"
Cecropia telenitida,,,,,,,NA,,NA,NA,NA,NA,NA,,NA,NA,NA,NA,NA,,NA,NA,NA,NA,NA,,,NA,NA,NA,NA,NA,,NA,NA,NA,NA,NA,,NA,NA,NA,NA,NA,,,NA,NA,NA,NA,"Ramírez et al. 2013, https://collections-botany.fieldmuseum.org/catalogue/2940296"
Ceiba pentandra,,Malvaceae,N,Brown,D,D,220.25,Unknown +/-,NA,NA,15.7,0,3.109090909,SD,NA,NA,0.361813614,11,2.636363636,SD,NA,NA,0.220330331,11,0.055,D,None Specified,NA,NA,NA,10,NA,Range,75,600,NA,0,NA,Range,30,150,NA,0,50.67,D,Unknown +/-,NA,NA,1.14,0,"Daws 2005, Pearson 2002, Silitonga 2012, Nkouam 2017, Lobo 2015, https://ajptonline.com/HTML_Papers/Asian%20Journal%20of%20Pharmacy%20and%20Technology__PID__2012-2-3-1.html, http://legacy.tropicos.org/Image/4562"
Ceiba pentandra,,,,,,,90.61,Confidence Interval,83,99,NA,0,NA,,NA,NA,NA,NA,NA,,NA,NA,NA,NA,NA,,,NA,NA,NA,NA,205.9,Unknown +/-,NA,NA,6.4,0,52.9,Unknown +/-,NA,NA,2.6,0,55.66,D,Unknown +/-,NA,NA,1.41,0,"Daws 2005, Pearson 2002, Silitonga 2012, Nkouam 2017, Lobo 2015, https://ajptonline.com/HTML_Papers/Asian%20Journal%20of%20Pharmacy%20and%20Technology__PID__2012-2-3-1.html, http://legacy.tropicos.org/Image/4562"
Ceiba pentandra,,,,,,,90.61,Confidence Interval,83,99,NA,0,NA,,NA,NA,NA,NA,NA,,NA,NA,NA,NA,NA,,,NA,NA,NA,NA,150,None Specified,NA,NA,NA,0,50,None Specified,NA,NA,NA,0,55.66,D,Unknown +/-,NA,NA,1.41,0,"Daws 2005, Pearson 2002, Silitonga 2012, Nkouam 2017, Lobo 2015, https://ajptonline.com/HTML_Papers/Asian%20Journal%20of%20Pharmacy%20and%20Technology__PID__2012-2-3-1.html, http://legacy.tropicos.org/Image/4562"
Ceiba pentandra,,,,,,,194.5,Unknown +/-,NA,NA,21.41,0,5,None Specified,NA,NA,NA,0,4.5,None Specified,NA,NA,NA,0,0.04896,W,Confidence Interval,0.0483,0.0496,NA,2532,202.3,Unknown +/-,NA,NA,15.7,0,43.4,Unknown +/-,NA,NA,1.1,0,45.64,D,Unknown +/-,NA,NA,1.34,0,"Daws 2005, Pearson 2002, Silitonga 2012, Nkouam 2017, Lobo 2015, https://ajptonline.com/HTML_Papers/Asian%20Journal%20of%20Pharmacy%20and%20Technology__PID__2012-2-3-1.html, http://legacy.tropicos.org/Image/4562"
Ceiba pentandra,,,,,,,324.88,Unknown +/-,NA,NA,21.1,0,NA,,NA,NA,NA,NA,NA,,NA,NA,NA,NA,0.07,NA,None Specified,NA,NA,NA,10,185,Unknown +/-,NA,NA,10.7,0,40.6,Unknown +/-,NA,NA,2.3,0,55.66,D,Unknown +/-,NA,NA,1.41,0,"Daws 2005, Pearson 2002, Silitonga 2012, Nkouam 2017, Lobo 2015, https://ajptonline.com/HTML_Papers/Asian%20Journal%20of%20Pharmacy%20and%20Technology__PID__2012-2-3-1.html, http://legacy.tropicos.org/Image/4562"
Ceiba pentandra,,,,,,,NA,,NA,NA,NA,NA,NA,,NA,NA,NA,NA,NA,,NA,NA,NA,NA,NA,,,NA,NA,NA,NA,50,None Specified,NA,NA,NA,0,28,None Specified,NA,NA,NA,0,NA,,,NA,NA,NA,NA,
Celtis schippii,,Cannabaceae,N,Black,F,I,1,None Specified,NA,NA,NA,6,NA,Range,6,7,NA,0,5.15,None Specified,NA,NA,NA,6,0.044,D,None Specified,NA,NA,NA,5,16,None Specified,NA,NA,NA,5,9,None Specified,NA,NA,NA,5,0.14833333,D,None Specified,NA,NA,NA,6,"Stevenson et al. 2002, Stevenson 2023, Stevenson 2002, https://collections-botany.fieldmuseum.org/catalogue/318312"
Celtis schippii,,,,,,,NA,,NA,NA,NA,NA,6.5,None Specified,NA,NA,NA,5,NA,,NA,NA,NA,NA,0.09166667,W,None Specified,NA,NA,NA,5,NA,Range,14,18,NA,0,8.611111111,SD,NA,NA,0.938675189,9,0.49,W,None Specified,NA,NA,NA,6,"Stevenson et al. 2002, Stevenson 2023, Stevenson 2002, https://collections-botany.fieldmuseum.org/catalogue/318312"
Cestrum racemosum,"Cestrum grande, Cestrum mathewsii, Cestrum panamense",Solanaceae,N,Black,F,I,NA,Range,3,7,NA,0,2.4,None Specified,NA,NA,NA,5,2.2,None Specified,NA,NA,NA,6,NA,,,NA,NA,NA,NA,4,None Specified,NA,NA,NA,0,NA,Range,3,5,NA,0,NA,,,NA,NA,NA,NA,"Stevenson 2023, Stevenson 2002, Link 2004, Rojas 1998"
Cestrum racemosum,,,,,,,NA,Range,3,7,NA,0,NA,,NA,NA,NA,NA,NA,,NA,NA,NA,NA,NA,,,NA,NA,NA,NA,NA,Range,5,6,NA,0,5,None Specified,NA,NA,NA,5,NA,,,NA,NA,NA,NA,"Stevenson 2023, Stevenson 2002, Link 2004, Rojas 1998"
Cestrum racemosum,,,,,,,NA,,NA,NA,NA,NA,NA,,NA,NA,NA,NA,NA,,NA,NA,NA,NA,NA,,,NA,NA,NA,NA,5,None Specified,NA,NA,NA,5,NA,,NA,NA,NA,NA,NA,,,NA,NA,NA,NA,"Stevenson 2023, Stevenson 2002, Link 2004, Rojas 1998"
Cheiloclinium hippocrateoides,"Salacia hippocrateoides, Cheiloclinium gleasonianum, Salacia gleasonianum, Cheiloclinium krukovii, Salacia krukovii, Cheiloclinium minutiflora, Salacia minutiflora, Salacia divaricata",Celastraceae,N,Orange,F,D,3,None Specified,NA,NA,NA,1,17.56666667,SD,NA,NA,4.235957192,3,12.26666667,SD,NA,NA,0.493288286,3,1.3125,D,None Specified,NA,NA,NA,10,31.3,SD,NA,NA,1.997498436,3,21.43333333,SD,NA,NA,1.997498436,3,8,NA,Range,3.23,15.04,NA,0,"Sánchez 2013, Arango 2007, http://legacy.tropicos.org/Image/100495296, https://collections-botany.fieldmuseum.org/catalogue/2984830"
Chorisia speciosa,,Bombacaceae,N,Brown,D,D,100.59,Unknown +/-,NA,NA,53.09,5,9.58,SE,NA,NA,0.08,40,7.98,SE,NA,NA,0.06,40,0.2091,NA,SE,NA,NA,0.00333,40,146.8,Unknown +/-,NA,NA,23.5,5,78.2,Unknown +/-,NA,NA,9,5,421,W,Unknown +/-,NA,NA,148.29,5,"Souza 2001, Marzinek 2003"
Chrysophyllum amazonicum,"Prieurella wurdackii, Prieurella lanceolata",Sapotaceae,N,Yellow,F,I,NA,,NA,NA,NA,NA,7.94,SD,NA,NA,2.294050276,10,4,SD,NA,NA,1.711399687,10,NA,,,NA,NA,NA,NA,33.6,SD,NA,NA,3.561834733,4,20.1,None Specified,NA,NA,NA,1,NA,,,NA,NA,NA,NA,"http://legacy.tropicos.org/Image/100928011, https://collections-botany.fieldmuseum.org/catalogue/191743"
Chrysophyllum argenteum,Cynodendron argenteum,Sapotaceae,N,Green,F,I,1,None Specified,NA,NA,NA,6,13,None Specified,NA,NA,NA,6,7.75,None Specified,NA,NA,NA,6,0.47,W,None Specified,NA,NA,NA,6,23,None Specified,NA,NA,NA,0,NA,Range,15,20,NA,0,9.36,W,None Specified,NA,NA,NA,0,"Stevenson 2023, Stevenson 2002, Roosmalen 2000"
Chrysophyllum argenteum,,,,,,,1,None Specified,NA,NA,NA,6,13,None Specified,NA,NA,NA,6,7.75,None Specified,NA,NA,NA,6,0.17,D,None Specified,NA,NA,NA,6,NA,Range,20,25,NA,0,22,None Specified,NA,NA,NA,0,1.77,D,None Specified,NA,NA,NA,0,"Stevenson 2023, Stevenson 2002, Roosmalen 2000"
Chrysophyllum lucentifolium,,Sapotaceae,N,Yellow,F,I,4.01,SE,NA,NA,0.16,68,31.4,SE,NA,NA,0.6,15,13.2,SE,NA,NA,0.3,15,1.08,D,None Specified,NA,NA,NA,10,57,None Specified,NA,NA,NA,68,57,None Specified,NA,NA,NA,68,97.4,W,SE,NA,NA,5.4,68,"Chauvet 2004, Link 2004, Feer 1999, Norden 2009"
Chrysophyllum lucentifolium,,,,,,,NA,,NA,NA,NA,NA,25,None Specified,NA,NA,NA,300,12,None Specified,NA,NA,NA,300,1.42,W,SE,NA,NA,0.03,300,45,None Specified,NA,NA,NA,0,NA,,NA,NA,NA,NA,NA,,,NA,NA,NA,NA,"Chauvet 2004, Link 2004, Feer 1999, Norden 2009"
Chrysophyllum manaosense,Prieurella manaosensis,Sapotaceae,N,Yellow/Orange,F,I,NA,Range,2,5,NA,0,NA,Range,22,26,NA,0,NA,Range,10,15,NA,0,NA,,,NA,NA,NA,NA,NA,Range,25,42,NA,0,NA,Range,25,35,NA,0,NA,,,NA,NA,NA,NA,Roosmalen 2000
Chrysophyllum parvulum,,Sapotaceae,N,Purple,F,I,NA,,NA,NA,NA,NA,NA,,NA,NA,NA,NA,NA,,NA,NA,NA,NA,0.33,W,None Specified,NA,NA,NA,5,15,None Specified,NA,NA,NA,5,11.75,SD,NA,NA,0.494974747,2,0.93,W,None Specified,NA,NA,NA,5,"Stevenson 2002, Stevenson 2023, https://collections-botany.fieldmuseum.org/catalogue/3059289"
Chrysophyllum parvulum,,,,,,,1,None Specified,NA,NA,NA,6,11,None Specified,NA,NA,NA,5,8.5,None Specified,NA,NA,NA,6,0.18,D,None Specified,NA,NA,NA,5,NA,,NA,NA,NA,NA,10,None Specified,NA,NA,NA,5,0.32,D,None Specified,NA,NA,NA,5,"Stevenson 2002, Stevenson 2023, https://collections-botany.fieldmuseum.org/catalogue/3059289"
Chrysophyllum pomiferum,Achrouteria pomifera,Sapotaceae,N,Yellow,F,I,5,None Specified,NA,NA,NA,1,NA,Range,13,15,NA,0,8,None Specified,NA,NA,NA,0,NA,,,NA,NA,NA,NA,NA,Range,23,40,NA,0,NA,Range,20,35,NA,0,NA,,,NA,NA,NA,NA,Roosmalen 2000
Chrysophyllum prieurii,"Ecclinusa prieurii, Prieurella prieurii, Chrysophyllum cyanogenum, Ecclinusa cyanogena",Sapotaceae,N,Yellow/Orange,F,I,NA,Range,1,5,NA,0,NA,Range,23,27,NA,0,NA,Range,16,18,NA,0,NA,,,NA,NA,NA,NA,NA,Range,50,60,NA,0,45,None Specified,NA,NA,NA,0,NA,,,NA,NA,NA,NA,Roosmalen 2000
Chrysophyllum viride,,Sapotaceae,N,Yellow,F,I,3,None Specified,NA,NA,NA,12.5,20,None Specified,NA,NA,NA,12.5,5,None Specified,NA,NA,NA,12.5,2,W,None Specified,NA,NA,NA,12,30,None Specified,NA,NA,NA,12.5,20,None Specified,NA,NA,NA,12.5,4,W,None Specified,NA,NA,NA,12.5,"Galetti 2011, Pizo 2002"
Chrysophyllum viride,,,,,,,NA,,NA,NA,NA,NA,NA,,NA,NA,NA,NA,NA,,NA,NA,NA,NA,NA,,,NA,NA,NA,NA,20,None Specified,NA,NA,NA,10,NA,,NA,NA,NA,NA,NA,,,NA,NA,NA,NA,"Galetti 2011, Pizo 2002"
Cipocereus minensis,"Cephalocereus minensis, Cereus minensis, Coleocephalocereus minensis, Pilocereus minensis, Pilosocereus minensis",Cactaceae,N,Blue/Brown/White/Green,F,D,NA,,NA,NA,NA,NA,0.6,None Specified,NA,NA,NA,4,NA,,NA,NA,NA,NA,NA,,,NA,NA,NA,NA,35.6,None Specified,NA,NA,NA,1,32.3,None Specified,NA,NA,NA,1,NA,,,NA,NA,NA,NA,Braun 1988
Cissus microcarpa,"Vitis microcarpa, Cissus chontalensis, Vitis chontalensis, Cissus dichroa, Cissus grisebachii, Cissus mexicana, Cissus torreana",Vitaceae,N,Black,F,I,NA,,NA,NA,NA,NA,NA,,NA,NA,NA,NA,NA,,NA,NA,NA,NA,0.075,W,None Specified,NA,NA,NA,0,NA,Range,10,13,NA,0,7,None Specified,NA,NA,NA,0,NA,,,NA,NA,NA,NA,"Link 2004, Franco-Mora 2016, Foster 1985"
Cissus microcarpa,,,,,,,NA,,NA,NA,NA,NA,NA,,NA,NA,NA,NA,NA,,NA,NA,NA,NA,NA,,,NA,NA,NA,NA,11.5,None Specified,NA,NA,NA,0,NA,,NA,NA,NA,NA,NA,,,NA,NA,NA,NA,"Link 2004, Franco-Mora 2016, Foster 1985"
Cissus sicyoides ,"Irsiola sicyoides, Vitis sicyoides, Cissus verticillata, Cissus albonitens, Vitis albonitens, Cissus andraeana, Cissus argentea, Cissus canescens, Cissus compressicaulis, Cissus cordifolia, Vitis cordifolia, Cissus digitinervis, Cissus elliptica, Vitis elliptica, Cissus endresii, Cissus glauca, Cissus gonavensis, Cissus lamarckiana, Cissus latifolia, Cissus lindenii, Vitis lindenii, Cissus nitida, Cissus obscura, Cissus obtusata, Vitis obtusata, Cissus officinalis, Cissus ovata, Cissus oxyodon, Cissus pallida, Cissus plumeri, Cissus puncticulosa, Cissus reticulata, Cissus rotundifolia, Cissus smilacina, Cissus tamoides, Cissus tucumona, Cissus umbrosa, Cissus venatorum, Spondylantha aphylla, Vitis vitigenea",Vitaceae,N,Black,F,I,1,None Specified,NA,NA,NA,0,5.1,SD,NA,NA,0.141421356,5,3.5,SD,NA,NA,0.122474487,5,0.032,D,None Specified,NA,NA,NA,0,5.1,None Specified,NA,NA,NA,6,3.936842105,SD,NA,NA,0.447475048,19,0.57,W,None Specified,NA,NA,NA,0,"Daws 2005, Martín-Gómez 2020, Stevenson 2002, Link 2004, Kattge 2011, https://collections-botany.fieldmuseum.org/catalogue/2789640, https://github.com/pedroj/FRUBASE"
Cissus sicyoides ,,,,,,,1,None Specified,NA,NA,NA,0,5.1,SD,NA,NA,0.141421356,5,3.5,SD,NA,NA,0.122474487,5,0.022,D,None Specified,NA,NA,NA,10,7.5,None Specified,NA,NA,NA,0,3.936842105,SD,NA,NA,0.447475048,19,0.57,W,None Specified,NA,NA,NA,0,"Daws 2005, Martín-Gómez 2020, Stevenson 2002, Link 2004, Kattge 2011, https://collections-botany.fieldmuseum.org/catalogue/2789640, https://github.com/pedroj/FRUBASE"
Cissus trianae,Cissus martiniana,Vitaceae,N,NA,F,I,3,None Specified,NA,NA,NA,0,6,None Specified,NA,NA,NA,1,4.3,None Specified,NA,NA,NA,1,0.1,W,None Specified,NA,NA,NA,1,5.077011494,SD,NA,NA,1.221388949,86,4.405660377,SD,NA,NA,1.073386292,86,NA,,,NA,NA,NA,NA,"Chen 2011, Ramírez et al. 2013, https://collections-botany.fieldmuseum.org/catalogue/3107921"
Citrus sinensis,Citrus aurantium,Rutaceae,Y,Yellow/Orange,F,I,NA,,NA,NA,NA,NA,6.65,SD,NA,NA,0.636396103,2,4.7,SD,NA,NA,0.707106781,2,0.03059,W,None Specified,NA,NA,NA,0,70.375,SD,NA,NA,8.565969492,4,68.05,SD,NA,NA,9.842255839,4,NA,,,NA,NA,NA,NA,"Fanciullino 2008, https://ser-sid.org/species/12e64e26-e0ff-4644-90c0-3924d9273796"
Clarisia biflora,"Clarisia colombiana, Sahagunia colombiana, Clarisia mattogrossensis, Clarisia panamensis",Moraceae,N,Green,F,I,1,None Specified,NA,NA,NA,0,NA,Range,15,20,NA,0,10.9,None Specified,NA,NA,NA,1,2.6,W,None Specified,NA,NA,NA,0,NA,Range,18,28,NA,0,25,None Specified,NA,NA,NA,0,4.95,W,None Specified,NA,NA,NA,0,"Stevenson 2023, Stevenson 2002, Link 2004, Foster 1985"
Clarisia biflora,,,,,,,1,None Specified,NA,NA,NA,0,16,None Specified,NA,NA,NA,0,15.85,None Specified,NA,NA,NA,0,0.8575,W,None Specified,NA,NA,NA,0,23,None Specified,NA,NA,NA,0,NA,,NA,NA,NA,NA,0.7825,D,None Specified,NA,NA,NA,0,"Stevenson 2023, Stevenson 2002, Link 2004, Foster 1985"
Clarisia biflora,,,,,,,NA,,NA,NA,NA,NA,NA,,NA,NA,NA,NA,NA,,NA,NA,NA,NA,0.13333333,D,None Specified,NA,NA,NA,0,25,None Specified,NA,NA,NA,0,NA,,NA,NA,NA,NA,NA,,,NA,NA,NA,NA,"Stevenson 2023, Stevenson 2002, Link 2004, Foster 1985"
Clarisia iricifolia,,Moraceae,,NA,F,I,NA,,NA,NA,NA,NA,NA,,NA,NA,NA,NA,NA,,NA,NA,NA,NA,NA,,,NA,NA,NA,NA,NA,,NA,NA,NA,NA,NA,,NA,NA,NA,NA,NA,,,NA,NA,NA,NA,
Clarisia racemosa,,Moraceae,N,Yellow/Orange/Red,F,I,1,None Specified,NA,NA,NA,6,21.3,None Specified,NA,NA,NA,0,15,None Specified,NA,NA,NA,0,1.8,W,SD,NA,NA,0.9,25,31,None Specified,NA,NA,NA,0,22,None Specified,NA,NA,NA,0,1.51552,D,None Specified,NA,NA,NA,5,"Stevenson 2023, Link 2004, Paine 2007, Paine 2016, Andresen 1999, Foster 1985, Yumoto 1999, Wallace 2005, Knörr 2010, Stevenson 2002, Norford Under Review"
Clarisia racemosa,,,,,,,NA,,NA,NA,NA,NA,NA,,NA,NA,NA,NA,NA,,NA,NA,NA,NA,4.32,W,None Specified,NA,NA,NA,0,NA,,NA,NA,NA,NA,NA,,NA,NA,NA,NA,NA,,,NA,NA,NA,NA,"Stevenson 2023, Link 2004, Paine 2007, Paine 2016, Andresen 1999, Foster 1985, Yumoto 1999, Wallace 2005, Knörr 2010, Stevenson 2002, Norford Under Review"
Clarisia racemosa,,,,,,,NA,,NA,NA,NA,NA,20,Unknown +/-,NA,NA,2.96,27,13,None Specified,NA,NA,NA,6,1.78,W,None Specified,NA,NA,NA,30,14.5,None Specified,NA,NA,NA,0,15.5,None Specified,NA,NA,NA,5,1.52,D,None Specified,NA,NA,NA,6,"Stevenson 2023, Link 2004, Paine 2007, Paine 2016, Andresen 1999, Foster 1985, Yumoto 1999, Wallace 2005, Knörr 2010, Stevenson 2002, Norford Under Review"
Clarisia racemosa,,,,,,,NA,,NA,NA,NA,NA,15,None Specified,NA,NA,NA,7.5,12.05,None Specified,NA,NA,NA,6,1.57258,W,None Specified,NA,NA,NA,5,17,None Specified,NA,NA,NA,5,NA,,NA,NA,NA,NA,2.6,NA,None Specified,NA,NA,NA,0,"Stevenson 2023, Link 2004, Paine 2007, Paine 2016, Andresen 1999, Foster 1985, Yumoto 1999, Wallace 2005, Knörr 2010, Stevenson 2002, Norford Under Review"
Clarisia racemosa,,,,,,,NA,,NA,NA,NA,NA,NA,,NA,NA,NA,NA,NA,,NA,NA,NA,NA,0.91200639,D,None Specified,NA,NA,NA,5,NA,,NA,NA,NA,NA,NA,,NA,NA,NA,NA,3,W,None Specified,NA,NA,NA,6,"Stevenson 2023, Link 2004, Paine 2007, Paine 2016, Andresen 1999, Foster 1985, Yumoto 1999, Wallace 2005, Knörr 2010, Stevenson 2002, Norford Under Review"
Clarisia racemosa,,,,,,,NA,,NA,NA,NA,NA,NA,,NA,NA,NA,NA,NA,,NA,NA,NA,NA,3,D,None Specified,NA,NA,NA,0,NA,,NA,NA,NA,NA,NA,,NA,NA,NA,NA,2.99672,W,None Specified,NA,NA,NA,5,"Stevenson 2023, Link 2004, Paine 2007, Paine 2016, Andresen 1999, Foster 1985, Yumoto 1999, Wallace 2005, Knörr 2010, Stevenson 2002, Norford Under Review"
Clarisia racemosa,,,,,,,NA,,NA,NA,NA,NA,NA,,NA,NA,NA,NA,NA,,NA,NA,NA,NA,3.2,W,None Specified,NA,NA,NA,0,NA,,NA,NA,NA,NA,NA,,NA,NA,NA,NA,NA,,,NA,NA,NA,NA,"Stevenson 2023, Link 2004, Paine 2007, Paine 2016, Andresen 1999, Foster 1985, Yumoto 1999, Wallace 2005, Knörr 2010, Stevenson 2002, Norford Under Review"
Clidemia bullosa,Miconia biserrata,Melastomataceae,N,NA,F,I,NA,,NA,NA,NA,NA,NA,,NA,NA,NA,NA,NA,,NA,NA,NA,NA,NA,,,NA,NA,NA,NA,4.503448276,SD,NA,NA,0.714011528,45,3.828888889,SD,NA,NA,0.652137124,45,NA,,,NA,NA,NA,NA,http://legacy.tropicos.org/Image/191
Clidemia hirta,Miconia crenata,Melastomataceae,N,Purple,F,I,NA,Range,200,900,NA,0,0.5,None Specified,NA,NA,NA,11.5,NA,,NA,NA,NA,NA,0.00383,W,None Specified,NA,NA,NA,0,6.9,SE,NA,NA,0.3,11.5,3,SD,NA,NA,0.777817459,5,0.2171,W,Unknown +/-,NA,NA,0.0081,0,"Link 2004, DeWalt 2004, DeWalt 2003, Mandon-Dalger 2004, Francis 2004, Linnebjerg 2009, Shiels 2011, http://legacy.tropicos.org/Image/100232115"
Clidemia hirta,,,,,,,NA,Range,300,400,NA,0,NA,,NA,NA,NA,NA,NA,,NA,NA,NA,NA,NA,,,NA,NA,NA,NA,8.5,None Specified,NA,NA,NA,0,NA,,NA,NA,NA,NA,0.214,W,SE,NA,NA,0.021,11.5,"Link 2004, DeWalt 2004, DeWalt 2003, Mandon-Dalger 2004, Francis 2004, Linnebjerg 2009, Shiels 2011, http://legacy.tropicos.org/Image/100232115"
Clidemia hirta,,,,,,,NA,Range,700,1200,NA,0,NA,,NA,NA,NA,NA,NA,,NA,NA,NA,NA,NA,,,NA,NA,NA,NA,NA,,NA,NA,NA,NA,NA,,NA,NA,NA,NA,NA,,,NA,NA,NA,NA,"Link 2004, DeWalt 2004, DeWalt 2003, Mandon-Dalger 2004, Francis 2004, Linnebjerg 2009, Shiels 2011, http://legacy.tropicos.org/Image/100232115"
Clidemia hirta,,,,,,,300,None Specified,NA,NA,NA,0,NA,,NA,NA,NA,NA,NA,,NA,NA,NA,NA,NA,,,NA,NA,NA,NA,NA,,NA,NA,NA,NA,NA,,NA,NA,NA,NA,NA,,,NA,NA,NA,NA,"Link 2004, DeWalt 2004, DeWalt 2003, Mandon-Dalger 2004, Francis 2004, Linnebjerg 2009, Shiels 2011, http://legacy.tropicos.org/Image/100232115"
Clidemia hirta,,,,,,,360,SE,NA,NA,57,11.5,NA,,NA,NA,NA,NA,NA,,NA,NA,NA,NA,NA,,,NA,NA,NA,NA,NA,,NA,NA,NA,NA,NA,,NA,NA,NA,NA,NA,,,NA,NA,NA,NA,"Link 2004, DeWalt 2004, DeWalt 2003, Mandon-Dalger 2004, Francis 2004, Linnebjerg 2009, Shiels 2011, http://legacy.tropicos.org/Image/100232115"
Clidemia urceolata,Miconia neourceolata,Melastomataceae,N,Black,F,I,168.8,SD,NA,NA,54.2,0,1,None Specified,NA,NA,NA,52,0.5,None Specified,NA,NA,NA,0,1.06E-07,W,None Specified,NA,NA,NA,4,NA,Range,2,3,NA,0,NA,Range,2,2.2,NA,0,NA,,,NA,NA,NA,NA,"Lessa 2013, Ribeiro 2016, Silveira 2012, Silva-Gonçalves 2014"
Clidemia urceolata,,,,,,,NA,,NA,NA,NA,NA,0.7,None Specified,NA,NA,NA,0,NA,Range,0.4,0.7,NA,0,NA,,,NA,NA,NA,NA,NA,,NA,NA,NA,NA,NA,,NA,NA,NA,NA,NA,,,NA,NA,NA,NA,"Lessa 2013, Ribeiro 2016, Silveira 2012, Silva-Gonçalves 2014"
Clidemia urceolata,,,,,,,NA,,NA,NA,NA,NA,NA,Range,0.6,0.9,NA,0,NA,,NA,NA,NA,NA,NA,,,NA,NA,NA,NA,NA,,NA,NA,NA,NA,NA,,NA,NA,NA,NA,NA,,,NA,NA,NA,NA,"Lessa 2013, Ribeiro 2016, Silveira 2012, Silva-Gonçalves 2014"
Clitoria javitensis,"Ternatea javitensis, Neurocarpum javitense",Fabaceae,N,NA,D,I,15,None Specified,NA,NA,NA,5,9.4,None Specified,NA,NA,NA,1,6.7,None Specified,NA,NA,NA,1,0.483,D,None Specified,NA,NA,NA,10,247.5,None Specified,NA,NA,NA,1,24.8,None Specified,NA,NA,NA,1,NA,,,NA,NA,NA,NA,"Stevenson 2023, Daws 2005, https://collections-botany.fieldmuseum.org/catalogue/287933, https://collections-botany.fieldmuseum.org/catalogue/393752"
Clitoria javitensis,,,,,,,NA,,NA,NA,NA,NA,10,None Specified,NA,NA,NA,5,10,None Specified,NA,NA,NA,5,NA,,,NA,NA,NA,NA,300,None Specified,NA,NA,NA,5,23,None Specified,NA,NA,NA,5,NA,,,NA,NA,NA,NA,"Stevenson 2023, Daws 2005, https://collections-botany.fieldmuseum.org/catalogue/287933, https://collections-botany.fieldmuseum.org/catalogue/393752"
Clusia palmicida,"Clusia alba, Clusia martini, Clusia rosea",Clusiaceae,N,Green,F,D,NA,,NA,NA,NA,NA,5.6106,SD,NA,NA,0.626966816,50,2.496,SD,NA,NA,0.369202118,50,6.9836,NA,None Specified,NA,NA,NA,0,52.43333333,SD,NA,NA,11.20818154,3,36.9,SD,NA,NA,3.252691193,2,NA,,,NA,NA,NA,NA,"http://legacy.tropicos.org/Image/101627934, https://ser-sid.org/species/b33ee7ab-673c-41b6-960b-1ded4cb31b9a"
Clusia parviflora,"Clusia criuva, Clusia cambessedesii, Clusia ganabarica",Clusiaceae,N,NA,F,D,5,None Specified,NA,NA,NA,12.5,4,None Specified,NA,NA,NA,12.5,2,None Specified,NA,NA,NA,12.5,0.1,W,SD,NA,NA,0.05,150,8,None Specified,NA,NA,NA,12.5,5,None Specified,NA,NA,NA,12.5,0.1,W,None Specified,NA,NA,NA,12.5,"Galetti 2011, Passos 2002"
Coccoloba coronata,"Coccoloba caribaea, Coccoloba dioica, Uvifera dioica, Coccoloba fagifolia, Uvifera fagifolia, Coccoloba nitida, Coccoloba novogranatensis, Uvifera novogranatensis, Coccoloba virens, Coccoloba waittii, Naucorephes pubescens, Naucorephes punctata",Polygonaceae,N,Purple,F,I,1,None Specified,NA,NA,NA,6,8,None Specified,NA,NA,NA,5,5.6,None Specified,NA,NA,NA,6,0.13,W,None Specified,NA,NA,NA,5,NA,Range,9,13,NA,0,6.266666667,SD,NA,NA,0.680685929,3,0.13,D,None Specified,NA,NA,NA,5,"Stevenson 2023, Stevenson 2002, https://powo.science.kew.org/taxon/urn:lsid:ipni.org:names:693617-1/images"
Coccoloba coronata,,,,,,,NA,,NA,NA,NA,NA,NA,,NA,NA,NA,NA,NA,,NA,NA,NA,NA,0.07,D,None Specified,NA,NA,NA,5,11,None Specified,NA,NA,NA,5,7.5,None Specified,NA,NA,NA,5,NA,,,NA,NA,NA,NA,"Stevenson 2023, Stevenson 2002, https://powo.science.kew.org/taxon/urn:lsid:ipni.org:names:693617-1/images"
Coccoloba densifrons,,Polygonaceae,N,Black,F,I,1,None Specified,NA,NA,NA,6,9,None Specified,NA,NA,NA,5,8.15,None Specified,NA,NA,NA,6,0.06,D,None Specified,NA,NA,NA,5,14,None Specified,NA,NA,NA,5,13,None Specified,NA,NA,NA,5,0.13,D,None Specified,NA,NA,NA,5,"Stevenson 2023, Stevenson 2002, Link 2004, Yumoto 1999"
Coccoloba densifrons,,,,,,,NA,,NA,NA,NA,NA,10.2,None Specified,NA,NA,NA,0,8.8,None Specified,NA,NA,NA,0,0.26,W,None Specified,NA,NA,NA,0,13,None Specified,NA,NA,NA,0,NA,,NA,NA,NA,NA,1.1,W,None Specified,NA,NA,NA,0,"Stevenson 2023, Stevenson 2002, Link 2004, Yumoto 1999"
Coccoloba densifrons,,,,,,,NA,,NA,NA,NA,NA,NA,,NA,NA,NA,NA,NA,,NA,NA,NA,NA,0.42,W,None Specified,NA,NA,NA,5,13.5,None Specified,NA,NA,NA,0,NA,,NA,NA,NA,NA,0.85,W,None Specified,NA,NA,NA,5,"Stevenson 2023, Stevenson 2002, Link 2004, Yumoto 1999"
Coccoloba excelsa,"Uvifera excelsa, Coccoloba bracteolosa, Uvifera bracteolosa, Coccoloba micropunctata, Coccoloba parimensis, Coccoloba scandens",Polygonaceae,N,Green,F,I,1,None Specified,NA,NA,NA,0,NA,,NA,NA,NA,NA,NA,,NA,NA,NA,NA,0.023,D,None Specified,NA,NA,NA,0,8.45,SD,NA,NA,0.602494813,6,6.416666667,SD,NA,NA,0.708284312,6,NA,,,NA,NA,NA,NA,"Kattge 2011, Pinzón-Navarro 2010, https://collections-botany.fieldmuseum.org/catalogue/3366435"
Coccoloba mollis,"Coccoloba polystachya, Uvifera polystachya, Coccoloba dugandiana, Coccoloba latifolia, Coccoloba paniculata, Coccoloba standleyana",Polygonaceae,N,Purple,F,I,1,None Specified,NA,NA,NA,6,7,None Specified,NA,NA,NA,5,5.3,None Specified,NA,NA,NA,6,0.11,W,None Specified,NA,NA,NA,5,11.5,None Specified,NA,NA,NA,0,12,None Specified,NA,NA,NA,5,0.09,D,None Specified,NA,NA,NA,5,"Stevenson 2023, Stevenson 2002, Link 2004, Foster 1985"
Coccoloba mollis,,,,,,,NA,,NA,NA,NA,NA,NA,,NA,NA,NA,NA,NA,,NA,NA,NA,NA,0.06,D,None Specified,NA,NA,NA,5,12,None Specified,NA,NA,NA,5,NA,,NA,NA,NA,NA,NA,,,NA,NA,NA,NA,"Stevenson 2023, Stevenson 2002, Link 2004, Foster 1985"
Coccoloba mollis,,,,,,,NA,,NA,NA,NA,NA,NA,,NA,NA,NA,NA,NA,,NA,NA,NA,NA,0.283,W,None Specified,NA,NA,NA,0,NA,,NA,NA,NA,NA,NA,,NA,NA,NA,NA,NA,,,NA,NA,NA,NA,"Stevenson 2023, Stevenson 2002, Link 2004, Foster 1985"
Coccoloba parimensis,Coccoloba excelsa,Polygonaceae,N,Green,F,I,NA,,NA,NA,NA,NA,NA,,NA,NA,NA,NA,NA,,NA,NA,NA,NA,0.023,D,None Specified,NA,NA,NA,0,8.45,SD,NA,NA,0.602494813,6,6.416666667,SD,NA,NA,0.708284312,6,NA,,,NA,NA,NA,NA,"Pinzón-Navarro 2010, Kattge 2011, https://collections-botany.fieldmuseum.org/catalogue/3366435"
Comolia veronicaefolia,,Melastomataceae,N,NA,F,I,NA,,NA,NA,NA,NA,NA,,NA,NA,NA,NA,NA,,NA,NA,NA,NA,NA,,,NA,NA,NA,NA,NA,,NA,NA,NA,NA,NA,,NA,NA,NA,NA,NA,,,NA,NA,NA,NA,
Conceveiba guianensis,"Conceveiba ovata, Conceveiba simulata, Conceveiba trigonocarpa",Euphorbiaceae,N,Green,D,D,NA,,NA,NA,NA,NA,NA,,NA,NA,NA,NA,NA,,NA,NA,NA,NA,NA,,,NA,NA,NA,NA,21.8,None Specified,NA,NA,NA,1,21,None Specified,NA,NA,NA,1,NA,,,NA,NA,NA,NA,https://collections-botany.fieldmuseum.org/catalogue/3839515
Copaifera langsdorfii,"Copaifera langsdorffii, Copaifera langsdorfii",Fabaceae,N,Yellow,D,D,1,None Specified,NA,NA,NA,12.5,11,None Specified,NA,NA,NA,12.5,9,None Specified,NA,NA,NA,12.5,0.6,W,None Specified,NA,NA,NA,12,14,None Specified,NA,NA,NA,0,14.91428571,SD,NA,NA,1.215769402,7,1.3,W,None Specified,NA,NA,NA,12.5,"Alves-Costa 2007, Pellizzarro 2016, Galetti 2011, Galetti 2015, Moura 2007, Pikart 2010, http://legacy.tropicos.org/Image/100452050"
Copaifera langsdorfii,,,,,,,NA,,NA,NA,NA,NA,12,None Specified,NA,NA,NA,0,8,None Specified,NA,NA,NA,0,0.498,W,SD,NA,NA,0.21,38,NA,,NA,NA,NA,NA,NA,,NA,NA,NA,NA,NA,,,NA,NA,NA,NA,"Alves-Costa 2007, Pellizzarro 2016, Galetti 2011, Galetti 2015, Moura 2007, Pikart 2010, http://legacy.tropicos.org/Image/100452050"
Copaifera langsdorfii,,,,,,,NA,,NA,NA,NA,NA,NA,,NA,NA,NA,NA,NA,,NA,NA,NA,NA,0.786,W,Unknown +/-,NA,NA,0.117,10,NA,,NA,NA,NA,NA,NA,,NA,NA,NA,NA,NA,,,NA,NA,NA,NA,"Alves-Costa 2007, Pellizzarro 2016, Galetti 2011, Galetti 2015, Moura 2007, Pikart 2010, http://legacy.tropicos.org/Image/100452050"
Copaifera langsdorfii,,,,,,,NA,,NA,NA,NA,NA,NA,,NA,NA,NA,NA,NA,,NA,NA,NA,NA,1.0028,W,SD,NA,NA,0.0964,0,NA,,NA,NA,NA,NA,NA,,NA,NA,NA,NA,NA,,,NA,NA,NA,NA,"Alves-Costa 2007, Pellizzarro 2016, Galetti 2011, Galetti 2015, Moura 2007, Pikart 2010, http://legacy.tropicos.org/Image/100452050"
Copernicia alba,"Copernicia australis, Copernicia nigra, Copernicia ramulosa, Copernicia rubra, Coryphomia tectorum",Arecaceae,N,Black,D,I,1,None Specified,NA,NA,NA,0,11.65294118,SD,NA,NA,0.855217551,17,9.264705882,SD,NA,NA,0.631408323,17,NA,,,NA,NA,NA,NA,19.1,Unknown +/-,NA,NA,1.7,30,16.4,Unknown +/-,NA,NA,1,30,2.7,W,Unknown +/-,NA,NA,0.5,30,"Moraes 2014, Soares 2021, Donatti 2007"
Cordia bicolor,"Gerascanthus bicolor, Lithocardium bicolor, Cordia araripensis, Cordia belizensis, Cordia carnosa, Cordia trichostyla",Boraginaceae,N,Green,F,I,1,None Specified,NA,NA,NA,6,11,None Specified,NA,NA,NA,5,7,None Specified,NA,NA,NA,6,0.12166667,D,None Specified,NA,NA,NA,5,NA,,NA,NA,NA,NA,8.6,None Specified,NA,NA,NA,5,0.21166667,D,None Specified,NA,NA,NA,5,"Stevenson 2023, Stevenson 2002"
Cordia bicolor,,,,,,,NA,,NA,NA,NA,NA,NA,,NA,NA,NA,NA,NA,,NA,NA,NA,NA,0.16166667,W,None Specified,NA,NA,NA,5,11,None Specified,NA,NA,NA,5,8.6,SD,NA,NA,1.63220788,13,0.60333333,W,None Specified,NA,NA,NA,5,"Stevenson 2023, Stevenson 2002"
Cordia lomatoloba,Gerascanthus lomatolobus,Boraginaceae,N,Yellow,F,I,NA,,NA,NA,NA,NA,NA,,NA,NA,NA,NA,NA,,NA,NA,NA,NA,NA,,,NA,NA,NA,NA,9.769066667,SD,NA,NA,0.740258398,15,7.218133333,SD,NA,NA,0.770020488,15,NA,,,NA,NA,NA,NA,https://collections-botany.fieldmuseum.org/catalogue/3004236
Cordia nodosa,,Boraginaceae,N,Red/Yellow/White,F,I,1,None Specified,NA,NA,NA,5,12.3,None Specified,NA,NA,NA,30,6,None Specified,NA,NA,NA,30,0.2,D,None Specified,NA,NA,NA,30,18,None Specified,NA,NA,NA,5,16.2,None Specified,NA,NA,NA,0,2.55,NA,None Specified,NA,NA,NA,0,"Stevenson 2023, Obregón 2007, Sánchez 2013, Heigl 2020, Hammond 1995"
Cordia nodosa,,,,,,,NA,,NA,NA,NA,NA,14,None Specified,NA,NA,NA,5,12,None Specified,NA,NA,NA,5,0.29,D,None Specified,NA,NA,NA,17,20.6,None Specified,NA,NA,NA,1,15.2,None Specified,NA,NA,NA,1,NA,,,NA,NA,NA,NA,"Stevenson 2023, Obregón 2007, Sánchez 2013, Heigl 2020, Hammond 1995"
Cordia nodosa,,,,,,,NA,,NA,NA,NA,NA,17.1,None Specified,NA,NA,NA,0,16.9,None Specified,NA,NA,NA,0,0.39,NA,None Specified,NA,NA,NA,0,18.4,None Specified,NA,NA,NA,0,16,None Specified,NA,NA,NA,5,NA,,,NA,NA,NA,NA,"Stevenson 2023, Obregón 2007, Sánchez 2013, Heigl 2020, Hammond 1995"
Cordia nodosa,,,,,,,NA,,NA,NA,NA,NA,15.7,None Specified,NA,NA,NA,1,6.7,None Specified,NA,NA,NA,1,0.81,W,None Specified,NA,NA,NA,17,NA,,NA,NA,NA,NA,NA,,NA,NA,NA,NA,NA,,,NA,NA,NA,NA,"Stevenson 2023, Obregón 2007, Sánchez 2013, Heigl 2020, Hammond 1995"
Cordiera sessilis,"Alibertia sessilis, Gardenia sessilis, Alibertia melloana",Rubiaceae,N,Black/Purple,F,I,31.7,None Specified,NA,NA,NA,0,5,None Specified,NA,NA,NA,11,NA,,NA,NA,NA,NA,NA,,,NA,NA,NA,NA,20.2,None Specified,NA,NA,NA,1,20.1,None Specified,NA,NA,NA,1,6.9,W,None Specified,NA,NA,NA,0,"Motta-Junior 2002, Lessa 2013, http://legacy.tropicos.org/Image/100540548"
Couepia uiti,"Moquilea uiti, Couepia dahlgrenii, Couepia martiana, Couepia paraguariensis",Chrysobalanaceae,N,Brown,F,I,NA,,NA,NA,NA,NA,40.7,None Specified,NA,NA,NA,0,19.6,None Specified,NA,NA,NA,0,NA,,,NA,NA,NA,NA,44.9,Unknown +/-,NA,NA,6.2,30,26.8,Unknown +/-,NA,NA,3.8,30,29.2,W,Unknown +/-,NA,NA,2.9,30,"Donatti 2007, Correa 2015"
Couma macrocarpa,"Couma capiron, Couma caurensis, Couma guatemalensis, Couma sapida",Apocynaceae,N,Yellow,F,I,11.35483871,SD,NA,NA,6.819327372,31,12.94285714,SD,NA,NA,1.336626885,21,8.657142857,SD,NA,NA,1.130739328,21,0.051282051,NA,None Specified,NA,NA,NA,1,70,None Specified,NA,NA,NA,5,30,None Specified,NA,NA,NA,0,NA,,,NA,NA,NA,NA,"Stevenson 2023, Norford personal observation, Echeverry unpublished, https://www.biodiversitylibrary.org/bibliography/889"
Couma macrocarpa,,,,,,,NA,,NA,NA,NA,NA,13,None Specified,NA,NA,NA,7.5,9,None Specified,NA,NA,NA,7.5,NA,,,NA,NA,NA,NA,NA,,NA,NA,NA,NA,70,None Specified,NA,NA,NA,5,NA,,,NA,NA,NA,NA,"Stevenson 2023, Norford personal observation, Echeverry unpublished, https://www.biodiversitylibrary.org/bibliography/889"
Couma utilis,"Collophora utilis, Couma dulcis, Couma multinervis",Apocynaceae,N,Green/Brown,F,I,NA,,NA,NA,NA,NA,NA,,NA,NA,NA,NA,NA,,NA,NA,NA,NA,0.0325,W,None Specified,NA,NA,NA,20,17.67,None Specified,NA,NA,NA,20,18.19,None Specified,NA,NA,NA,20,NA,NA,Range,10,20,NA,73,"Jesus 2010, Clement 2006, Schafer 2003"
Couma utilis,,,,,,,NA,,NA,NA,NA,NA,NA,,NA,NA,NA,NA,NA,,NA,NA,NA,NA,NA,,,NA,NA,NA,NA,NA,,NA,NA,NA,NA,NA,,NA,NA,NA,NA,15,NA,None Specified,NA,NA,NA,0,"Jesus 2010, Clement 2006, Schafer 2003"
Couma utilis,,,,,,,NA,,NA,NA,NA,NA,NA,,NA,NA,NA,NA,NA,,NA,NA,NA,NA,NA,,,NA,NA,NA,NA,NA,,NA,NA,NA,NA,NA,,NA,NA,NA,NA,4.07,W,None Specified,NA,NA,NA,20,"Jesus 2010, Clement 2006, Schafer 2003"
Couratari gloriosa,,Lecythidaceae,N,Brown,D,D,NA,,NA,NA,NA,NA,NA,,NA,NA,NA,NA,NA,,NA,NA,NA,NA,NA,,,NA,NA,NA,NA,NA,,NA,NA,NA,NA,NA,,NA,NA,NA,NA,NA,,,NA,NA,NA,NA,
Coussapoa angustifolia,,Urticaceae,N,Yellow/Orange,F,I,NA,,NA,NA,NA,NA,NA,,NA,NA,NA,NA,NA,,NA,NA,NA,NA,NA,,,NA,NA,NA,NA,NA,,NA,NA,NA,NA,NA,,NA,NA,NA,NA,NA,,,NA,NA,NA,NA,
Coussapoa latifolia,"Coussapoa froesii, Coussapoa obovata",Urticaceae,N,Yellow,F,I,NA,Range,50,100,NA,0,NA,,NA,NA,NA,NA,NA,,NA,NA,NA,NA,NA,,,NA,NA,NA,NA,10.16666667,SD,NA,NA,1.641543989,6,8.216666667,SD,NA,NA,1.825833143,6,NA,,,NA,NA,NA,NA,"Thery 1992, https://collections-botany.fieldmuseum.org/catalogue/2940653 "
Coussapoa orthoneura,,Urticaceae,N,Red,F,I,54.40555555,None Specified,NA,NA,NA,6,1.9,None Specified,NA,NA,NA,5,1.15,None Specified,NA,NA,NA,6,0.00292403,W,None Specified,NA,NA,NA,5,14,None Specified,NA,NA,NA,5,10,None Specified,NA,NA,NA,5,0.70166667,W,None Specified,NA,NA,NA,6,"Stevenson 2023, Stevenson 2002"
Coussapoa orthoneura,,,,,,,73.8,None Specified,NA,NA,NA,6,NA,,NA,NA,NA,NA,NA,,NA,NA,NA,NA,0.00212274,D,None Specified,NA,NA,NA,5,NA,,NA,NA,NA,NA,NA,,NA,NA,NA,NA,0.34,D,None Specified,NA,NA,NA,6,"Stevenson 2023, Stevenson 2002"
Coussapoa ovalifolia,,Urticaceae,N,Red,F,I,NA,,NA,NA,NA,NA,3.1,SD,NA,NA,0.19,13,1.6,None Specified,NA,NA,0.11,13,NA,,,NA,NA,NA,NA,NA,,NA,NA,NA,NA,NA,,NA,NA,NA,NA,NA,,,NA,NA,NA,NA,Andresen 1999
Coussapoa villosa,,Urticaceae,N,Red,F,I,160,None Specified,NA,NA,NA,6,4,None Specified,NA,NA,NA,5,1.9,None Specified,NA,NA,NA,6,0.00088,D,None Specified,NA,NA,NA,5,17,None Specified,NA,NA,NA,7.5,35,None Specified,NA,NA,NA,5,0.7808,D,None Specified,NA,NA,NA,6,"Stevenson 2023, Stevenson 2002, García 2020"
Coussapoa villosa,,,,,,,NA,,NA,NA,NA,NA,NA,,NA,NA,NA,NA,NA,,NA,NA,NA,NA,0.004,W,None Specified,NA,NA,NA,5,39,None Specified,NA,NA,NA,5,17,None Specified,NA,NA,NA,7.5,3.84,W,None Specified,NA,NA,NA,6,"Stevenson 2023, Stevenson 2002, García 2020"
Crepidospermum prancei,Protium prancei,Burseraceae,N,Red,F,D,NA,,NA,NA,NA,NA,NA,,NA,NA,NA,NA,NA,,NA,NA,NA,NA,NA,,,NA,NA,NA,NA,NA,,NA,NA,NA,NA,NA,,NA,NA,NA,NA,NA,,,NA,NA,NA,NA,
Crepidospermum rhoifolium,Protium rhoifolium,Burseraceae,N,Yellow,F,D,1,None Specified,NA,NA,NA,0,12.9,None Specified,NA,NA,NA,0,7,None Specified,NA,NA,NA,6,0.41,W,None Specified,NA,NA,NA,0,17.5,None Specified,NA,NA,NA,0,14.2,None Specified,NA,NA,NA,0,0.25,D,None Specified,NA,NA,NA,6,"Yumoto et al. 1999, Stevenson 2002"
Crepidospermum rhoifolium,,,,,,,1.5,None Specified,NA,NA,NA,6,NA,,NA,NA,NA,NA,8.7,None Specified,NA,NA,NA,0,NA,,,NA,NA,NA,NA,NA,,NA,NA,NA,NA,NA,,NA,NA,NA,NA,1.8,W,None Specified,NA,NA,NA,0,"Yumoto et al. 1999, Stevenson 2002"
Crepidospermum rhoifolium,,,,,,,NA,,NA,NA,NA,NA,NA,,NA,NA,NA,NA,NA,,NA,NA,NA,NA,NA,,,NA,NA,NA,NA,NA,,NA,NA,NA,NA,NA,,NA,NA,NA,NA,3.4,W,None Specified,NA,NA,NA,6,"Yumoto et al. 1999, Stevenson 2002"
Crepis tectorum,"Hedypnois tectorum, Hieracium tectorum, Crepis angustifolia, Crepis barckhausioides, Crepis campestris, Crepis lachenalii, Crepis linearifolia, Crepis muralis, Crepis murorum, Crepis polymorpha, Crepis segetalis, Crepis stricta, Crepis tinctoria, Crepis varia, Hieracium agrestis, Hieracium strictum, Wibelia hieracioides",Asteraceae,Y,Purple/Brown,D,I,1,None Specified,NA,NA,NA,0,NA,,NA,NA,NA,NA,NA,,NA,NA,NA,NA,0.41,D,None Specified,NA,NA,NA,0,NA,,NA,NA,NA,NA,NA,,NA,NA,NA,NA,NA,,,NA,NA,NA,NA,"Andersson 2012, Kattge 2011"
Cryptocarya aschersoniana,"Cryptocarya minutiflora, Cryptocarya subcorymbosa",Lauraceae,N,Yellow/Orange,F,I,1,None Specified,NA,NA,NA,12.5,17.2,None Specified,NA,NA,NA,0,20,None Specified,NA,NA,NA,12.5,4,W,None Specified,NA,NA,NA,12,20.4,None Specified,NA,NA,NA,0,25,None Specified,NA,NA,NA,12.5,8,W,None Specified,NA,NA,NA,0,"Alves-Costa 2007, Raga 2011, Galetti 2011"
Cryptocarya aschersoniana,,,,,,,NA,,NA,NA,NA,NA,21,None Specified,NA,NA,NA,12.5,NA,,NA,NA,NA,NA,NA,,,NA,NA,NA,NA,25,None Specified,NA,NA,NA,12.5,NA,,NA,NA,NA,NA,8,W,None Specified,NA,NA,NA,12.5,"Alves-Costa 2007, Raga 2011, Galetti 2011"
Cryptocarya mandioccana,Oreodaphne polyantha,Lauraceae,N,Yellow,F,I,NA,,NA,NA,NA,NA,21.7,Unknown +/-,13.4,30,2.7,1764,15.2,Unknown +/-,11.6,19.2,1.1,1764,1.826,W,SD,NA,NA,0.54,85,22.6,Unknown +/-,14.5,30.6,2.8,1892,19,Unknown +/-,12.9,25.5,2.4,1892,NA,,,NA,NA,NA,NA,"Galetti 2015, Moraes 2007"
Cryptocarya moschata,Cryptocaria moschata,Lauraceae,N,Yellow,F,I,1,None Specified,NA,NA,NA,12.5,22,None Specified,NA,NA,NA,12.5,15,None Specified,NA,NA,NA,12.5,2.4,W,None Specified,NA,NA,NA,12,24,None Specified,NA,NA,NA,12.5,20,None Specified,NA,NA,NA,12.5,5,W,None Specified,NA,NA,NA,12.5,"Galetti 2011, Pizo 2002"
Cryptocarya moschata,,,,,,,NA,,NA,NA,NA,NA,NA,,NA,NA,NA,NA,NA,,NA,NA,NA,NA,NA,,,NA,NA,NA,NA,19.1,None Specified,NA,NA,NA,10,NA,,NA,NA,NA,NA,NA,,,NA,NA,NA,NA,"Galetti 2011, Pizo 2002"
Cupania latifolia,"Cupania papillosa, Cupania semidentata",Sapindaceae,N,Brown,F,D,3,None Specified,NA,NA,NA,7.5,4.5,None Specified,NA,NA,NA,0,4.5,None Specified,NA,NA,NA,0,0.74,NA,None Specified,NA,NA,NA,0,8,None Specified,NA,NA,NA,0,11,None Specified,NA,NA,NA,7.5,1.4,W,None Specified,NA,NA,NA,7.5,"Stevenson 2023, García 2020, https://onlinelibrary.wiley.com/doi/abs/10.2307/3237138?casa_token=GuHn7R8jAtkAAAAA%3APETL5HtIJlB6dD0gg0aiLpN-zTGgfxbaaemUe0V6z7dhHJ2PiR8xJMKuZ44QntqwFaW-7AuWhVRFZIhI, Forget unpublished, Link 2004, https://collections-botany.fieldmuseum.org/catalogue/399502"
Cupania latifolia,,,,,,,3,None Specified,NA,NA,NA,7.5,NA,,NA,NA,NA,NA,NA,,NA,NA,NA,NA,0.7,NA,None Specified,NA,NA,NA,0,17,None Specified,NA,NA,NA,7.5,NA,,NA,NA,NA,NA,0.85,W,None Specified,NA,NA,NA,0,"Stevenson 2023, García 2020, https://onlinelibrary.wiley.com/doi/abs/10.2307/3237138?casa_token=GuHn7R8jAtkAAAAA%3APETL5HtIJlB6dD0gg0aiLpN-zTGgfxbaaemUe0V6z7dhHJ2PiR8xJMKuZ44QntqwFaW-7AuWhVRFZIhI, Forget unpublished, Link 2004, https://collections-botany.fieldmuseum.org/catalogue/399502"
Cupania latifolia,,,,,,,NA,,NA,NA,NA,NA,NA,,NA,NA,NA,NA,NA,,NA,NA,NA,NA,NA,,,NA,NA,NA,NA,12.5,None Specified,NA,NA,NA,0,NA,,NA,NA,NA,NA,0.31,D,None Specified,NA,NA,NA,0,"Stevenson 2023, García 2020, https://onlinelibrary.wiley.com/doi/abs/10.2307/3237138?casa_token=GuHn7R8jAtkAAAAA%3APETL5HtIJlB6dD0gg0aiLpN-zTGgfxbaaemUe0V6z7dhHJ2PiR8xJMKuZ44QntqwFaW-7AuWhVRFZIhI, Forget unpublished, Link 2004, https://collections-botany.fieldmuseum.org/catalogue/399502"
Cupania scrobiculata,"Cupania auriculata, Cupania frondosa, Cupania guianensis, Cupania obovata, Cupania porosa, Cupania reticulata, Cupania scrobiculata f. reticulata (Cambess.), Cupania triloba",Sapindaceae,N,Yellow,F,D,NA,,NA,NA,NA,NA,8.9,SD,NA,NA,1.180395414,4,7.3,SD,NA,NA,0.244948974,4,0.14,NA,None Specified,NA,NA,NA,0,14.20952381,SD,NA,NA,1.51819128,21,13.22727273,SD,NA,NA,1.222870089,21,NA,,,NA,NA,NA,NA,"Hammond 1995, Erard 2022, Kattge 2011, https://collections-botany.fieldmuseum.org/catalogue/399507 "
Cupania scrobiculata,,,,,,,NA,,NA,NA,NA,NA,NA,,NA,NA,NA,NA,NA,,NA,NA,NA,NA,0.09,D,None Specified,NA,NA,NA,17,NA,None Specified,NA,NA,NA,NA,NA,,NA,NA,NA,NA,NA,,,NA,NA,NA,NA,"Hammond 1995, Erard 2022, Kattge 2011, https://collections-botany.fieldmuseum.org/catalogue/399507 "
Cupania scrobiculata,,,,,,,NA,,NA,NA,NA,NA,NA,,NA,NA,NA,NA,NA,,NA,NA,NA,NA,0.21,W,,NA,NA,NA,17,NA,None Specified,NA,NA,NA,NA,NA,,NA,NA,NA,NA,NA,,,NA,NA,NA,NA,"Hammond 1995, Erard 2022, Kattge 2011, https://collections-botany.fieldmuseum.org/catalogue/399507 "
Curarea toxicofera,"Chondrodendron toxicofera, Cocculus toxifer, Abuta toxifera, Chondrodendron bioccai, Chondrodendron polyanthum, Hyperbaena polyantha",Menispermaceae,N,Yellow/Orange,F,I,NA,,NA,NA,NA,NA,NA,,NA,NA,NA,NA,NA,,NA,NA,NA,NA,1.384,W,None Specified,NA,NA,NA,0,NA,Range,15,27,NA,0,NA,Range,8,18,NA,0,NA,,,NA,NA,NA,NA,"Foster 1985, Ortiz 2018, Ortiz-Gentry 1999"
Curarea toxicofera,,,,,,,NA,,NA,NA,NA,NA,NA,,NA,NA,NA,NA,NA,,NA,NA,NA,NA,NA,,,NA,NA,NA,NA,NA,Range,18,21,NA,0,NA,Range,9,13,NA,0,NA,,,NA,NA,NA,NA,"Foster 1985, Ortiz 2018, Ortiz-Gentry 1999"
Cyclanthus bipartitus,"Cyclanthus bifolius, Cyclanthus cristatus, Cyclanthus estaba, Cyclanthus godseffianus, Cyclanthus plumieri, Discanthus odoratus",Cyclanthaceae,N,Green,F,I,NA,,NA,NA,NA,NA,2,None Specified,NA,NA,NA,0,1,None Specified,NA,NA,NA,0,NA,,,NA,NA,NA,NA,15,None Specified,NA,NA,NA,0,27.1,None Specified,NA,NA,NA,1,NA,,,NA,NA,NA,NA,"Stevenson 2023, Smith 2008, https://books.google.com/books?id=Whc_ahfhFFoC&dq=%22Cyclanthus+bipartitus%22+AND+fruit&lr=&source=gbs_navlinks_s"
Cyclanthus bipartitus,,,,,,,NA,,NA,NA,NA,NA,1,None Specified,NA,NA,NA,7,0.7,None Specified,NA,NA,NA,7,NA,,,NA,NA,NA,NA,NA,,NA,NA,NA,NA,NA,,NA,NA,NA,NA,NA,,,NA,NA,NA,NA,
Cyclanthus bipartitus,,,,,,,NA,,NA,NA,NA,NA,1.5,None Specified,NA,NA,NA,0,NA,,NA,NA,NA,NA,NA,,,NA,NA,NA,NA,NA,,NA,NA,NA,NA,NA,,NA,NA,NA,NA,NA,,,NA,NA,NA,NA,
Cynodon dactylon,"Capriola dactylon, Cynosurus dactylon, Digitaria dactylon, Fibichia dactylon, Milium dactylon, Panicum dactylon, Paspalum dactylon, Phleum dactylon, Cynodon repens, Cynodon sarmentosus, Cynodon affinis, Cynodon aristiglumis, Cynodon aristulatus, Cynodon barberi, Cynodon decipiens, Cynodon distichloides, Cynodon erectus, Cynodon glabratus, Cynodon grandispiculus, Cynodon hirsutissimus, Cynodon iraquensis, Cynodon laeviglumis, Cynodon linearis, Digitaria linearis, Syntherisma linearis, Vilfa linearis, Cynodon maritimus, Cynodon mucronatus, Cynodon nitidus, Cynodon occidentalis, Cynodon parviglumis, Cynodon pascuus, Cynodon pedicellatus, Cynodon polevansii, Cynodon portoricensis, Cynodon scabrifolius, Cynodon stellatus, Cynodon tenuis, Cynodon umbellatus, Dactilon officinale, Digitaria littoralis, Digitaria stolonifera, Digitaria glumipatula, Digitaria maritima, Chloris maritima, Fibichia umbellata, Panicum ambiguum, Paspalum ambiguum, Panicum glumipatulum, Panicum lineare, Panicum sanguinale, Agrostis bermudiana, Agrostis filiformis, Agrostis stellata, Vilfa stellata, Chloris paytensis, Cynosurus uniflorus, Dactylus officinalis",Poaceae,Y,Brown,D,I,1,None Specified,NA,NA,NA,0,NA,Range,0.5,1.5,NA,0,0.5,None Specified,NA,NA,NA,0,0.18,D,None Specified,NA,NA,NA,0,1.97,SE,1.5,2.3,0.15,0,0.814,SE,0.6,1.1,0.126,0,NA,,,NA,NA,NA,NA,"Kattge 2011, Ionescu 2017, https://esajournals.onlinelibrary.wiley.com/doi/abs/10.1890/08-1309.1, https://books.google.com/books?id=qDVdIM_-LDwC&dq=%22Capriola+dactylon%22+AND+fruit&lr=&source=gbs_navlinks_s"
Cynodon dactylon,,,,,,,NA,,NA,NA,NA,NA,NA,,NA,NA,NA,NA,NA,,NA,NA,NA,NA,0.1,D,None Specified,NA,NA,NA,0,NA,,NA,NA,NA,NA,NA,,NA,NA,NA,NA,NA,,,NA,NA,NA,NA,
Cyperus diffusus,Eucyperus diffusus,Cyperaceae,Y,Brown,D,I,NA,,NA,NA,NA,NA,NA,,NA,NA,NA,NA,NA,,NA,NA,NA,NA,NA,,,NA,NA,NA,NA,NA,Range,1.28,1.45,NA,0,NA,Range,0.48,0.7,NA,0,NA,,,NA,NA,NA,NA,Busukala 2022
Cyperus distans,"Cyperus elatus, Cyperus densiflorus, Cyperus graminicola, Cyperus keniensis, Mariscus keniensis, Cyperus kurrii, Cyperus laxus, Cyperus longibracteatus, Mariscus longibracteatus, Cyperus nutans, Cyperus psilostachys, Cyperus purpureovaginatus, Cypera rubrotinctus, Mariscus rubrotinctus, Cyperus schraderianus, Cyperus squamulatus, Mariscus bojeri",Cyperaceae,N,Yellow/Gray/Brown,D,I,NA,,NA,NA,NA,NA,NA,,NA,NA,NA,NA,NA,,NA,NA,NA,NA,0.00012,D,None Specified,NA,NA,NA,0,NA,,NA,NA,NA,NA,NA,,NA,NA,NA,NA,NA,,,NA,NA,NA,NA,Kattge 2011
Cyperus ferax,"Diclidium ferax, Mariscus ferax, Torulinium ferax, Cyperus ehrenbergii, Cyperus flexuosa, Cyperus flexuosus, Cyperus insignis, Cyperus vahlii, Diclidium vahlii, Torulinium vahlii, Diclidium ferox, Diclidium fuscatum, Torulinium flexuosum",Cyperaceae,N,Brown,D,I,NA,,NA,NA,NA,NA,NA,,NA,NA,NA,NA,NA,,NA,NA,NA,NA,NA,,,NA,NA,NA,NA,NA,,NA,NA,NA,NA,NA,,NA,NA,NA,NA,NA,,,NA,NA,NA,NA,
Cyperus polystachyos,"Pycreus polystachyos, Chlorocyperus polystachyus",Cyperaceae,N,Brown,D,I,NA,,NA,NA,NA,NA,0.97,SD,NA,NA,0.371333932,10,0.45,SD,NA,NA,0.190029238,10,0.042,D,None Specified,NA,NA,NA,0,2.05,SD,NA,NA,0.212132034,2,0.6,SD,NA,NA,0,2,NA,,,NA,NA,NA,NA,"Kattge 2011, https://powo.science.kew.org/taxon/urn:lsid:ipni.org:names:75004-2/images (K000632077, K000363060)"
Cyperus polystachyos,,,,,,,NA,,NA,NA,NA,NA,NA,,NA,NA,NA,NA,NA,,NA,NA,NA,NA,0.07,D,None Specified,NA,NA,NA,0,NA,,NA,NA,NA,NA,NA,,NA,NA,NA,NA,NA,,,NA,NA,NA,NA,
Davilla aspera,"Delima tigarea, Tetracera aspera, Tetracera tigarea, Tigarea aspera",Dilleniaceae,N,Yellow/Orange,F,D,1,None Specified,NA,NA,NA,0,NA,,NA,NA,NA,NA,NA,,NA,NA,NA,NA,0.024,D,None Specified,NA,NA,NA,10,3.64,SD,NA,NA,0.57,10,3.43,SD,NA,NA,0.73,10,NA,,,NA,NA,NA,NA,"Daws 2005, Cremers 1990, https://fm-digital-assets.fieldmuseum.org/1130/952/V0329636F.jpg"
Dendrobangia boliviana,"Dendrobangia tenuis, Asterolepidion elatum, Clavapetalum elatum, Clavapetalum surinamense",Metteniusaceae,N,Black,F,I,1,None Specified,NA,NA,NA,0,NA,,NA,NA,NA,NA,NA,,NA,NA,NA,NA,NA,,,NA,NA,NA,NA,NA,Range,15,20,NA,0,10,None Specified,NA,NA,NA,0,NA,,,NA,NA,NA,NA,Woodson 1976
Dendropanax caucanus,,Araliaceae,N,Black,F,I,4.344444445,None Specified,NA,NA,NA,5,5,None Specified,NA,NA,NA,5,4.05,None Specified,NA,NA,NA,6,0.01711111,W,None Specified,NA,NA,NA,5,10,None Specified,NA,NA,NA,5,10,None Specified,NA,NA,NA,5,0.45166667,W,None Specified,NA,NA,NA,6,"Stevenson 2023, Stevenson 2002, Link 2004"
Dendropanax caucasus,,,,,,,4.7,None Specified,NA,NA,NA,6,NA,,NA,NA,NA,NA,NA,,NA,NA,NA,NA,0.01016667,D,None Specified,NA,NA,NA,5,NA,,NA,NA,NA,NA,NA,,NA,NA,NA,NA,0.11666667,D,None Specified,NA,NA,NA,6,"Stevenson 2023, Stevenson 2002, Link 2004"
Dendropanax macrophyllus,,Araliaceae,N,NA,F,I,NA,,NA,NA,NA,NA,NA,,NA,NA,NA,NA,NA,,NA,NA,NA,NA,NA,,,NA,NA,NA,NA,11.04285714,SD,NA,NA,0.739047005,7,9.757142857,SD,NA,NA,1.180193689,7,NA,,,NA,NA,NA,NA,https://www.tropicos.org/image/53503
Desmodium barbatum,"Hedysarum barbatum, Meibomia barbata, Nicolsonia barbata, Perrottetia barbata, Uraria barbata",Fabaceae,N,Brown,D,I,NA,Range,2,5,NA,0,2,None Specified,NA,NA,NA,0,1,None Specified,NA,NA,NA,0,0.0013,D,None Specified,NA,NA,NA,0,27.3,None Specified,NA,NA,NA,1,5.6,None Specified,NA,NA,NA,1,NA,,,NA,NA,NA,NA,"Caboco 2012, Gomes 2018, Kattge 2011"
Desmodium barbatum,,,,,,,NA,Range,2,5,NA,0,2,None Specified,NA,NA,NA,0,1,None Specified,NA,NA,NA,0,0.0013,D,None Specified,NA,NA,NA,0,33,None Specified,NA,NA,NA,0,8,None Specified,NA,NA,NA,0,NA,,,NA,NA,NA,NA,"Caboco 2012, Gomes 2018, Kattge 2011"
Desmodium incanum,"Hedysarum incanum, Aeschynomene incana, Meibomia incana, Meibomia adscendens, Aeschynomene spicata, Desmodium ancistrocarpum, Hedysarum ancistrocarpum, Desmodium canum, Hedysarum canum, Desmodium diversifolium, Hedysarum diversifolium, Desmodium fructescens, Desmodium lindleyi, Desmodium mauritianum, Hedysarum mauritianum, Desmodium portoricense, Hedysarum portoricense, Desmodium sporsiflorum, Desmodium supinum, Hedysarum supinum, Desmodium tenue, Desmodium variifolium, Hedysarum ancistrocarpum, Hedysarum canescens, Hedysarum conjunctum, Hedysarum madagascariense, Hedysarum racemosum, Meibomia cana, Meibomia diversifolia, Meibomia ovalis, Meibomia supina, Meibomia variifolia, Pleurolobus spicatus",Fabaceae,N,Brown,D,I,8,None Specified,NA,NA,NA,0,29.7,None Specified,NA,NA,NA,1,20,None Specified,NA,NA,NA,1,4.12,NA,Unknown +/-,NA,NA,0.04,1000,26.6,None Specified,NA,NA,NA,1,2.9,None Specified,NA,NA,NA,1,NA,,,NA,NA,NA,NA,"Mori 1998, Castillo-Flores 2003, Scandaliaris 2013, https://go.gale.com/ps/i.do?id=GALE%7CA663350163&sid=googleScholar&v=2.1&it=r&linkaccess=fulltext&issn=08640394&p=AONE&sw=w&casa_token=6SgImS8GxSoAAAAA:9qcdaHJdMSJbz8sP9eXd9IW3rpz3HvLSgc9sYGJcpnV7hEP91YYuy4wmpyRLgAyJCNyNq_5zDSGJ"
Dialium gianense,Dialium guianensis,Fabaceae,N,Orange/Brown/Green,D,I,NA,Range,1,2,NA,0,9.4,SD,NA,NA,0.5,220,7.7,SD,NA,NA,0.6,110,0.27,W,SD,NA,NA,0.05,220,18,None Specified,NA,NA,NA,5,6.5,None Specified,NA,NA,NA,5,0.59,D,None Specified,NA,NA,NA,5,"Stevenson 2023, Stevenson et al. 2002, Garcia-Orth 2009, Benitez-Malvido 2014, Machado 2021, Ibarra-Manríquez 2010"
Dialium gianense,,,,,,,1,None Specified,NA,NA,NA,5,10.6,SD,NA,NA,1.3,110,8.9,SD,NA,NA,0.8,110,0.35,W,SD,NA,NA,0.06,110,21.09,SD,16.61,26.07,2.06,20,12.18,SD,10.64,13.86,0.85,20,0.8209,NA,SD,0.16,0.543,1.0982,20,"Stevenson 2023, Stevenson et al. 2002, Garcia-Orth 2009, Benitez-Malvido 2014, Machado 2021, Ibarra-Manríquez 2010"
Dialium gianense,,,,,,,NA,,NA,NA,NA,NA,NA,Range,6,8,NA,0,7.8,SD,NA,NA,0.6,110,0.76,W,None Specified,NA,NA,NA,5,NA,Range,14,20,NA,0,NA,,NA,NA,NA,NA,1.9,W,None Specified,NA,NA,NA,5,"Stevenson 2023, Stevenson et al. 2002, Garcia-Orth 2009, Benitez-Malvido 2014, Machado 2021, Ibarra-Manríquez 2010"
Dialium gianense,,,,,,,NA,,NA,NA,NA,NA,10.2,SD,NA,NA,0.9,110,8.4,SD,NA,NA,0.7,110,0.32,W,SD,NA,NA,0.07,110,NA,,NA,NA,NA,NA,NA,,NA,NA,NA,NA,NA,,,NA,NA,NA,NA,"Stevenson 2023, Stevenson et al. 2002, Garcia-Orth 2009, Benitez-Malvido 2014, Machado 2021, Ibarra-Manríquez 2010"
Dialium gianense,,,,,,,NA,,NA,NA,NA,NA,7,None Specified,NA,NA,NA,5,5.725,None Specified,NA,NA,NA,5,0.25,D,None Specified,NA,NA,NA,0,NA,,NA,NA,NA,NA,NA,,NA,NA,NA,NA,NA,,,NA,NA,NA,NA,"Stevenson 2023, Stevenson et al. 2002, Garcia-Orth 2009, Benitez-Malvido 2014, Machado 2021, Ibarra-Manríquez 2010"
Dialium gianense,,,,,,,NA,,NA,NA,NA,NA,15,None Specified,NA,NA,NA,0,15,None Specified,NA,NA,NA,0,0.24,D,None Specified,NA,NA,NA,5,NA,,NA,NA,NA,NA,NA,,NA,NA,NA,NA,NA,,,NA,NA,NA,NA,"Stevenson 2023, Stevenson et al. 2002, Garcia-Orth 2009, Benitez-Malvido 2014, Machado 2021, Ibarra-Manríquez 2010"
Dicorynia guianensis,,Fabaceae,N,Brown,F,I,NA,,NA,NA,NA,NA,16,None Specified,NA,NA,NA,0,14,None Specified,NA,NA,NA,0,0.35,D,None Specified,NA,NA,NA,40,73.35,SD,NA,NA,2.474873734,2,39.35,SD,NA,NA,0.494974747,2,NA,,,NA,NA,NA,NA,"Baraloto 2007, Meer 1998, Falcão 2022, Norden 2009"
Dicorynia guianensis,,,,,,,NA,,NA,NA,NA,NA,16,None Specified,NA,NA,NA,0,14,None Specified,NA,NA,NA,0,0.32,D,None Specified,NA,NA,NA,10,73.35,SD,NA,NA,2.474873734,2,39.35,SD,NA,NA,0.494974747,2,NA,,,NA,NA,NA,NA,"Baraloto 2007, Meer 1998, Falcão 2022, Norden 2009"
Dicranostyles ampla,,Convolvulaceae,N,Black,D,I,1,None Specified,NA,NA,NA,0,15,None Specified,NA,NA,NA,0,10,None Specified,NA,NA,NA,0,0.8,W,None Specified,NA,NA,NA,0,25,None Specified,NA,NA,NA,0,15,None Specified,NA,NA,NA,0,NA,,,NA,NA,NA,NA,"Foster 1985, Austin 1973, Boubli 1997"
Dicranostyles ampla,,,,,,,NA,,NA,NA,NA,NA,20,None Specified,NA,NA,NA,0,15,None Specified,NA,NA,NA,0,NA,,,NA,NA,NA,NA,20,None Specified,NA,NA,NA,0,NA,Range,14,15,NA,0,NA,,,NA,NA,NA,NA,"Foster 1985, Austin 1973, Boubli 1997"
Dicranostyles ampla,,,,,,,NA,,NA,NA,NA,NA,NA,,NA,NA,NA,NA,NA,,NA,NA,NA,NA,NA,,,NA,NA,NA,NA,NA,Range,15,20,NA,0,NA,Range,12,15,NA,0,NA,,,NA,NA,NA,NA,"Foster 1985, Austin 1973, Boubli 1997"
Dicranostyles guianensis,Dicranostyles imatacensis,Convolvulaceae,N,Brown,D,I,NA,,NA,NA,NA,NA,NA,,NA,NA,NA,NA,NA,,NA,NA,NA,NA,NA,,,NA,NA,NA,NA,12,None Specified,NA,NA,NA,0,9,None Specified,NA,NA,NA,0,NA,,,NA,NA,NA,NA,Austin 1973
Dicranostyles holostyla,,Convolvulaceae,N,Black,D,I,NA,,NA,NA,NA,NA,NA,,NA,NA,NA,NA,NA,,NA,NA,NA,NA,NA,,,NA,NA,NA,NA,NA,Range,25,42,NA,0,NA,Range,14,15,NA,0,NA,,,NA,NA,NA,NA,Austin 1973
Dimorphandra mollis,,Fabaceae,N,Green/Brown,D,I,13.4,None Specified,NA,NA,NA,130,13,SD,NA,NA,1,20,6,SD,NA,NA,1,20,0.287,W,SD,NA,NA,0.027,20,139,SD,NA,NA,14.7,50,31,SD,NA,NA,1.9,50,26.2,W,SD,NA,NA,4.4,30,"Bizerril 2005, Borghetti 2019, Pellizzarro 2016"
Dimorphandra mollis,,,,,,,16,SD,NA,NA,1,11,NA,,NA,NA,NA,NA,NA,,NA,NA,NA,NA,0.1762,W,SD,NA,NA,0.0037,0,141,SD,NA,NA,15,30,33,SD,NA,NA,3,30,NA,,,NA,NA,NA,NA,"Bizerril 2005, Borghetti 2019, Pellizzarro 2016"
Dioclea virgata,"Mucuna virgata, Dolichos virgatus",Fabaceae,N,Green,D,I,NA,Range,7,10,NA,0,11,None Specified,NA,NA,NA,0,7,None Specified,NA,NA,NA,0,0.1122496,NA,None Specified,NA,NA,NA,0,110,None Specified,NA,NA,NA,0,20,None Specified,NA,NA,NA,0,NA,,,NA,NA,NA,NA,"Maxwell 1970, https://ser-sid.org/species/e70b7187-1812-41f7-a461-29228309528b"
Diospyros hispida,"Diospyros lasiocalyx, Annona lasiocalyx, Diospyros burchellii, Diospyros coccolobifolia, Diospyros mattogrossensis",Ebenaceae,N,Green,F,I,7.5,None Specified,NA,NA,NA,0,7.92,SD,NA,NA,1.176435294,10,5.29,SD,NA,NA,1.072328722,10,NA,,,NA,NA,NA,NA,47.2,Unknown +/-,NA,NA,2.6,30,42.3,Unknown +/-,NA,NA,3.5,30,57.3,W,Unknown +/-,NA,NA,10.3,30,"Donatti 2007, Motta-Junior 2002, https://books.google.com/books?hl=en&lr=&id=JLgUAAAAYAAJ&oi=fnd&pg=PA25&dq=%22Diospyros+hispida%22+AND+fruit&ots=TiJ6SRlZ0b&sig=w30cDZXmhDPDsCYFt1rZsQDZF_Q#v=onepage&q=hispida&f=false, https://collections-botany.fieldmuseum.org/catalogue/285015"
Diospyros hispida,,,,,,,8,None Specified,NA,NA,NA,0,7.92,SD,NA,NA,1.176435294,10,5.29,SD,NA,NA,1.072328722,10,NA,,,NA,NA,NA,NA,47.2,Unknown +/-,NA,NA,2.6,30,42.3,Unknown +/-,NA,NA,3.5,30,64.9,W,None Specified,NA,NA,NA,0,"Donatti 2007, Motta-Junior 2002, https://books.google.com/books?hl=en&lr=&id=JLgUAAAAYAAJ&oi=fnd&pg=PA25&dq=%22Diospyros+hispida%22+AND+fruit&ots=TiJ6SRlZ0b&sig=w30cDZXmhDPDsCYFt1rZsQDZF_Q#v=onepage&q=hispida&f=false, https://collections-botany.fieldmuseum.org/catalogue/285015"
Dipteryx alata,,Fabaceae,N,Brown,F,I,1,None Specified,NA,NA,NA,0,NA,Range,25,30,NA,0,10,None Specified,NA,NA,NA,0,22.5906,W,SD,NA,NA,0.4847,0,NA,Range,60,70,NA,0,NA,Range,20,40,NA,0,33.3,NA,None Specified,NA,NA,NA,0,"Guimarães 2008, Donatti 2007, Oliveira 2017, Pellizzarro 2016"
Dipteryx alata,,,,,,,NA,,NA,NA,NA,NA,NA,,NA,NA,NA,NA,NA,,NA,NA,NA,NA,NA,,,NA,NA,NA,NA,48.8,Unknown +/-,NA,NA,3.6,30,39.9,Unknown +/-,NA,NA,2.4,30,27.4,W,Unknown +/-,NA,NA,6.9,30,"Guimarães 2008, Donatti 2007, Oliveira 2017, Pellizzarro 2016"
Dipteryx alata,,,,,,,NA,,NA,NA,NA,NA,NA,,NA,NA,NA,NA,NA,,NA,NA,NA,NA,NA,,,NA,NA,NA,NA,52.8,Unknown +/-,NA,NA,4.1,0,39.6,Unknown +/-,NA,NA,3.3,0,NA,,,NA,NA,NA,NA,"Guimarães 2008, Donatti 2007, Oliveira 2017, Pellizzarro 2016"
Dipteryx micrantha,Coumarouna micrantha ,Fabaceae,N,Yellow,F,I,1,None Specified,NA,NA,NA,5,NA,Range,30,60,NA,22,NA,Range,18,38,NA,22,NA,NA,Range,20,40,NA,0,NA,Range,30,60,NA,0,NA,Range,18,38,NA,0,15.26,D,None Specified,NA,NA,NA,5,"Stevenson 2023, Soares 1994, Cintra 1997, Terborgh 1993, White 1986"
Dipteryx micrantha,,,,,,,NA,,NA,NA,NA,NA,40,None Specified,NA,NA,NA,5,35,None Specified,NA,NA,NA,5,12.1333333,D,None Specified,NA,NA,NA,5,45,None Specified,NA,NA,NA,5,28.3333333,None Specified,NA,NA,NA,5,NA,NA,Range,20,40,NA,0,"Stevenson 2023, Soares 1994, Cintra 1997, Terborgh 1993, White 1986"
Dipteryx micrantha,,,,,,,NA,,NA,NA,NA,NA,NA,,NA,NA,NA,NA,NA,,NA,NA,NA,NA,21.5,NA,Unknown +/-,8,40,2.92,11,NA,Range,33,64,NA,11,NA,Range,20,40,NA,11,27.5,NA,Unknown +/-,15,43,1.4,24,"Stevenson 2023, Soares 1994, Cintra 1997, Terborgh 1993, White 1986"
Dipteryx micrantha,,,,,,,NA,,NA,NA,NA,NA,NA,,NA,NA,NA,NA,NA,,NA,NA,NA,NA,13.6916667,W,None Specified,NA,NA,NA,5,NA,,NA,NA,NA,NA,NA,,NA,NA,NA,NA,21.5,W,SE,8,40,2.92,11,"Stevenson 2023, Soares 1994, Cintra 1997, Terborgh 1993, White 1986"
Dipteryx micrantha,,,,,,,NA,,NA,NA,NA,NA,NA,,NA,NA,NA,NA,NA,,NA,NA,NA,NA,18,W,None Specified,NA,NA,NA,0,NA,,NA,NA,NA,NA,NA,,NA,NA,NA,NA,19.355,W,None Specified,NA,NA,NA,5,"Stevenson 2023, Soares 1994, Cintra 1997, Terborgh 1993, White 1986"
Dipteryx panamensis,,Fabaceae,N,Brown,F,I,1,None Specified,NA,NA,NA,0,40.8,None Specified,NA,NA,NA,1,15,None Specified,NA,NA,NA,1,6.127,D,None Specified,NA,NA,NA,10,NA,Range,50,60,NA,0,NA,Range,20,30,NA,0,NA,W,Range,18,26.3,NA,0,"Daws 2005, Bonaccorso 1980, Brewer 1999, Hanson 2008, https://collections-botany.fieldmuseum.org/catalogue/288388"
Dipteryx panamensis,,,,,,,NA,,NA,NA,NA,NA,NA,,NA,NA,NA,NA,NA,,NA,NA,NA,NA,NA,NA,Range,18,26,NA,0,NA,,NA,NA,NA,NA,NA,,NA,NA,NA,NA,NA,,,NA,NA,NA,NA,"Daws 2005, Bonaccorso 1980, Brewer 1999, Hanson 2008, https://collections-botany.fieldmuseum.org/catalogue/288388"
Dipteryx panamensis,,,,,,,NA,,NA,NA,NA,NA,NA,,NA,NA,NA,NA,NA,,NA,NA,NA,NA,11.218,NA,None Specified,NA,NA,NA,0,NA,,NA,NA,NA,NA,NA,,NA,NA,NA,NA,NA,,,NA,NA,NA,NA,"Daws 2005, Bonaccorso 1980, Brewer 1999, Hanson 2008, https://collections-botany.fieldmuseum.org/catalogue/288388"
Dolinearpus paruensis,Doliocarpus paraensis,Dilleniaceae,N,Red,F,D,1,None Specified,NA,NA,NA,0,NA,,NA,NA,NA,NA,NA,,NA,NA,NA,NA,NA,,,NA,NA,NA,NA,NA,,NA,NA,NA,NA,NA,,NA,NA,NA,NA,NA,,,NA,NA,NA,NA,Aymard 2016
Doliocarpus multiflorus,,Dilleniaceae,N,Purple,F,D,NA,Range,1,2,NA,0,5,None Specified,NA,NA,NA,5,4.9,None Specified,NA,NA,NA,5,0.025,D,None Specified,NA,NA,NA,5,11,None Specified,NA,NA,NA,5,11,None Specified,NA,NA,NA,5,0.12,D,None Specified,NA,NA,NA,5,"Stevenson 2023, Obregón 2007, Stevenson 2002, Aymard 2016"
Doliocarpus multiflorus,,,,,,,2,None Specified,NA,NA,NA,5,4.6,None Specified,NA,NA,NA,30,4.6,None Specified,NA,NA,NA,30,0.05,W,None Specified,NA,NA,NA,5,NA,,NA,NA,NA,NA,NA,,NA,NA,NA,NA,0.58,W,None Specified,NA,NA,NA,5,"Stevenson 2023, Obregón 2007, Stevenson 2002, Aymard 2016"
Doliocarpus multiflorus,,,,,,,NA,,NA,NA,NA,NA,NA,,NA,NA,NA,NA,NA,,NA,NA,NA,NA,0.01,D,None Specified,NA,NA,NA,30,NA,,NA,NA,NA,NA,NA,,NA,NA,NA,NA,NA,,,NA,NA,NA,NA,"Stevenson 2023, Obregón 2007, Stevenson 2002, Aymard 2016"
Doliocarpus olivaceus,,Dilleniaceae,N,Red,F,D,2,None Specified,NA,NA,NA,0,NA,,NA,NA,NA,NA,NA,,NA,NA,NA,NA,0.21,NA,None Specified,NA,NA,NA,0,15.81666667,SD,NA,NA,1.371683328,12,15.125,SD,NA,NA,1.130667542,12,NA,,,NA,NA,NA,NA,"Croat 1978, Brewer 1999, Forget unpublished, https://collections-botany.fieldmuseum.org/catalogue/393052"
Doliocarpus olivaceus,,,,,,,2,None Specified,NA,NA,NA,0,NA,,NA,NA,NA,NA,NA,,NA,NA,NA,NA,0.2,NA,None Specified,NA,NA,NA,0,15.81666667,SD,NA,NA,1.371683328,12,15.125,SD,NA,NA,1.130667542,12,NA,,,NA,NA,NA,NA,"Croat 1978, Brewer 1999, Forget unpublished, https://collections-botany.fieldmuseum.org/catalogue/393052"
Dorstenia panamensis,,Moraceae,N,Green,F,I,NA,,NA,NA,NA,NA,NA,,NA,NA,NA,NA,NA,,NA,NA,NA,NA,NA,,,NA,NA,NA,NA,NA,,NA,NA,NA,NA,NA,,NA,NA,NA,NA,NA,,,NA,NA,NA,NA,
Drypetes variabilis,,Putranjivaceae,N,Yellow,F,I,1,None Specified,NA,NA,NA,6,17,None Specified,NA,NA,NA,5,9.65,None Specified,NA,NA,NA,6,0.59,D,None Specified,NA,NA,NA,5,20,None Specified,NA,NA,NA,5,11,None Specified,NA,NA,NA,5,1.16,D,None Specified,NA,NA,NA,5,Stevenson 2023
Drypetes variabilis,,,,,,,NA,,NA,NA,NA,NA,NA,,NA,NA,NA,NA,NA,,NA,NA,NA,NA,1.015,W,None Specified,NA,NA,NA,5,NA,,NA,NA,NA,NA,NA,,NA,NA,NA,NA,2.81,W,None Specified,NA,NA,NA,5,Stevenson 2023
Duckeodendron cestroides,,Solanaceae,N,Green,F,I,1,None Specified,NA,NA,NA,0,55,None Specified,NA,NA,NA,0,32.5,None Specified,NA,NA,NA,0,13.33,NA,None Specified,NA,NA,NA,0,58,None Specified,NA,NA,NA,0,32.5,None Specified,NA,NA,NA,0,37.5,NA,None Specified,NA,NA,NA,0,"Guimarães 2008, Cramer et al. 2007"
Duckeodendron cestroides,,,,,,,NA,Range,1,2,NA,478,55,None Specified,NA,NA,NA,0,32.5,None Specified,NA,NA,NA,0,13.33,NA,None Specified,NA,NA,NA,0,59,None Specified,NA,NA,NA,0,34,None Specified,NA,NA,NA,0,37.5,NA,None Specified,NA,NA,NA,0,"Guimarães 2008, Cramer et al. 2007"
Duguetia surinamensis,Duguetia caudata,Annonaceae,N,Brown/Yellow/Green/Brown,F,I,NA,,NA,NA,NA,NA,NA,,NA,NA,NA,NA,NA,,NA,NA,NA,NA,NA,,,NA,NA,NA,NA,50.28,None Specified,NA,NA,NA,1,47.17,None Specified,NA,NA,NA,1,NA,,,NA,NA,NA,NA,https://collections-botany.fieldmuseum.org/catalogue/2123915
Dulacia egleri,,Olacaceae,N,Orange,F,I,NA,,NA,NA,NA,NA,NA,,NA,NA,NA,NA,NA,,NA,NA,NA,NA,NA,,,NA,NA,NA,NA,NA,,NA,NA,NA,NA,NA,,NA,NA,NA,NA,NA,,,NA,NA,NA,NA,
Duroia eriopila,"Amaioua eriopila, Genipa eriopila",Rubiaceae,N,Brown,F,I,NA,,NA,NA,NA,NA,NA,,NA,NA,NA,NA,NA,,NA,NA,NA,NA,0.02,D,None Specified,NA,NA,0.004,20,NA,,NA,NA,NA,NA,NA,,NA,NA,NA,NA,NA,,,NA,NA,NA,NA,Flores 2021
Ecclinusa guianensis,"Ecclinusa bacuri, Chrysophyllum guianense",Sapotaceae,N,Yellow/Orange,F,I,NA,Range,1,5,NA,0,26,None Specified,NA,NA,NA,0,13,None Specified,NA,NA,NA,0,NA,,,NA,NA,NA,NA,NA,Range,27,29,NA,0,NA,Range,21,24,NA,0,NA,,,NA,NA,NA,NA,Roosmalen 2000
Ecclinusa lanceolata,,Sapotaceae,N,Yellow/Orange,F,I,NA,Range,4,5,NA,0,23,None Specified,NA,NA,NA,0,15,None Specified,NA,NA,NA,0,NA,,,NA,NA,NA,NA,33,None Specified,NA,NA,NA,0,25,None Specified,NA,NA,NA,0,NA,,,NA,NA,NA,NA,Roosmalen 2000
Ecclinusa lanceolata,,,,,,,NA,,NA,NA,NA,NA,NA,,NA,NA,NA,NA,NA,,NA,NA,NA,NA,NA,,,NA,NA,NA,NA,NA,Range,34,38,NA,0,NA,Range,30,32,NA,0,NA,,,NA,NA,NA,NA,
Ecclinusa ramiflora,"Ecclinusa abbreviata, Ecclinusa costata, Chrysophyllum ramiflorum, Chrysophyllum abbreviatum, Passaveria obovata, Lucuma tomentosa",Sapotaceae,N,Yellow/Orange,F,I,NA,,NA,NA,NA,NA,21.95,SD,NA,NA,0.494974747,2,11.2,SD,NA,NA,1.13137085,2,1.1,D,None Specified,NA,NA,NA,0,60.85,SD,NA,NA,6.858935778,2,57.7,SD,NA,NA,6.081118318,2,NA,,,NA,NA,NA,NA,"Kattge 2011, https://collections-botany.fieldmuseum.org/catalogue/3056028"
Echinochloa polystachya,Pseudechinolaena polystachya,Poaceae,N,Yellow/Green,D,I,NA,,NA,NA,NA,NA,4.5,None Specified,NA,NA,NA,1,1.5,None Specified,NA,NA,NA,1,0.0011164,D,None Specified,NA,NA,NA,0,3.731818182,SD,NA,NA,0.810045284,44,1.556818182,SD,NA,NA,0.376271628,44,NA,,,NA,NA,NA,NA,"http://legacy.tropicos.org/ImageFullView.aspx?imageid=61112, https://ser-sid.org/species/22a70486-3a5c-4b34-a17c-cc9f4ccd61f7, http://legacy.tropicos.org/Image/100023204"
Eclipta prostrata,"Cotulm prostrata, Eleutheranthera prostrata, Verbesina prostrata, Ridan alba, Verbesina alba, Ecliptica alba, Eclipta erecta, Eclipta angustata, Eclipta angustifolia, Eclipta arabica, Eclipta brachypoda, Paleista brachypoda, Eclipta ciliata, Eclipta dentata, Aganippea dentata, Eclipta dichotoma, Clipteria dichotoma, Eclipta dubia, Eclipta flexuosa, Eclipta heterophylla, Eclipta hirsuta, Eclipta linearis, Eclipta longifolia, Eclipta marginata, Eclipta nutans, Eclipta oederi, Cotula oederi, Eclipta palustris, Eclipta parviflora, Eclipta patula, Eclipta philippinensis, Eclipta procumbens, Paleista procumbens, Eclipta pumila, Eclipta punctata, Eclipta pusilla, Verbesina pusilla, Eclipta simplex, Eclipta spicata, Verbesina spicata, Eclipta strumosa, Eclipta sulcata, Eclipta thermalis, Eclipta tinctoria, Eclipta zippeliana, Abasoloa taboada, Acmella lanceolata, Grangea lanceolata, Amellus carolinianus, Anthemis abyssinica, Anthemis cotula, Maruta cotula, Anthemis cotuloides, Anthemis galilaea, Anthemis sulphurea, Anthemis variabilis, Anthemis viridis, Bellis racemosa, Bellis ramosa, Buphthalmum diffusum, Ceratocephalus wedelioides, Chamaemelum foetidum, Cotula debilis, Verbesina debilis, Eupatoriophalacron album, Galinsoga oblongifolia, Wiborgia oblongifolia, Micrelium asteroides, Micrelium tolak, Polygyne inconspicua, Sabazia anomala, Sabazia leiachaenia, Spilanthes pseudoacmella, Verbesina pseudoacmella, Spilanthes webelioides, Verbesina conyzoides, Wedelia psammophila",Asteraceae,Y,Green/Brown,D,I,1,None Specified,NA,NA,NA,0,NA,Range,2,2.5,NA,0,1,None Specified,NA,NA,NA,0,NA,,,NA,NA,NA,NA,6.1,SD,NA,NA,0.141421356,2,2.15,SD,NA,NA,0.212132034,2,NA,,,NA,NA,NA,NA,"Stevenson 2023, Delviani 2020, Chung 2017, Cassir 2023"
Eclipta prostrata,,,,,,,NA,,NA,NA,NA,NA,NA,,NA,NA,NA,NA,NA,,NA,NA,NA,NA,NA,,,NA,NA,NA,NA,2.8,None Specified,NA,NA,NA,0,1.5,None Specified,NA,NA,NA,0,NA,,,NA,NA,NA,NA,"Stevenson 2023, Delviani 2020, Chung 2017, Cassir 2023"
Eichhornia crassipes,"Pontederia crassipes, Eichhornia speciosa, Piaropus crassippes, Eichhornia cordiflolia, Eichhornia crassicaulis, Heteranthera formaso, Piaropus mesomelas, Pontd, potederia Crassicualis, Pontederia elongate",Pontederiaceae,N,Green,F,I,17.9,SE,NA,NA,1.7,123,NA,Range,1,1.25,NA,0,0.5,None Specified,NA,NA,NA,0,NA,,,NA,NA,NA,NA,15,None Specified,NA,NA,NA,0,0.5,None Specified,NA,NA,NA,0,NA,,,NA,NA,NA,NA,"Perez 2010, Barrett 1980, VonBank 2018, https://www.biodiversitylibrary.org/bibliography/889"
Eichhornia crassipes,,,,,,,9.6,SE,NA,NA,0.4,5,NA,,NA,NA,NA,NA,NA,,NA,NA,NA,NA,NA,,,NA,NA,NA,NA,NA,,NA,NA,NA,NA,NA,,NA,NA,NA,NA,NA,,,NA,NA,NA,NA,"Perez 2010, Barrett 1980, VonBank 2018, https://www.biodiversitylibrary.org/bibliography/889"
Eichhornia crassipes,,,,,,,30.8,SE,NA,NA,2.3,121,NA,,NA,NA,NA,NA,NA,,NA,NA,NA,NA,NA,,,NA,NA,NA,NA,NA,,NA,NA,NA,NA,NA,,NA,NA,NA,NA,NA,,,NA,NA,NA,NA,"Perez 2010, Barrett 1980, VonBank 2018, https://www.biodiversitylibrary.org/bibliography/889"
Eichhornia crassipes,,,,,,,29.5,SE,NA,NA,2,134,NA,,NA,NA,NA,NA,NA,,NA,NA,NA,NA,NA,,,NA,NA,NA,NA,NA,,NA,NA,NA,NA,NA,,NA,NA,NA,NA,NA,,,NA,NA,NA,NA,"Perez 2010, Barrett 1980, VonBank 2018, https://www.biodiversitylibrary.org/bibliography/889"
Eichhornia crassipes,,,,,,,25.3,SE,NA,NA,1.7,263,NA,,NA,NA,NA,NA,NA,,NA,NA,NA,NA,NA,,,NA,NA,NA,NA,NA,,NA,NA,NA,NA,NA,,NA,NA,NA,NA,NA,,,NA,NA,NA,NA,"Perez 2010, Barrett 1980, VonBank 2018, https://www.biodiversitylibrary.org/bibliography/889"
Eichhornia crassipes,,,,,,,42.6,SE,NA,NA,2.3,295,1.4,None Specified,NA,NA,NA,0,NA,,NA,NA,NA,NA,NA,,,NA,NA,NA,NA,NA,,NA,NA,NA,NA,NA,,NA,NA,NA,NA,NA,,,NA,NA,NA,NA,"Perez 2010, Barrett 1980, VonBank 2018, https://www.biodiversitylibrary.org/bibliography/889"
Eichhornia crassipes,,,,,,,43.2,SE,NA,NA,2.4,470,NA,,NA,NA,NA,NA,NA,,NA,NA,NA,NA,NA,,,NA,NA,NA,NA,NA,,NA,NA,NA,NA,NA,,NA,NA,NA,NA,NA,,,NA,NA,NA,NA,"Perez 2010, Barrett 1980, VonBank 2018, https://www.biodiversitylibrary.org/bibliography/889"
Eichhornia crassipes,,,,,,,61,SE,NA,NA,1.8,934,NA,,NA,NA,NA,NA,NA,,NA,NA,NA,NA,NA,,,NA,NA,NA,NA,NA,,NA,NA,NA,NA,NA,,NA,NA,NA,NA,NA,,,NA,NA,NA,NA,"Perez 2010, Barrett 1980, VonBank 2018, https://www.biodiversitylibrary.org/bibliography/889"
Elephantomene eburnea,Cionomene javariensis,Menispermaceae,N,Green/Brown,F,I,NA,,NA,NA,NA,NA,47,None Specified,NA,NA,NA,1,25,None Specified,NA,NA,NA,1,NA,,,NA,NA,NA,NA,45.671,SD,NA,NA,2.221729506,2,31.2,SD,NA,NA,0.707106781,2,NA,,,NA,NA,NA,NA,"Henry 2000, https://fm-digital-assets.fieldmuseum.org/2138/867/V0564384F.jpg"
Emmotum acuminatum,"Pogopetalum acuminatum, Emmotum nudum, Pogopetalum affine",Metteniusaceae,N,Orange,F,I,NA,,NA,NA,NA,NA,NA,,NA,NA,NA,NA,NA,,NA,NA,NA,NA,NA,,,NA,NA,NA,NA,NA,,NA,NA,NA,NA,NA,,NA,NA,NA,NA,NA,,,NA,NA,NA,NA,
Emmotum nitens,"Pogopetalum nitens, Emmotum faia, Schnizleinia nitida",Metteniusaceae,N,Red,F,I,3,None Specified,NA,NA,NA,0,NA,,NA,NA,NA,NA,NA,,NA,NA,NA,NA,NA,,,NA,NA,NA,NA,NA,Range,10,15,NA,0,NA,Range,10,12,NA,0,5,NA,None Specified,NA,NA,NA,0,"Roque 2009, Howard 1942, Stefano 2011"
Emmotum nitens,,,,,,,NA,,NA,NA,NA,NA,NA,,NA,NA,NA,NA,NA,,NA,NA,NA,NA,NA,,,NA,NA,NA,NA,NA,,NA,NA,NA,NA,NA,,NA,NA,NA,NA,NA,,,NA,NA,NA,NA,"Roque 2009, Howard 1942, Stefano 2011"
Endlicheria paniculata,"Citrosma paniculata, Siparuna paniculata",Lauraceae,N,Black,F,I,1,None Specified,NA,NA,NA,12.5,NA,,NA,NA,NA,NA,NA,,NA,NA,NA,NA,NA,,,NA,NA,NA,NA,20,None Specified,NA,NA,NA,12.5,10,None Specified,NA,NA,NA,12.5,NA,,,NA,NA,NA,NA,Galetti 2011
Endlicheria sericea,"Aniba sericae, Aydendron sericeum, Goeppertia sericea",Lauraceae,N,Green,F,I,1,None Specified,NA,NA,NA,6,27,None Specified,NA,NA,NA,6,17,None Specified,NA,NA,NA,6,NA,,,NA,NA,NA,NA,NA,,NA,NA,NA,NA,NA,,NA,NA,NA,NA,4.43,D,None Specified,NA,NA,NA,6,Stevenson 2002
Endlicheria sericea,,,,,,,NA,,NA,NA,NA,NA,NA,,NA,NA,NA,NA,14,None Specified,NA,NA,NA,6,NA,,,NA,NA,NA,NA,NA,,NA,NA,NA,NA,NA,,NA,NA,NA,NA,8.4,W,None Specified,NA,NA,NA,6,Stevenson 2002
Enterolobium contortisiliquum,"Feuilleea contortisiliqua, Mimosa contortisiliqua",Fabaceae,N,Black,D,I,NA,,NA,NA,NA,NA,31.6,None Specified,NA,NA,NA,1,17.4,None Specified,NA,NA,NA,1,0.357,W,Unknown +/-,NA,NA,0.102,2000,78.8,Unknown +/-,NA,NA,1.6,30,39.1,Unknown +/-,NA,NA,1.6,30,30.8,W,Unknown +/-,NA,NA,3.9,30,"Donatti 2007, Cardoso 2021, Pellizzarro 2016"
Enterolobium contortisiliquum,,,,,,,NA,,NA,NA,NA,NA,NA,,NA,NA,NA,NA,NA,,NA,NA,NA,NA,0.4531,W,SD,NA,NA,0.0081,0,NA,,NA,NA,NA,NA,NA,,NA,NA,NA,NA,NA,,,NA,NA,NA,NA,"Donatti 2007, Cardoso 2021, Pellizzarro 2016"
Enterolobium cyclocarpum,"Feuilleea cyclocarpa, Inga cyclocarpa, Mimosa cyclocarpa, Pithecellobium cyclocarpum",Fabaceae,N,Red/Brown/Black,D,I,NA,Range,10,16,NA,0,20,None Specified,NA,NA,NA,0,15,None Specified,NA,NA,NA,0,0.545,D,None Specified,NA,NA,NA,10,101,None Specified,NA,NA,NA,1,91.8,None Specified,NA,NA,NA,1,NA,,,NA,NA,NA,NA,"Jones 1966, Daws 2005, https://fm-digital-assets.fieldmuseum.org/173/839/FABA_ente_cycl_1670487.jpg, Hernandez 2017"
Enterolobium cyclocarpum,,,,,,,NA,,NA,NA,NA,NA,NA,,NA,NA,NA,NA,NA,,NA,NA,NA,NA,0.2611,NA,None Specified,NA,NA,NA,0,NA,,NA,NA,NA,NA,NA,,NA,NA,NA,NA,NA,,,NA,NA,NA,NA,"Jones 1966, Daws 2005, https://fm-digital-assets.fieldmuseum.org/173/839/FABA_ente_cycl_1670487.jpg, Hernandez 2017"
Enterolobium cyclocarpum,,,,,,,NA,,NA,NA,NA,NA,NA,,NA,NA,NA,NA,NA,,NA,NA,NA,NA,NA,NA,Range,0.9,1.2,NA,0,NA,,NA,NA,NA,NA,NA,,NA,NA,NA,NA,NA,,,NA,NA,NA,NA,"Jones 1966, Daws 2005, https://fm-digital-assets.fieldmuseum.org/173/839/FABA_ente_cycl_1670487.jpg, Hernandez 2017"
Enterolobium schomburgkii,Robrichia schomburgkii,Fabaceae,N,Black,D,I,NA,Range,5,10,NA,0,NA,Range,8,11,NA,6,4.85,None Specified,NA,NA,NA,6,0.05285714,D,None Specified,NA,NA,NA,5,NA,Range,30,50,NA,0,72.5,None Specified,NA,NA,NA,1,3.19,D,None Specified,NA,NA,NA,5,"Stevenson 2023, Souza 2023, Ferraz 2013, Stevenson et al. 2002"
Enterolobium schomburgkii,,,,,,,7.25,None Specified,NA,NA,NA,5,8,None Specified,NA,NA,NA,5,NA,,NA,NA,NA,NA,0.069,W,Unknown +/-,NA,NA,0.014,0,40,None Specified,NA,NA,NA,5,17.5,None Specified,NA,NA,NA,5,7.84,W,None Specified,NA,NA,NA,5,"Stevenson 2023, Souza 2023, Ferraz 2013, Stevenson et al. 2002"
Enterolobium schomburgkii,,,,,,,NA,,NA,NA,NA,NA,NA,,NA,NA,NA,NA,NA,,NA,NA,NA,NA,0.08,W,None Specified,NA,NA,NA,5,76,None Specified,NA,NA,NA,1,NA,,NA,NA,NA,NA,NA,,,NA,NA,NA,NA,"Stevenson 2023, Souza 2023, Ferraz 2013, Stevenson et al. 2002"
Eperua falcata,"Dimorpha falcata, Panzera falcata, Soft wallaba",Fabaceae,N,Red/Brown,D,I,NA,,NA,NA,NA,NA,33,None Specified,NA,NA,NA,0,22,None Specified,NA,NA,NA,0,3.52,D,None Specified,NA,NA,NA,10,230.75,None Specified,NA,NA,NA,1,65.66,None Specified,NA,NA,NA,1,NA,,,NA,NA,NA,NA,"Norden 2009, Rivett 2016, https://fm-digital-assets.fieldmuseum.org/1231/583/V0354863F.jpg, Hammond 1995, Cowan 1975"
Eperua falcata,,,,,,,NA,,NA,NA,NA,NA,NA,,NA,NA,NA,NA,NA,,NA,NA,NA,NA,5.74,D,None Specified,NA,NA,NA,17,NA,,NA,NA,NA,NA,NA,,NA,NA,NA,NA,NA,,,NA,NA,NA,NA,"Norden 2009, Rivett 2016, https://fm-digital-assets.fieldmuseum.org/1231/583/V0354863F.jpg, Hammond 1995, Cowan 1975"
Eperua falcata,,,,,,,NA,,NA,NA,NA,NA,NA,,NA,NA,NA,NA,NA,,NA,NA,NA,NA,9.22,W,None Specified,NA,NA,NA,0,NA,Range,240,360,NA,0,NA,Range,65,95,NA,0,NA,,,NA,NA,NA,NA,"Norden 2009, Rivett 2016, https://fm-digital-assets.fieldmuseum.org/1231/583/V0354863F.jpg, Hammond 1995, Cowan 1975"
Eperua falcata,,,,,,,NA,,NA,NA,NA,NA,NA,,NA,NA,NA,NA,NA,,NA,NA,NA,NA,8.07,W,None Specified,NA,NA,NA,17,NA,,NA,NA,NA,NA,NA,,NA,NA,NA,NA,NA,,,NA,NA,NA,NA,"Norden 2009, Rivett 2016, https://fm-digital-assets.fieldmuseum.org/1231/583/V0354863F.jpg, Hammond 1995, Cowan 1975"
Epilobium angustifolium,"Chamaenerion angustifolium, Chamerion angustifolium, Pyrogennema angustifolium, Chamaenerium angustifolium",Onagraceae,Y,Red/Purple,D,D,25,None Specified,NA,NA,NA,10,1.254545455,SD,NA,NA,0.27727805,22,0.613636364,SD,NA,NA,0.152113537,22,5.50E-05,D,None Specified,NA,NA,NA,0,95.08333333,SD,NA,NA,96.01209125,6,2.616666667,SD,NA,NA,0.37103459,6,0.91,D,Range,0.49,1.33,NA,12,"Andel 1977, Michaud 1991, Kattge 2011, http://legacy.tropicos.org/Image/101595177, http://legacy.tropicos.org/Image/101595176"
Epilobium angustifolium,,,,,,,64,None Specified,NA,NA,NA,10,NA,,NA,NA,NA,NA,NA,,NA,NA,NA,NA,4.40E-05,D,None Specified,NA,NA,NA,0,NA,,NA,NA,NA,NA,NA,,NA,NA,NA,NA,0.75,D,Range,0.38,1.13,NA,12,"Andel 1977, Michaud 1991, Kattge 2011, http://legacy.tropicos.org/Image/101595177, http://legacy.tropicos.org/Image/101595176"
Epilobium angustifolium,,,,,,,75,None Specified,NA,NA,NA,10,NA,,NA,NA,NA,NA,NA,,NA,NA,NA,NA,0.00015,D,None Specified,NA,NA,NA,0,NA,,NA,NA,NA,NA,NA,,NA,NA,NA,NA,2.1,D,Range,1.05,3.15,NA,12,"Andel 1977, Michaud 1991, Kattge 2011, http://legacy.tropicos.org/Image/101595177, http://legacy.tropicos.org/Image/101595176"
Epilobium angustifolium,,,,,,,NA,,NA,NA,NA,NA,NA,,NA,NA,NA,NA,NA,,NA,NA,NA,NA,NA,,,NA,NA,NA,NA,NA,,NA,NA,NA,NA,NA,,NA,NA,NA,NA,1.02,D,Range,0.51,1.53,NA,12,"Andel 1977, Michaud 1991, Kattge 2011, http://legacy.tropicos.org/Image/101595177, http://legacy.tropicos.org/Image/101595176"
Epilobium angustifolium,,,,,,,NA,,NA,NA,NA,NA,NA,,NA,NA,NA,NA,NA,,NA,NA,NA,NA,NA,,,NA,NA,NA,NA,NA,,NA,NA,NA,NA,NA,,NA,NA,NA,NA,3.01,D,Range,2.03,3.99,NA,12,"Andel 1977, Michaud 1991, Kattge 2011, http://legacy.tropicos.org/Image/101595177, http://legacy.tropicos.org/Image/101595176"
Eriobotrya japonica,Rhaphiolepis bibas,Rosaceae,Y,Yellow/Orange,F,I,1.786666667,SD,NA,NA,0.771059877,60,11,None Specified,NA,NA,NA,0,NA,,NA,NA,NA,NA,1.008,W,SD,NA,NA,0.52,36,20,None Specified,NA,NA,NA,0,8.733333333,SD,NA,NA,1.32476413,9,26.65333333,W,SD,NA,NA,6.971982023,60,"Alves-Costa 2007, Galetti 2015, http://legacy.tropicos.org/Image/83232, Gentile 2016, Jiang 2016, Cuevas 2003"
Eriobotrya japonica,,,,,,,NA,Range,3,5,NA,0,NA,,NA,NA,NA,NA,NA,,NA,NA,NA,NA,NA,,,NA,NA,NA,NA,32.5,SE,NA,NA,1.2,17,27.1,SE,NA,NA,1.1,17,NA,NA,Range,30,150,NA,0,"Alves-Costa 2007, Galetti 2015, http://legacy.tropicos.org/Image/83232, Gentile 2016, Jiang 2016, Cuevas 2003"
Eriobotrya japonica,,,,,,,NA,,NA,NA,NA,NA,NA,,NA,NA,NA,NA,NA,,NA,NA,NA,NA,NA,,,NA,NA,NA,NA,39,SE,NA,NA,0.6,120,31.9,SE,NA,NA,0.4,120,NA,,,NA,NA,NA,NA,"Alves-Costa 2007, Galetti 2015, http://legacy.tropicos.org/Image/83232, Gentile 2016, Jiang 2016, Cuevas 2003"
Eriobotrya japonica,,,,,,,NA,,NA,NA,NA,NA,NA,,NA,NA,NA,NA,NA,,NA,NA,NA,NA,NA,,,NA,NA,NA,NA,41.3,SE,NA,NA,0.4,168,35.9,SE,NA,NA,0.3,168,NA,,,NA,NA,NA,NA,"Alves-Costa 2007, Galetti 2015, http://legacy.tropicos.org/Image/83232, Gentile 2016, Jiang 2016, Cuevas 2003"
Eriobotrya japonica,,,,,,,NA,,NA,NA,NA,NA,NA,,NA,NA,NA,NA,NA,,NA,NA,NA,NA,NA,,,NA,NA,NA,NA,42.5,SE,NA,NA,0.6,95,37.6,SE,NA,NA,0.4,95,NA,,,NA,NA,NA,NA,"Alves-Costa 2007, Galetti 2015, http://legacy.tropicos.org/Image/83232, Gentile 2016, Jiang 2016, Cuevas 2003"
Eriobotrya japonica,,,,,,,NA,,NA,NA,NA,NA,NA,,NA,NA,NA,NA,NA,,NA,NA,NA,NA,NA,,,NA,NA,NA,NA,41.5,SE,NA,NA,0.8,47,37.9,SE,NA,NA,0.7,47,NA,,,NA,NA,NA,NA,"Alves-Costa 2007, Galetti 2015, http://legacy.tropicos.org/Image/83232, Gentile 2016, Jiang 2016, Cuevas 2003"
Eriobotrya japonica,,,,,,,NA,,NA,NA,NA,NA,NA,,NA,NA,NA,NA,NA,,NA,NA,NA,NA,NA,,,NA,NA,NA,NA,42.5,SE,NA,NA,1.2,16,37.9,SE,NA,NA,1.4,16,NA,,,NA,NA,NA,NA,"Alves-Costa 2007, Galetti 2015, http://legacy.tropicos.org/Image/83232, Gentile 2016, Jiang 2016, Cuevas 2003"
Eriobotrya japonica,,,,,,,NA,,NA,NA,NA,NA,NA,,NA,NA,NA,NA,NA,,NA,NA,NA,NA,NA,,,NA,NA,NA,NA,42.6,SE,NA,NA,4.2,2,39.2,SE,NA,NA,0.8,2,NA,,,NA,NA,NA,NA,"Alves-Costa 2007, Galetti 2015, http://legacy.tropicos.org/Image/83232, Gentile 2016, Jiang 2016, Cuevas 2003"
Eriobotrya japonica,,,,,,,NA,,NA,NA,NA,NA,NA,,NA,NA,NA,NA,NA,,NA,NA,NA,NA,NA,,,NA,NA,NA,NA,42.29,None Specified,NA,NA,NA,1,41.54,None Specified,NA,NA,NA,1,NA,,,NA,NA,NA,NA,"Alves-Costa 2007, Galetti 2015, http://legacy.tropicos.org/Image/83232, Gentile 2016, Jiang 2016, Cuevas 2003"
Eriobotrya japonica,,,,,,,NA,,NA,NA,NA,NA,NA,,NA,NA,NA,NA,NA,,NA,NA,NA,NA,NA,,,NA,NA,NA,NA,45.79,None Specified,NA,NA,NA,1,38.71,None Specified,NA,NA,NA,1,NA,,,NA,NA,NA,NA,"Alves-Costa 2007, Galetti 2015, http://legacy.tropicos.org/Image/83232, Gentile 2016, Jiang 2016, Cuevas 2003"
Eriobotrya japonica,,,,,,,NA,,NA,NA,NA,NA,NA,,NA,NA,NA,NA,NA,,NA,NA,NA,NA,NA,,,NA,NA,NA,NA,33.86666667,SD,NA,NA,3.123368908,60,NA,,NA,NA,NA,NA,NA,,,NA,NA,NA,NA,"Alves-Costa 2007, Galetti 2015, http://legacy.tropicos.org/Image/83232, Gentile 2016, Jiang 2016, Cuevas 2003"
Eugenia cambucarana,,Myrtaceae,,Green,F,I,1,None Specified,NA,NA,NA,12.5,28,None Specified,NA,NA,NA,12.5,28,None Specified,NA,NA,NA,12.5,16,W,None Specified,NA,NA,NA,12,41,None Specified,NA,NA,NA,12.5,36,None Specified,NA,NA,NA,12.5,35,W,None Specified,NA,NA,NA,12.5,Galetti 2011
Eugenia cerasiflora,"Eugenia itacolumensis, Eugenia lucida, Luma lucidissima",Myrtaceae,N,Red,F,I,NA,,NA,NA,NA,NA,22.16666667,SD,NA,NA,4.196824196,3,17.16666667,SD,NA,NA,3.75410886,3,NA,,,NA,NA,NA,NA,NA,,NA,NA,NA,NA,NA,,NA,NA,NA,NA,NA,,,NA,NA,NA,NA,Teixeira 2011
Eugenia coffeifolia,"Epleienda sinemariensis, Myrtus sinemariensis",Myrtaceae,N,Black/Purple,F,I,NA,,NA,NA,NA,NA,NA,,NA,NA,NA,NA,NA,,NA,NA,NA,NA,NA,,,NA,NA,NA,NA,7.329,None Specified,NA,NA,NA,1,6.559,None Specified,NA,NA,NA,1,NA,,,NA,NA,NA,NA,https://fm-digital-assets.fieldmuseum.org/504/097/V0108343F.jpg
Eugenia coloradensis,,Myrtaceae,,,F,I,NA,,NA,NA,NA,NA,NA,,NA,NA,NA,NA,NA,,NA,NA,NA,NA,1.3,,None Specified,NA,NA,NA,0,NA,,NA,NA,NA,NA,NA,,NA,NA,NA,NA,NA,,,NA,NA,NA,NA,
Eugenia cribata,,Myrtaceae,N,Red,F,I,1,None Specified,NA,NA,NA,0,14.2,None Specified,NA,NA,NA,0,14.2,None Specified,NA,NA,NA,0,1.82,W,None Specified,NA,NA,NA,0,41.2,None Specified,NA,NA,NA,0,37.4,None Specified,NA,NA,NA,0,24.4,W,None Specified,NA,NA,NA,0,Yumoto et al. 1999
Eugenia florida,"Eugenia atropunctata, Eugenia coloradoensis, Eugenia gardneriana, Eugenia melanosticta, Eugenia membranacea, Eugenia moraviana, Eugenia oligoneura, Eugenia patula, Eugenia perorebi, Eugenia racemifera, Eugenia seriatoracemosa, Eugenia sylvatica, Eugenia tinge-lingua, Myrcia doloresensis",Myrtaceae,N,Black/Purple/Red,F,I,NA,Range,1,2,NA,0,6,None Specified,NA,NA,NA,0,5,None Specified,NA,NA,NA,0,NA,,,NA,NA,NA,NA,12.5,None Specified,NA,NA,NA,0,3.9,SD,NA,NA,0.989949494,2,NA,,,NA,NA,NA,NA,"Link 2004, Proenca 1991, https://collections-botany.fieldmuseum.org/catalogue/2390147"
Eugenia florida,,,,,,,NA,,NA,NA,NA,NA,NA,,NA,NA,NA,NA,NA,,NA,NA,NA,NA,NA,,,NA,NA,NA,NA,NA,,NA,NA,NA,NA,NA,,NA,NA,NA,NA,NA,,,NA,NA,NA,NA,"Link 2004, Proenca 1991, https://collections-botany.fieldmuseum.org/catalogue/2390147"
Eugenia multicostata,,Myrtaceae,,Green,F,I,1,None Specified,NA,NA,NA,12.5,25,None Specified,NA,NA,NA,12.5,24,None Specified,NA,NA,NA,12.5,4,W,None Specified,NA,NA,NA,12,30,None Specified,NA,NA,NA,12.5,27,None Specified,NA,NA,NA,12.5,10,W,None Specified,NA,NA,NA,12.5,"Galetti 2011, Galetti 2015"
Eugenia multicostata,,,,,,,1,None Specified,NA,NA,NA,12.5,25,None Specified,NA,NA,NA,12.5,24,None Specified,NA,NA,NA,12.5,2.163,W,SD,NA,NA,0.96,4,30,None Specified,NA,NA,NA,12.5,27,None Specified,NA,NA,NA,12.5,10,W,None Specified,NA,NA,NA,12.5,"Galetti 2011, Galetti 2015"
Eugenia neoverrucosa,,Myrtaceae,,Yellow,F,I,1,None Specified,NA,NA,NA,12.5,30,None Specified,NA,NA,NA,12.5,29,None Specified,NA,NA,NA,12.5,14,W,None Specified,NA,NA,NA,12,47,None Specified,NA,NA,NA,12.5,44,None Specified,NA,NA,NA,12.5,41,W,None Specified,NA,NA,NA,12.5,"Galetti 2011, Guimarães 2008"
Eugenia neoverrucosa,,,,,,,1,None Specified,NA,NA,NA,0,30.5,None Specified,NA,NA,NA,0,29.1,None Specified,NA,NA,NA,0,14,W,None Specified,NA,NA,NA,12,46.7,None Specified,NA,NA,NA,0,43.7,None Specified,NA,NA,NA,0,41,W,None Specified,NA,NA,NA,12.5,"Galetti 2011, Guimarães 2008"
Eugenia nesiotica,,Myrtaceae,N,Red,F,I,2.5,None Specified,NA,NA,NA,0,13.5,None Specified,NA,NA,NA,5,12,None Specified,NA,NA,NA,5,0.3775,D,None Specified,NA,NA,NA,5,30,None Specified,NA,NA,NA,5,NA,,NA,NA,NA,NA,1.27,D,None Specified,NA,NA,NA,6,"Stevenson 2023, Pinzón-Navarro 2010, Stevenson 2002, Stevenson et al. 2002"
Eugenia nesiotica,,,,,,,NA,Range,1,2,NA,0,NA,Range,12,15,NA,0,13.5,None Specified,NA,NA,NA,6,1.3825,W,None Specified,NA,NA,NA,5,NA,Range,23,26,NA,0,24.5,None Specified,NA,NA,NA,5,10.11,W,None Specified,NA,NA,NA,6,"Stevenson 2023, Pinzón-Navarro 2010, Stevenson 2002, Stevenson et al. 2002"
Eugenia nesiotica,,,,,,,1.25,None Specified,NA,NA,NA,6,NA,,NA,NA,NA,NA,NA,,NA,NA,NA,NA,NA,,,NA,NA,NA,NA,NA,,NA,NA,NA,NA,NA,,NA,NA,NA,NA,NA,,,NA,NA,NA,NA,"Stevenson 2023, Pinzón-Navarro 2010, Stevenson 2002, Stevenson et al. 2002"
Eugenia punicifolia,"Emurtia punicifolia, Eugenia vaga O.Berg, Eugenia vaga var punicifolia, Myrtus puncicifolia, Eugenia amubigua O.Berg, Eugenia arbutifolia O.Berg, Eugenia arbutifolia var obscura O.Berg, Eugenia arctostaphyloides  var ovalis O.Berg, Eugenia benthamii, Eugenia boliviensis, Eugenia calycopoides, Eugenia cairensis, Eugenia clinocarpa DC, Eugenia coarensis, Eugenia dasyantha, Eugenia decorticans, Eugenia diantha, Eugenia diantha, Eugenia dipoda, Eugenia diversiflora, Eugenia erythroxyloides, Eugenia flava, Eugenia fruitculosa, Eugenia gareosa, Eugenia insipida, Eugenia kochiana, Eugenia kunthiana, Eugenia linearifolia, Eugenia macroclada, Eugenia maximiliana, Eugenia mugiensis, Eugen iamyrtillifolia, Eugenia nhanica, Eugenia obtusifolia, Eugenia obtusifolia, Eugenia obversa, Eugenia oleifolis, Eugenia ovalifolia, Eugenia phillyraeoides, Eugenia platyclada, Eugenia polyphylla, Eugenia prominens, Eugenia psammophia, Eugenia psychotrioides, Eugenia pungens, Eugenia pyramidalis, Eugenia pyrroclada, Eugenia rhombocarpa, Eugenia romana, Eugenia rubrescens, Eugenia rufoflavescens, Eugenia sabulosa,  Eugenia sancta, Eugenia spathulata, Eugenia subalterna, Eugenia subcorymbosa, Eugenia suffuticosa, Eugenia surinamensis, Eugenia spathophylla, Eugenia triphylla, Eugenia vaga, Myrtus arbutifolia, Myrtus oleifolia, Psuedomycianthes kochiana, Psidum sylvestre",Myrtaceae,N,Red,F,I,1,None Specified,NA,NA,NA,0,6,None Specified,NA,NA,NA,0,6,None Specified,NA,NA,NA,0,0.2,W,None Specified,NA,NA,NA,0,7.8,None Specified,NA,NA,NA,0,6.7,None Specified,NA,NA,NA,0,0.25,NA,None Specified,NA,NA,NA,0,"Moura 2007, Foster 1985, Silva 2013"
Euterpe edulis,,Arecaceae,N,Black/Purple,D,I,1,None Specified,NA,NA,NA,12.5,12,None Specified,NA,NA,NA,12.5,11,None Specified,NA,NA,NA,12.5,1.3,W,None Specified,NA,NA,NA,12,14,None Specified,NA,NA,NA,12.5,14,None Specified,NA,NA,NA,12.5,1.7,W,None Specified,NA,NA,NA,12.5,"Galetti 2011, Galetti 2015, Kissling 2019, Pizo 2002"
Euterpe edulis,,,,,,,NA,,NA,NA,NA,NA,NA,,NA,NA,NA,NA,NA,,NA,NA,NA,NA,0.981,W,SD,NA,NA,0.54,488,12,None Specified,NA,NA,NA,0,NA,Range,10,14,NA,0,NA,,,NA,NA,NA,NA,"Galetti 2011, Galetti 2015, Kissling 2019, Pizo 2002"
Euterpe edulis,,,,,,,NA,,NA,NA,NA,NA,NA,,NA,NA,NA,NA,NA,,NA,NA,NA,NA,NA,,,NA,NA,NA,NA,12.2,None Specified,NA,NA,NA,10,NA,,NA,NA,NA,NA,NA,,,NA,NA,NA,NA,"Galetti 2011, Galetti 2015, Kissling 2019, Pizo 2002"
Euterpe oleracea,"Catis martiana, Euterpe badiocarpa, Euterpe beardii, Euterpe brasiliana, açai",Arecaceae,N,Purple,D,I,1,None Specified,NA,NA,NA,0,11.871,None Specified,NA,NA,NA,1,11.529,None Specified,NA,NA,NA,1,0.6115,D,SD,NA,NA,0.062,10,15.95116667,SD,NA,NA,1.026140238,13,14.53678571,SD,NA,NA,0.736085298,13,NA,,,NA,NA,NA,NA,"Pereira and Coutinho et al. 2021, Ferreira 2016, Martins 2022, Rodrigues 2006"
Euterpe precatoria,,Arecaceae,Y,Black/Purple,D,I,1,None Specified,NA,NA,NA,0,8,None Specified,NA,NA,NA,0,8,None Specified,NA,NA,NA,0,0.55,D,None Specified,NA,NA,NA,0,11,None Specified,NA,NA,NA,0,NA,Range,9,13,NA,0,0.9,NA,None Specified,NA,NA,NA,0,"Stevenson 2023, Trujillo 2021, Kissling 2019, Wallace 2005, Link 2004"
Euterpe precatoria,,,,,,,NA,,NA,NA,NA,NA,NA,,NA,NA,NA,NA,NA,,NA,NA,NA,NA,NA,,,NA,NA,NA,NA,11.5,None Specified,NA,NA,NA,0,NA,,NA,NA,NA,NA,0.85,D,None Specified,NA,NA,NA,0,"Stevenson 2023, Trujillo 2021, Kissling 2019, Wallace 2005, Link 2004"
Euterpe precatoria,,,,,,,NA,,NA,NA,NA,NA,NA,,NA,NA,NA,NA,NA,,NA,NA,NA,NA,NA,,,NA,NA,NA,NA,12,None Specified,NA,NA,NA,0,NA,,NA,NA,NA,NA,NA,,,NA,NA,NA,NA,"Stevenson 2023, Trujillo 2021, Kissling 2019, Wallace 2005, Link 2004"
Euterpe precatoria,,,,,,,NA,,NA,NA,NA,NA,NA,,NA,NA,NA,NA,NA,,NA,NA,NA,NA,NA,,,NA,NA,NA,NA,13,None Specified,NA,NA,NA,0,NA,,NA,NA,NA,NA,NA,,,NA,NA,NA,NA,"Stevenson 2023, Trujillo 2021, Kissling 2019, Wallace 2005, Link 2004"
Ficus amazonica,"Urostigma amazonicum, Ficus angustifolia, Ficus surinamensis, Urostigma angustifolium",Moraceae,N,Green,F,I,NA,,NA,NA,NA,NA,1.2,None Specified,NA,NA,NA,10,NA,,NA,NA,NA,NA,NA,,,NA,NA,NA,NA,NA,Range,4,11,NA,0,NA,Range,4,10,NA,0,NA,,,NA,NA,NA,NA,"Costa 2023, Santos 2010"
Ficus americana,Ficus guianensis,Moraceae,N,Red,F,I,204.4,None Specified,NA,NA,NA,7.5,0.9,None Specified,NA,NA,NA,0,1,None Specified,NA,NA,NA,6,0.00016667,D,None Specified,NA,NA,NA,0,20.49,None Specified,NA,NA,NA,7.5,16.83,None Specified,NA,NA,NA,7.5,0.05,D,None Specified,NA,NA,NA,6,"Stevenson 2023, Wallace 2005, Link 2004, Stevenson 2002, García 2020, Stevenson et al. 2002, Londoño 2007, Cardona 2013"
Ficus americana,,,,,,,60,None Specified,NA,NA,NA,6,NA,,NA,NA,NA,NA,NA,,NA,NA,NA,NA,NA,,,NA,NA,NA,NA,NA,Range,5,13,NA,0,NA,,NA,NA,NA,NA,0.25,NA,None Specified,NA,NA,NA,0,"Stevenson 2023, Wallace 2005, Link 2004, Stevenson 2002, García 2020, Stevenson et al. 2002, Londoño 2007, Cardona 2013"
Ficus americana,,,,,,,70,None Specified,NA,NA,NA,6,NA,,NA,NA,NA,NA,0.875,None Specified,NA,NA,NA,6,NA,,,NA,NA,NA,NA,9,None Specified,NA,NA,NA,0,NA,Range,7,9.1,NA,0,4.97,W,None Specified,NA,NA,NA,7.5,"Stevenson 2023, Wallace 2005, Link 2004, Stevenson 2002, García 2020, Stevenson et al. 2002, Londoño 2007, Cardona 2013"
Ficus americana,,,,,,,103,None Specified,NA,NA,NA,6,NA,,NA,NA,NA,NA,1,None Specified,NA,NA,NA,6,NA,,,NA,NA,NA,NA,6,None Specified,NA,NA,NA,0,6.5,None Specified,NA,NA,NA,0,0.17,D,None Specified,NA,NA,NA,6,"Stevenson 2023, Wallace 2005, Link 2004, Stevenson 2002, García 2020, Stevenson et al. 2002, Londoño 2007, Cardona 2013"
Ficus americana,,,,,,,NA,,NA,NA,NA,NA,NA,,NA,NA,NA,NA,NA,,NA,NA,NA,NA,NA,,,NA,NA,NA,NA,NA,Range,16,18,NA,0,NA,,NA,NA,NA,NA,1.4,NA,None Specified,NA,NA,NA,0,"Stevenson 2023, Wallace 2005, Link 2004, Stevenson 2002, García 2020, Stevenson et al. 2002, Londoño 2007, Cardona 2013"
Ficus americana,,,,,,,NA,,NA,NA,NA,NA,NA,,NA,NA,NA,NA,NA,,NA,NA,NA,NA,NA,,,NA,NA,NA,NA,8,None Specified,NA,NA,NA,0,NA,,NA,NA,NA,NA,0.16,D,None Specified,NA,NA,NA,0,"Stevenson 2023, Wallace 2005, Link 2004, Stevenson 2002, García 2020, Stevenson et al. 2002, Londoño 2007, Cardona 2013"
Ficus americana,,,,,,,NA,,NA,NA,NA,NA,NA,,NA,NA,NA,NA,NA,,NA,NA,NA,NA,NA,,,NA,NA,NA,NA,NA,Range,9,20.5,NA,0,NA,,NA,NA,NA,NA,0.2,W,None Specified,NA,NA,NA,6,"Stevenson 2023, Wallace 2005, Link 2004, Stevenson 2002, García 2020, Stevenson et al. 2002, Londoño 2007, Cardona 2013"
Ficus americana,,,,,,,NA,,NA,NA,NA,NA,NA,,NA,NA,NA,NA,NA,,NA,NA,NA,NA,NA,,,NA,NA,NA,NA,NA,,NA,NA,NA,NA,NA,,NA,NA,NA,NA,0.6,W,None Specified,NA,NA,NA,6,"Stevenson 2023, Wallace 2005, Link 2004, Stevenson 2002, García 2020, Stevenson et al. 2002, Londoño 2007, Cardona 2013"
Ficus americana,,,,,,,NA,,NA,NA,NA,NA,NA,,NA,NA,NA,NA,NA,,NA,NA,NA,NA,NA,,,NA,NA,NA,NA,NA,,NA,NA,NA,NA,NA,,NA,NA,NA,NA,0.055,D,None Specified,NA,NA,NA,0,"Stevenson 2023, Wallace 2005, Link 2004, Stevenson 2002, García 2020, Stevenson et al. 2002, Londoño 2007, Cardona 2013"
Ficus andicola,Ficus guianensis,Moraceae,N,Red,F,I,204.4,None Specified,NA,NA,NA,7.5,0.9,None Specified,NA,NA,NA,0,1,None Specified,NA,NA,NA,6,0.00016667,D,None Specified,NA,NA,NA,0,20.49,None Specified,NA,NA,NA,7.5,16.83,None Specified,NA,NA,NA,7.5,0.05,D,None Specified,NA,NA,NA,6,"Stevenson 2023, Wallace 2005, Link 2004, Stevenson 2002, García 2020, Stevenson et al. 2002, Londoño 2007, Cardona 2013"
Ficus andicola,,,,,,,60,None Specified,NA,NA,NA,6,NA,,NA,NA,NA,NA,NA,,NA,NA,NA,NA,NA,,,NA,NA,NA,NA,NA,Range,5,13,NA,0,NA,,NA,NA,NA,NA,0.25,NA,None Specified,NA,NA,NA,0,"Stevenson 2023, Wallace 2005, Link 2004, Stevenson 2002, García 2020, Stevenson et al. 2002, Londoño 2007, Cardona 2013"
Ficus andicola,,,,,,,70,None Specified,NA,NA,NA,6,NA,,NA,NA,NA,NA,0.875,None Specified,NA,NA,NA,6,NA,,,NA,NA,NA,NA,9,None Specified,NA,NA,NA,0,NA,Range,7,9.1,NA,0,4.97,W,None Specified,NA,NA,NA,7.5,"Stevenson 2023, Wallace 2005, Link 2004, Stevenson 2002, García 2020, Stevenson et al. 2002, Londoño 2007, Cardona 2013"
Ficus andicola,,,,,,,103,None Specified,NA,NA,NA,6,NA,,NA,NA,NA,NA,1,None Specified,NA,NA,NA,6,NA,,,NA,NA,NA,NA,6,None Specified,NA,NA,NA,0,6.5,None Specified,NA,NA,NA,0,0.17,D,None Specified,NA,NA,NA,6,"Stevenson 2023, Wallace 2005, Link 2004, Stevenson 2002, García 2020, Stevenson et al. 2002, Londoño 2007, Cardona 2013"
Ficus andicola,,,,,,,NA,,NA,NA,NA,NA,NA,,NA,NA,NA,NA,NA,,NA,NA,NA,NA,NA,,,NA,NA,NA,NA,NA,Range,16,18,NA,0,NA,,NA,NA,NA,NA,1.4,NA,None Specified,NA,NA,NA,0,"Stevenson 2023, Wallace 2005, Link 2004, Stevenson 2002, García 2020, Stevenson et al. 2002, Londoño 2007, Cardona 2013"
Ficus andicola,,,,,,,NA,,NA,NA,NA,NA,NA,,NA,NA,NA,NA,NA,,NA,NA,NA,NA,NA,,,NA,NA,NA,NA,8,None Specified,NA,NA,NA,0,NA,,NA,NA,NA,NA,0.16,D,None Specified,NA,NA,NA,0,"Stevenson 2023, Wallace 2005, Link 2004, Stevenson 2002, García 2020, Stevenson et al. 2002, Londoño 2007, Cardona 2013"
Ficus andicola,,,,,,,NA,,NA,NA,NA,NA,NA,,NA,NA,NA,NA,NA,,NA,NA,NA,NA,NA,,,NA,NA,NA,NA,NA,Range,9,20.5,NA,0,NA,,NA,NA,NA,NA,0.2,W,None Specified,NA,NA,NA,6,"Stevenson 2023, Wallace 2005, Link 2004, Stevenson 2002, García 2020, Stevenson et al. 2002, Londoño 2007, Cardona 2013"
Ficus andicola,,,,,,,NA,,NA,NA,NA,NA,NA,,NA,NA,NA,NA,NA,,NA,NA,NA,NA,NA,,,NA,NA,NA,NA,NA,,NA,NA,NA,NA,NA,,NA,NA,NA,NA,0.6,W,None Specified,NA,NA,NA,6,"Stevenson 2023, Wallace 2005, Link 2004, Stevenson 2002, García 2020, Stevenson et al. 2002, Londoño 2007, Cardona 2013"
Ficus andicola,,,,,,,NA,,NA,NA,NA,NA,NA,,NA,NA,NA,NA,NA,,NA,NA,NA,NA,NA,,,NA,NA,NA,NA,NA,,NA,NA,NA,NA,NA,,NA,NA,NA,NA,0.055,D,None Specified,NA,NA,NA,0,"Stevenson 2023, Wallace 2005, Link 2004, Stevenson 2002, García 2020, Stevenson et al. 2002, Londoño 2007, Cardona 2013"
Ficus benjamina,Urostigma benjaminum,Moraceae,Y,Red,F,I,NA,,NA,NA,NA,NA,0.62631579,SD,NA,NA,0.144691646,19,0.410526316,SD,NA,NA,0.099413485,19,0.025,D,None Specified,NA,NA,NA,0,15.7,SD,NA,NA,1.979898987,2,14.55,SD,NA,NA,0.494974747,2,NA,,,NA,NA,NA,NA,"https://ser-sid.org/species/fb7ac859-747c-4bdd-8682-b83de7f401a4, https://www.delta-intkey.com/famfs/www/morace.htm"
Ficus benjamina,,,,,,,NA,,NA,NA,NA,NA,NA,,NA,NA,NA,NA,NA,,NA,NA,NA,NA,0.000556,NA,None Specified,NA,NA,NA,0,NA,,NA,NA,NA,NA,NA,,NA,NA,NA,NA,NA,,,NA,NA,NA,NA,"https://ser-sid.org/species/fb7ac859-747c-4bdd-8682-b83de7f401a4, https://www.delta-intkey.com/famfs/www/morace.htm"
Ficus boyacensis,"Ficus crassiuscula, Ficus crassa",Moraceae,N,Red,F,I,NA,,NA,NA,NA,NA,1.6595,SD,NA,NA,0.227584,6,1.084,SD,NA,NA,0.6241,4,NA,,,NA,NA,NA,NA,38.045,SD,NA,NA,4.416,2,28.7845,SD,NA,NA,0.195868578,2,NA,,,NA,NA,NA,NA,https://collections-botany.fieldmuseum.org/catalogue/300773
Ficus broadwayi,"Ficus mendelsonii, Ficus savannarum",Moraceae,N,Green,F,I,NA,,NA,NA,NA,NA,NA,,NA,NA,NA,NA,NA,,NA,NA,NA,NA,NA,,,NA,NA,NA,NA,25,None Specified,NA,NA,NA,0,20,None Specified,NA,NA,NA,0,NA,,,NA,NA,NA,NA,Atramentowicz 1988
Ficus calyptroceras,"Urostigma calyptroceras, Ficus elliotiana, Ficus rojasii ",Moraceae,N,Red,F,I,545,SD,NA,NA,117,30,NA,,NA,NA,NA,NA,NA,,NA,NA,NA,NA,NA,,,NA,NA,NA,NA,14.4,SD,NA,NA,1.2,30,13.5,SD,NA,NA,1,30,NA,,,NA,NA,NA,NA,Ragusa-Netto 2002
Ficus clusiifolia,"Urostigma clusiifolium, Ficus grisea, Ficus inclusa, Urostigma griseum ",Moraceae,Y,Red,F,I,NA,,NA,NA,NA,NA,1.2,None Specified,NA,NA,NA,0,0.7,None Specified,NA,NA,NA,0,NA,,,NA,NA,NA,NA,6,None Specified,NA,NA,NA,0,5,None Specified,NA,NA,NA,0,NA,,,NA,NA,NA,NA,Bello 2017
Ficus cundinamarcensis,,Moraceae,N,NA,F,I,NA,,NA,NA,NA,NA,NA,,NA,NA,NA,NA,NA,,NA,NA,NA,NA,NA,,,NA,NA,NA,NA,NA,,NA,NA,NA,NA,NA,,NA,NA,NA,NA,NA,,,NA,NA,NA,NA,
Ficus dendrocida,"Ficus arboricida, Ficus dendroctona, Ficus elliptica, Pharmacosycea dendroctona, Urostigma ellipticum",Moraceae,N,Red,F,I,NA,,NA,NA,NA,NA,NA,,NA,NA,NA,NA,NA,,NA,NA,NA,NA,NA,,,NA,NA,NA,NA,5.465,SD,NA,NA,0.357770876,6,4.854,SD,NA,NA,0.612810901,6,NA,,,NA,NA,NA,NA,https://collections-botany.fieldmuseum.org/catalogue/300788
Ficus enormis,"Urostigma enorme, Ficus mexiae, Urostigma clusiifolium",Moraceae,N,Green,F,I,NA,,NA,NA,NA,NA,1.3,None Specified,NA,NA,NA,0,NA,,NA,NA,NA,NA,NA,,,NA,NA,NA,NA,14,None Specified,NA,NA,NA,12.5,14,None Specified,NA,NA,NA,12.5,1.3,W,None Specified,NA,NA,NA,12.5,"Galetti 2011, Figueiredo 1997, Figueiredo 1993, Alves-Costa 2007, Pizo 2002"
Ficus enormis,,,,,,,NA,,NA,NA,NA,NA,NA,,NA,NA,NA,NA,NA,,NA,NA,NA,NA,NA,,,NA,NA,NA,NA,13.3,SD,NA,NA,0.8,50,12.8,SD,NA,NA,0.5,50,NA,,,NA,NA,NA,NA,"Galetti 2011, Figueiredo 1997, Figueiredo 1993, Alves-Costa 2007, Pizo 2002"
Ficus enormis,,,,,,,NA,,NA,NA,NA,NA,NA,,NA,NA,NA,NA,NA,,NA,NA,NA,NA,NA,,,NA,NA,NA,NA,17.4,SD,NA,NA,2.6,50,14.6,SD,NA,NA,1.4,50,NA,,,NA,NA,NA,NA,"Galetti 2011, Figueiredo 1997, Figueiredo 1993, Alves-Costa 2007, Pizo 2002"
Ficus enormis,,,,,,,NA,,NA,NA,NA,NA,NA,,NA,NA,NA,NA,NA,,NA,NA,NA,NA,NA,,,NA,NA,NA,NA,12.82,Unknown +/-,NA,NA,1.19,30,12.7,Unknown +/-,NA,NA,1.02,30,NA,,,NA,NA,NA,NA,"Galetti 2011, Figueiredo 1997, Figueiredo 1993, Alves-Costa 2007, Pizo 2002"
Ficus enormis,,,,,,,NA,,NA,NA,NA,NA,NA,,NA,NA,NA,NA,NA,,NA,NA,NA,NA,NA,,,NA,NA,NA,NA,13,None Specified,NA,NA,NA,0,NA,,NA,NA,NA,NA,NA,,,NA,NA,NA,NA,"Galetti 2011, Figueiredo 1997, Figueiredo 1993, Alves-Costa 2007, Pizo 2002"
Ficus enormis,,,,,,,NA,,NA,NA,NA,NA,NA,,NA,NA,NA,NA,NA,,NA,NA,NA,NA,NA,,,NA,NA,NA,NA,14,None Specified,NA,NA,NA,10,NA,,NA,NA,NA,NA,NA,,,NA,NA,NA,NA,"Galetti 2011, Figueiredo 1997, Figueiredo 1993, Alves-Costa 2007, Pizo 2002"
Ficus gomelleira,"Ficus gomeleira, Urostigma gomelleira, Ficus acarouaniensis, Ficus doliaria, Ficus fulvistipula, Ficus schultesii, Urostigma doliarium ",Moraceae,N,Green,F,I,100,None Specified,NA,NA,NA,5,1.05,None Specified,NA,NA,NA,5,2,None Specified,NA,NA,NA,0,5.00E-04,D,None Specified,NA,NA,NA,5,25,None Specified,NA,NA,NA,5,25,None Specified,NA,NA,NA,5,1.06,D,None Specified,NA,NA,NA,5,"Stevenson 2023, Galetti 2011, Moura 2007"
Ficus gomelleira,,,,,,,NA,,NA,NA,NA,NA,NA,,NA,NA,NA,NA,1.05,None Specified,NA,NA,NA,5,NA,,,NA,NA,NA,NA,19,None Specified,NA,NA,NA,12.5,17,None Specified,NA,NA,NA,12.5,2.8,W,None Specified,NA,NA,NA,12.5,"Stevenson 2023, Galetti 2011, Moura 2007"
Ficus gomelleira,,,,,,,NA,,NA,NA,NA,NA,NA,,NA,NA,NA,NA,NA,,NA,NA,NA,NA,NA,,,NA,NA,NA,NA,NA,,NA,NA,NA,NA,NA,,NA,NA,NA,NA,3.92,W,None Specified,NA,NA,NA,5,"Stevenson 2023, Galetti 2011, Moura 2007"
Ficus guianensis,Ficus americana,Moraceae,N,Red,F,I,204.4,None Specified,NA,NA,NA,7.5,0.9,None Specified,NA,NA,NA,5,1,None Specified,NA,NA,NA,6,0.00016667,D,None Specified,NA,NA,NA,5,20.49,None Specified,NA,NA,NA,7.5,16.83,None Specified,NA,NA,NA,7.5,0.05,D,None Specified,NA,NA,NA,6,"Stevenson 2023, Wallace 2005, Link 2004, Stevenson 2002, García 2020, Stevenson et al. 2002, Londoño 2007, Cardona 2013"
Ficus guianensis,,,,,,,60,None Specified,NA,NA,NA,6,NA,,NA,NA,NA,NA,NA,,NA,NA,NA,NA,NA,,,NA,NA,NA,NA,NA,Range,5,13,NA,0,NA,,NA,NA,NA,NA,0.25,NA,None Specified,NA,NA,NA,0,"Stevenson 2023, Wallace 2005, Link 2004, Stevenson 2002, García 2020, Stevenson et al. 2002, Londoño 2007, Cardona 2013"
Ficus guianensis,,,,,,,70,None Specified,NA,NA,NA,6,NA,,NA,NA,NA,NA,0.875,None Specified,NA,NA,NA,6,NA,,,NA,NA,NA,NA,9,None Specified,NA,NA,NA,0,NA,Range,7,9.1,NA,0,4.97,W,None Specified,NA,NA,NA,7.5,"Stevenson 2023, Wallace 2005, Link 2004, Stevenson 2002, García 2020, Stevenson et al. 2002, Londoño 2007, Cardona 2013"
Ficus guianensis,,,,,,,103,None Specified,NA,NA,NA,6,NA,,NA,NA,NA,NA,1,None Specified,NA,NA,NA,6,NA,,,NA,NA,NA,NA,6,None Specified,NA,NA,NA,0,6.5,None Specified,NA,NA,NA,5,0.17,D,None Specified,NA,NA,NA,6,"Stevenson 2023, Wallace 2005, Link 2004, Stevenson 2002, García 2020, Stevenson et al. 2002, Londoño 2007, Cardona 2013"
Ficus guianensis,,,,,,,NA,,NA,NA,NA,NA,NA,,NA,NA,NA,NA,NA,,NA,NA,NA,NA,NA,,,NA,NA,NA,NA,NA,Range,16,18,NA,0,NA,,NA,NA,NA,NA,1.4,NA,None Specified,NA,NA,NA,0,"Stevenson 2023, Wallace 2005, Link 2004, Stevenson 2002, García 2020, Stevenson et al. 2002, Londoño 2007, Cardona 2013"
Ficus guianensis,,,,,,,NA,,NA,NA,NA,NA,NA,,NA,NA,NA,NA,NA,,NA,NA,NA,NA,NA,,,NA,NA,NA,NA,8,None Specified,NA,NA,NA,5,NA,,NA,NA,NA,NA,0.16,D,None Specified,NA,NA,NA,0,"Stevenson 2023, Wallace 2005, Link 2004, Stevenson 2002, García 2020, Stevenson et al. 2002, Londoño 2007, Cardona 2013"
Ficus guianensis,,,,,,,NA,,NA,NA,NA,NA,NA,,NA,NA,NA,NA,NA,,NA,NA,NA,NA,NA,,,NA,NA,NA,NA,NA,Range,9,20.5,NA,0,NA,,NA,NA,NA,NA,0.2,W,None Specified,NA,NA,NA,6,"Stevenson 2023, Wallace 2005, Link 2004, Stevenson 2002, García 2020, Stevenson et al. 2002, Londoño 2007, Cardona 2013"
Ficus guianensis,,,,,,,NA,,NA,NA,NA,NA,NA,,NA,NA,NA,NA,NA,,NA,NA,NA,NA,NA,,,NA,NA,NA,NA,NA,,NA,NA,NA,NA,NA,,NA,NA,NA,NA,0.6,W,None Specified,NA,NA,NA,6,"Stevenson 2023, Wallace 2005, Link 2004, Stevenson 2002, García 2020, Stevenson et al. 2002, Londoño 2007, Cardona 2013"
Ficus guianensis,,,,,,,NA,,NA,NA,NA,NA,NA,,NA,NA,NA,NA,NA,,NA,NA,NA,NA,NA,,,NA,NA,NA,NA,NA,,NA,NA,NA,NA,NA,,NA,NA,NA,NA,0.055,D,None Specified,NA,NA,NA,5,"Stevenson 2023, Wallace 2005, Link 2004, Stevenson 2002, García 2020, Stevenson et al. 2002, Londoño 2007, Cardona 2013"
Ficus insipida,,Moraceae,N,Green,F,I,NA,Range,100,300,NA,0,2,None Specified,NA,NA,NA,0,1.4,None Specified,NA,NA,NA,5,0.002,W,None Specified,NA,NA,NA,25,24,None Specified,NA,NA,NA,0,34,None Specified,NA,NA,NA,12.5,1.85,D,None Specified,NA,NA,NA,5,"Stevenson 2023, Donatti 2007, Link 2004, Galetti 2011, Bonaccorso 1975, Bianconi 2006, Lopez 2004, Morrison 1980, Ibarra-Manríquez 1992, Dalling 2002, Dalling 1998, Alves-Costa 2007"
Ficus insipida,,,,,,,NA,Range,50,150,NA,25,1.4,None Specified,NA,NA,NA,5,NA,,NA,NA,NA,NA,5.00E-04,D,None Specified,NA,NA,NA,5,30,None Specified,NA,NA,NA,5,23,None Specified,NA,NA,NA,0,9.1,W,SD,7.1,11.4,1.5,10,"Stevenson 2023, Donatti 2007, Link 2004, Galetti 2011, Bonaccorso 1975, Bianconi 2006, Lopez 2004, Morrison 1980, Ibarra-Manríquez 1992, Dalling 2002, Dalling 1998, Alves-Costa 2007"
Ficus insipida,,,,,,,200,None Specified,NA,NA,NA,5,2.1,None Specified,NA,NA,NA,0,NA,,NA,NA,NA,NA,0.0016,D,None Specified,NA,NA,NA,0,31.5,None Specified,NA,NA,NA,0,18.9,Unknown +/-,NA,NA,2.1,30,2.3,W,Unknown +/-,NA,NA,0.4,30,"Stevenson 2023, Donatti 2007, Link 2004, Galetti 2011, Bonaccorso 1975, Bianconi 2006, Lopez 2004, Morrison 1980, Ibarra-Manríquez 1992, Dalling 2002, Dalling 1998, Alves-Costa 2007"
Ficus insipida,,,,,,,NA,,NA,NA,NA,NA,NA,,NA,NA,NA,NA,NA,,NA,NA,NA,NA,5.00E-04,W,None Specified,NA,NA,NA,5,21.3,Unknown +/-,NA,NA,1.4,30,30,None Specified,NA,NA,NA,5,9,W,None Specified,NA,NA,NA,0,"Stevenson 2023, Donatti 2007, Link 2004, Galetti 2011, Bonaccorso 1975, Bianconi 2006, Lopez 2004, Morrison 1980, Ibarra-Manríquez 1992, Dalling 2002, Dalling 1998, Alves-Costa 2007"
Ficus insipida,,,,,,,NA,,NA,NA,NA,NA,NA,,NA,NA,NA,NA,NA,,NA,NA,NA,NA,0.000175,D,None Specified,NA,NA,NA,0,35,None Specified,NA,NA,NA,12.5,NA,,NA,NA,NA,NA,19,W,None Specified,NA,NA,NA,12.5,"Stevenson 2023, Donatti 2007, Link 2004, Galetti 2011, Bonaccorso 1975, Bianconi 2006, Lopez 2004, Morrison 1980, Ibarra-Manríquez 1992, Dalling 2002, Dalling 1998, Alves-Costa 2007"
Ficus insipida,,,,,,,NA,,NA,NA,NA,NA,NA,,NA,NA,NA,NA,NA,,NA,NA,NA,NA,NA,,,NA,NA,NA,NA,NA,,NA,NA,NA,NA,NA,,NA,NA,NA,NA,23.5,W,None Specified,NA,NA,NA,0,"Stevenson 2023, Donatti 2007, Link 2004, Galetti 2011, Bonaccorso 1975, Bianconi 2006, Lopez 2004, Morrison 1980, Ibarra-Manríquez 1992, Dalling 2002, Dalling 1998, Alves-Costa 2007"
Ficus insipida,,,,,,,NA,,NA,NA,NA,NA,NA,,NA,NA,NA,NA,NA,,NA,NA,NA,NA,NA,,,NA,NA,NA,NA,NA,,NA,NA,NA,NA,NA,,NA,NA,NA,NA,11.85,W,None Specified,NA,NA,NA,5,"Stevenson 2023, Donatti 2007, Link 2004, Galetti 2011, Bonaccorso 1975, Bianconi 2006, Lopez 2004, Morrison 1980, Ibarra-Manríquez 1992, Dalling 2002, Dalling 1998, Alves-Costa 2007"
Ficus krukovii,,Moraceae,N,Green,F,I,NA,,NA,NA,NA,NA,NA,,NA,NA,NA,NA,NA,,NA,NA,NA,NA,NA,,,NA,NA,NA,NA,NA,,NA,NA,NA,NA,NA,,NA,NA,NA,NA,NA,,,NA,NA,NA,NA,
Ficus lehmannii,,Moraceae,N,NA,F,I,NA,,NA,NA,NA,NA,NA,,NA,NA,NA,NA,NA,,NA,NA,NA,NA,0.000998264,W,None Specified,NA,NA,NA,1,5.71225,SD,NA,NA,0.573859666,4,5.263,SD,NA,NA,0.441264093,4,NA,,,NA,NA,NA,NA,"Ramírez et al. 2013, https://collections-botany.fieldmuseum.org/catalogue/350124"
Ficus matiziana,Ficus loretoyacuensis,Moraceae,N,NA,F,I,NA,,NA,NA,NA,NA,NA,,NA,NA,NA,NA,NA,,NA,NA,NA,NA,NA,,,NA,NA,NA,NA,12.827,SD,NA,NA,0.243181003,3,11.634,SD,NA,NA,0.9275942,3,NA,,,NA,NA,NA,NA,https://collections-botany.fieldmuseum.org/catalogue/2903179
Ficus membranacea,"Ficus harrisii, Ficus jonesii, Ficus meizonochlamys",Moraceae,N,Green,F,I,NA,,NA,NA,NA,NA,NA,,NA,NA,NA,NA,NA,,NA,NA,NA,NA,NA,,,NA,NA,NA,NA,22.5,None Specified,NA,NA,NA,0,11.9855,SD,NA,NA,1.1278,2,NA,,,NA,NA,NA,NA,Link 2004
Ficus membranacea,,,,,,,NA,,NA,NA,NA,NA,NA,,NA,NA,NA,NA,NA,,NA,NA,NA,NA,NA,,,NA,NA,NA,NA,12.994,SD,NA,NA,0.10465,2,11.9855,SD,NA,NA,1.1278,2,NA,,,NA,NA,NA,NA,"Link 2004, https://collections-botany.fieldmuseum.org/catalogue/300959"
Ficus mutisii,Ficus quijosana ,Moraceae,N,Yellow,F,I,NA,,NA,NA,NA,NA,NA,,NA,NA,NA,NA,NA,,NA,NA,NA,NA,NA,,,NA,NA,NA,NA,9.20875,SD,NA,NA,0.888340467,8,8.81725,SD,NA,NA,1.0515853,8,NA,,,NA,NA,NA,NA,https://collections-botany.fieldmuseum.org/catalogue/3377126
Ficus nymphaeifolia,"Urostigma nymphifolium, Ficus anguina, Ficus duquei, Ficus ierensis, Ficus involuta, Ficus nymphoides, Ficus urbaniana",Moraceae,N,Green,F,I,350,None Specified,NA,NA,NA,6,1,None Specified,NA,NA,NA,5,1,None Specified,NA,NA,NA,6,0.00033086,D,None Specified,NA,NA,NA,5,30,None Specified,NA,NA,NA,5,23,None Specified,NA,NA,NA,5,0.9264,D,None Specified,NA,NA,NA,6,"Stevenson 2023, Stevenson 2002, Stevenson et al. 2002"
Ficus nymphaeifolia,,,,,,,NA,,NA,NA,NA,NA,NA,,NA,NA,NA,NA,NA,,NA,NA,NA,NA,0.00099257,W,None Specified,NA,NA,NA,5,NA,Range,18,28,NA,0,NA,,NA,NA,NA,NA,3.3582,W,None Specified,NA,NA,NA,6,"Stevenson 2023, Stevenson 2002, Stevenson et al. 2002"
Ficus obtusifolia,,Moraceae,N,Green,F,I,520,None Specified,NA,NA,NA,6,1,None Specified,NA,NA,NA,5,0.9,None Specified,NA,NA,NA,6,0.000579,D,None Specified,NA,NA,NA,5,17,None Specified,NA,NA,NA,0,24,None Specified,NA,NA,NA,5,1.92,D,None Specified,NA,NA,NA,6,"Stevenson 2023, Alves-Costa 2007, Janzen 1979, Heer 2015, Daws 2005, Link 2004, Stevenson 2002"
Ficus obtusifolia,,,,,,,NA,Range,291,486,NA,13,NA,,NA,NA,NA,NA,NA,,NA,NA,NA,NA,0.001158,W,None Specified,NA,NA,NA,5,NA,,NA,NA,NA,NA,NA,,NA,NA,NA,NA,5.814,W,None Specified,NA,NA,NA,6,"Stevenson 2023, Alves-Costa 2007, Janzen 1979, Heer 2015, Daws 2005, Link 2004, Stevenson 2002"
Ficus obtusifolia,,,,,,,937,SD,NA,NA,113,20,NA,,NA,NA,NA,NA,NA,,NA,NA,NA,NA,0.001,D,None Specified,NA,NA,NA,10,24,None Specified,NA,NA,NA,5,NA,,NA,NA,NA,NA,9.5,NA,Unknown +/-,NA,NA,1.4,0,"Stevenson 2023, Alves-Costa 2007, Janzen 1979, Heer 2015, Daws 2005, Link 2004, Stevenson 2002"
Ficus obtusifolia,,,,,,,NA,,NA,NA,NA,NA,NA,,NA,NA,NA,NA,NA,,NA,NA,NA,NA,0.00024,D,SD,NA,NA,6.00E-05,5,NA,,NA,NA,NA,NA,NA,,NA,NA,NA,NA,NA,,,NA,NA,NA,NA,"Stevenson 2023, Alves-Costa 2007, Janzen 1979, Heer 2015, Daws 2005, Link 2004, Stevenson 2002"
Ficus pertusa,"Urostigma pertusum, Ficus arbutifolia, Ficus arpazusa, Ficus baccata, Ficus cerasifolia, Ficus ciliolosa, Ficus complicata, Ficus daphniphylla, Ficus elliptica, Ficus erythrosticta, Ficus fasciculata, Ficus garcesii, Ficus gardeniifolia, Ficus gemina, Ficus grabhamii, Ficus halliana, Ficus ibapohi, Ficus immersa, Ficus kanukuensis, Ficus lancifolia, Ficus morantensis, Ficus myrtifolia, Ficus ochroleuca, Ficus padifolia, Ficus palmicida, Ficus peruviana, Ficus polypus, Ficus prinoides, Ficus radicans, Ficus rolandri, Ficus sapida, Ficus sonorae, Ficus subtriplinervia, Ficus sulcipes, Ficus tapajozensis, Ficus turbinata, Ficus zarzalensis, Pharmacosycea laurifolia, Pharmacosycea peruviana, Urostigma arbutifolium, Urostigma baccatum, Urostigma cestrifolium, Urostigma complicatum, Urostigma erythrostictum, Urostigma geminum, Urostigma lancifolium, Urostigma padifolium, Urostigma populneum, Urostigma rolandri, Urostigma sapidum, Urostigma schiedeanum, Urostigma sulcipes, Urostigma turbinatum",Moraceae,N,Red,F,I,65.7,SD,19,118,22.8,135,0.75,None Specified,NA,NA,NA,5,0.75,None Specified,NA,NA,NA,5,0.52,NA,None Specified,NA,NA,NA,0,14.5,SD,NA,NA,1.1,30,6,None Specified,NA,NA,NA,5,0.05,D,None Specified,NA,NA,NA,5,"Stevenson 2023, Link 2004, Donatti 2007, Sánchez 2013, Bronstein 1988, Kalko 1996, Wheelwright 1984, Eguiarte 1985, Bronstein 1986"
Ficus pertusa,,,,,,,13.5,SD,3,28,7.5,37.5,NA,,NA,NA,NA,NA,NA,,NA,NA,NA,NA,NA,,,NA,NA,NA,NA,NA,,NA,NA,NA,NA,NA,,NA,NA,NA,NA,NA,,,NA,NA,NA,NA,"Stevenson 2023, Link 2004, Donatti 2007, Sánchez 2013, Bronstein 1988, Kalko 1996, Wheelwright 1984, Eguiarte 1985, Bronstein 1986"
Ficus pertusa,,,,,,,15.1,SD,3,36,9.3,37.5,NA,,NA,NA,NA,NA,NA,,NA,NA,NA,NA,NA,,,NA,NA,NA,NA,NA,,NA,NA,NA,NA,NA,,NA,NA,NA,NA,NA,,,NA,NA,NA,NA,"Stevenson 2023, Link 2004, Donatti 2007, Sánchez 2013, Bronstein 1988, Kalko 1996, Wheelwright 1984, Eguiarte 1985, Bronstein 1986"
Ficus pertusa,,,,,,,11.9,SD,2,37,7.5,37.5,NA,,NA,NA,NA,NA,NA,,NA,NA,NA,NA,NA,,,NA,NA,NA,NA,NA,,NA,NA,NA,NA,NA,,NA,NA,NA,NA,NA,,,NA,NA,NA,NA,"Stevenson 2023, Link 2004, Donatti 2007, Sánchez 2013, Bronstein 1988, Kalko 1996, Wheelwright 1984, Eguiarte 1985, Bronstein 1986"
Ficus pertusa,,,,,,,26.6,SD,7,60,13,37.5,NA,,NA,NA,NA,NA,NA,,NA,NA,NA,NA,NA,,,NA,NA,NA,NA,NA,,NA,NA,NA,NA,NA,,NA,NA,NA,NA,NA,,,NA,NA,NA,NA,"Stevenson 2023, Link 2004, Donatti 2007, Sánchez 2013, Bronstein 1988, Kalko 1996, Wheelwright 1984, Eguiarte 1985, Bronstein 1986"
Ficus pertusa,,,,,,,31.6,SD,11,67,15.3,37.5,NA,,NA,NA,NA,NA,NA,,NA,NA,NA,NA,NA,,,NA,NA,NA,NA,NA,,NA,NA,NA,NA,NA,,NA,NA,NA,NA,NA,,,NA,NA,NA,NA,"Stevenson 2023, Link 2004, Donatti 2007, Sánchez 2013, Bronstein 1988, Kalko 1996, Wheelwright 1984, Eguiarte 1985, Bronstein 1986"
Ficus pertusa,,,,,,,48,SD,24,67,15.5,37.5,NA,,NA,NA,NA,NA,NA,,NA,NA,NA,NA,NA,,,NA,NA,NA,NA,NA,,NA,NA,NA,NA,NA,,NA,NA,NA,NA,NA,,,NA,NA,NA,NA,"Stevenson 2023, Link 2004, Donatti 2007, Sánchez 2013, Bronstein 1988, Kalko 1996, Wheelwright 1984, Eguiarte 1985, Bronstein 1986"
Ficus pertusa,,,,,,,24.2,SD,0,67,14.4,83,NA,,NA,NA,NA,NA,NA,,NA,NA,NA,NA,NA,,,NA,NA,NA,NA,NA,,NA,NA,NA,NA,NA,,NA,NA,NA,NA,1,W,None Specified,NA,NA,NA,10.5,"Stevenson 2023, Link 2004, Donatti 2007, Sánchez 2013, Bronstein 1988, Kalko 1996, Wheelwright 1984, Eguiarte 1985, Bronstein 1986"
Ficus pertusa,,,,,,,46.7,SD,6,73,19.8,37.5,NA,,NA,NA,NA,NA,NA,,NA,NA,NA,NA,NA,,,NA,NA,NA,NA,NA,,NA,NA,NA,NA,NA,,NA,NA,NA,NA,NA,,,NA,NA,NA,NA,"Stevenson 2023, Link 2004, Donatti 2007, Sánchez 2013, Bronstein 1988, Kalko 1996, Wheelwright 1984, Eguiarte 1985, Bronstein 1986"
Ficus pertusa,,,,,,,38.1,SD,1,77,23.9,37.5,NA,,NA,NA,NA,NA,NA,,NA,NA,NA,NA,NA,,,NA,NA,NA,NA,NA,,NA,NA,NA,NA,NA,,NA,NA,NA,NA,NA,,,NA,NA,NA,NA,"Stevenson 2023, Link 2004, Donatti 2007, Sánchez 2013, Bronstein 1988, Kalko 1996, Wheelwright 1984, Eguiarte 1985, Bronstein 1986"
Ficus pertusa,,,,,,,33.9,SD,2,83,24.6,37.5,NA,,NA,NA,NA,NA,NA,,NA,NA,NA,NA,NA,,,NA,NA,NA,NA,7.4,Unknown +/-,NA,NA,0.5,30,12.3,SD,NA,NA,2,30,0.22,NA,Range,0.17,0.28,NA,0,"Stevenson 2023, Link 2004, Donatti 2007, Sánchez 2013, Bronstein 1988, Kalko 1996, Wheelwright 1984, Eguiarte 1985, Bronstein 1986"
Ficus pertusa,,,,,,,54.2,SD,30,87,16.9,37.5,NA,,NA,NA,NA,NA,NA,,NA,NA,NA,NA,NA,,,NA,NA,NA,NA,NA,,NA,NA,NA,NA,NA,,NA,NA,NA,NA,NA,,,NA,NA,NA,NA,"Stevenson 2023, Link 2004, Donatti 2007, Sánchez 2013, Bronstein 1988, Kalko 1996, Wheelwright 1984, Eguiarte 1985, Bronstein 1986"
Ficus pertusa,,,,,,,53.7,SD,17,92,19,37.5,NA,,NA,NA,NA,NA,NA,,NA,NA,NA,NA,NA,,,NA,NA,NA,NA,NA,,NA,NA,NA,NA,NA,,NA,NA,NA,NA,NA,,,NA,NA,NA,NA,"Stevenson 2023, Link 2004, Donatti 2007, Sánchez 2013, Bronstein 1988, Kalko 1996, Wheelwright 1984, Eguiarte 1985, Bronstein 1986"
Ficus pertusa,,,,,,,28.5,SD,0,92,25,56,NA,,NA,NA,NA,NA,NA,,NA,NA,NA,NA,NA,,,NA,NA,NA,NA,NA,,NA,NA,NA,NA,NA,,NA,NA,NA,NA,NA,,,NA,NA,NA,NA,"Stevenson 2023, Link 2004, Donatti 2007, Sánchez 2013, Bronstein 1988, Kalko 1996, Wheelwright 1984, Eguiarte 1985, Bronstein 1986"
Ficus pertusa,,,,,,,56.9,SD,19,103,18.2,37.5,NA,,NA,NA,NA,NA,NA,,NA,NA,NA,NA,NA,,,NA,NA,NA,NA,NA,,NA,NA,NA,NA,NA,,NA,NA,NA,NA,NA,,,NA,NA,NA,NA,"Stevenson 2023, Link 2004, Donatti 2007, Sánchez 2013, Bronstein 1988, Kalko 1996, Wheelwright 1984, Eguiarte 1985, Bronstein 1986"
Ficus pertusa,,,,,,,81.4,SD,40,110,20.3,37.5,NA,,NA,NA,NA,NA,NA,,NA,NA,NA,NA,NA,,,NA,NA,NA,NA,NA,,NA,NA,NA,NA,NA,,NA,NA,NA,NA,NA,,,NA,NA,NA,NA,"Stevenson 2023, Link 2004, Donatti 2007, Sánchez 2013, Bronstein 1988, Kalko 1996, Wheelwright 1984, Eguiarte 1985, Bronstein 1986"
Ficus pertusa,,,,,,,80.3,SD,45,115,17.1,37.5,NA,,NA,NA,NA,NA,NA,,NA,NA,NA,NA,NA,,,NA,NA,NA,NA,NA,,NA,NA,NA,NA,NA,,NA,NA,NA,NA,NA,,,NA,NA,NA,NA,"Stevenson 2023, Link 2004, Donatti 2007, Sánchez 2013, Bronstein 1988, Kalko 1996, Wheelwright 1984, Eguiarte 1985, Bronstein 1986"
Ficus pertusa,,,,,,,72.4,SD,19,118,28.1,37.5,NA,,NA,NA,NA,NA,NA,,NA,NA,NA,NA,NA,,,NA,NA,NA,NA,NA,,NA,NA,NA,NA,NA,,NA,NA,NA,NA,NA,,,NA,NA,NA,NA,"Stevenson 2023, Link 2004, Donatti 2007, Sánchez 2013, Bronstein 1988, Kalko 1996, Wheelwright 1984, Eguiarte 1985, Bronstein 1986"
Ficus pertusa,,,,,,,88.2,SD,12,121,26.8,37.5,NA,,NA,NA,NA,NA,NA,,NA,NA,NA,NA,NA,,,NA,NA,NA,NA,NA,,NA,NA,NA,NA,NA,,NA,NA,NA,NA,NA,,,NA,NA,NA,NA,"Stevenson 2023, Link 2004, Donatti 2007, Sánchez 2013, Bronstein 1988, Kalko 1996, Wheelwright 1984, Eguiarte 1985, Bronstein 1986"
Ficus pertusa,,,,,,,93.5,SD,3,133,35.5,37.5,NA,,NA,NA,NA,NA,NA,,NA,NA,NA,NA,NA,,,NA,NA,NA,NA,NA,,NA,NA,NA,NA,NA,,NA,NA,NA,NA,NA,,,NA,NA,NA,NA,"Stevenson 2023, Link 2004, Donatti 2007, Sánchez 2013, Bronstein 1988, Kalko 1996, Wheelwright 1984, Eguiarte 1985, Bronstein 1986"
Ficus pertusa,,,,,,,79.7,SD,0,137,39.6,106,NA,,NA,NA,NA,NA,NA,,NA,NA,NA,NA,NA,,,NA,NA,NA,NA,6,None Specified,NA,NA,NA,5,7.1,Unknown +/-,NA,NA,0.4,30,0.2,W,Unknown +/-,NA,NA,0.02,30,"Stevenson 2023, Link 2004, Donatti 2007, Sánchez 2013, Bronstein 1988, Kalko 1996, Wheelwright 1984, Eguiarte 1985, Bronstein 1986"
Ficus pertusa,,,,,,,78.6,SD,38,139,22.2,37.5,NA,,NA,NA,NA,NA,NA,,NA,NA,NA,NA,NA,,,NA,NA,NA,NA,NA,,NA,NA,NA,NA,NA,,NA,NA,NA,NA,NA,,,NA,NA,NA,NA,"Stevenson 2023, Link 2004, Donatti 2007, Sánchez 2013, Bronstein 1988, Kalko 1996, Wheelwright 1984, Eguiarte 1985, Bronstein 1986"
Ficus pertusa,,,,,,,130,SD,110,156,11.4,37.5,NA,,NA,NA,NA,NA,NA,,NA,NA,NA,NA,NA,,,NA,NA,NA,NA,NA,,NA,NA,NA,NA,NA,,NA,NA,NA,NA,NA,,,NA,NA,NA,NA,"Stevenson 2023, Link 2004, Donatti 2007, Sánchez 2013, Bronstein 1988, Kalko 1996, Wheelwright 1984, Eguiarte 1985, Bronstein 1986"
Ficus pertusa,,,,,,,51.4,SD,0,156,38.5,615,NA,,NA,NA,NA,NA,NA,,NA,NA,NA,NA,NA,,,NA,NA,NA,NA,NA,,NA,NA,NA,NA,NA,,NA,NA,NA,NA,NA,,,NA,NA,NA,NA,"Stevenson 2023, Link 2004, Donatti 2007, Sánchez 2013, Bronstein 1988, Kalko 1996, Wheelwright 1984, Eguiarte 1985, Bronstein 1986"
Ficus pertusa,,,,,,,58,None Specified,NA,NA,NA,0,NA,,NA,NA,NA,NA,NA,,NA,NA,NA,NA,NA,,,NA,NA,NA,NA,NA,,NA,NA,NA,NA,NA,,NA,NA,NA,NA,NA,,,NA,NA,NA,NA,"Stevenson 2023, Link 2004, Donatti 2007, Sánchez 2013, Bronstein 1988, Kalko 1996, Wheelwright 1984, Eguiarte 1985, Bronstein 1986"
Ficus pertusa,,,,,,,22,None Specified,NA,NA,NA,5,NA,,NA,NA,NA,NA,NA,,NA,NA,NA,NA,NA,,,NA,NA,NA,NA,7.26,Range,5.7,8.7,NA,0,7.2,Range,6,8.1,NA,0,1.57,NA,None Specified,NA,NA,NA,0,"Stevenson 2023, Link 2004, Donatti 2007, Sánchez 2013, Bronstein 1988, Kalko 1996, Wheelwright 1984, Eguiarte 1985, Bronstein 1986"
Ficus sphenophylla,,Moraceae,N,Red,F,I,19,None Specified,NA,NA,NA,5,0.75,None Specified,NA,NA,NA,5,0.75,None Specified,NA,NA,NA,5,NA,,,NA,NA,NA,NA,11.5,None Specified,NA,NA,NA,0,11.5,None Specified,NA,NA,NA,0,0.03,D,None Specified,NA,NA,NA,5,"Stevenson 2023, Yumoto 1999, Stevenson et al. 2002"
Ficus sphenophylla,,,,,,,NA,,NA,NA,NA,NA,NA,,NA,NA,NA,NA,NA,,NA,NA,NA,NA,NA,,,NA,NA,NA,NA,NA,Range,5,8,NA,0,9,None Specified,NA,NA,NA,5,0.08,W,None Specified,NA,NA,NA,5,"Stevenson 2023, Yumoto 1999, Stevenson et al. 2002"
Ficus sphenophylla,,,,,,,NA,,NA,NA,NA,NA,NA,,NA,NA,NA,NA,NA,,NA,NA,NA,NA,NA,,,NA,NA,NA,NA,9,None Specified,NA,NA,NA,5,NA,,NA,NA,NA,NA,0.5,W,None Specified,NA,NA,NA,0,"Stevenson 2023, Yumoto 1999, Stevenson et al. 2002"
Ficus trigona,Ficus trigonata,Moraceae,N,Red,F,I,52,None Specified,NA,NA,NA,5,1,None Specified,NA,NA,NA,0,0.875,None Specified,NA,NA,NA,5,8.00E-04,D,None Specified,NA,NA,NA,5,14,None Specified,NA,NA,NA,5,25,None Specified,NA,NA,NA,5,0.23,D,None Specified,NA,NA,NA,5,"Stevenson 2023, Stevenson 2002, Stevenson et al. 2002"
Ficus trigona,,,,,,,300,None Specified,NA,NA,NA,6,0.9,None Specified,NA,NA,NA,5,NA,,NA,NA,NA,NA,0.0012,W,None Specified,NA,NA,NA,5,NA,Range,10,18,NA,0,10,None Specified,NA,NA,NA,5,1.1975,W,None Specified,NA,NA,NA,5,"Stevenson 2023, Stevenson 2002, Stevenson et al. 2002"
Ficus trigona,,,,,,,NA,,NA,NA,NA,NA,NA,,NA,NA,NA,NA,NA,,NA,NA,NA,NA,NA,,,NA,NA,NA,NA,27,None Specified,NA,NA,NA,5,NA,,NA,NA,NA,NA,6.4,W,None Specified,NA,NA,NA,0,"Stevenson 2023, Stevenson 2002, Stevenson et al. 2002"
Ficus trigona,,,,,,,NA,,NA,NA,NA,NA,NA,,NA,NA,NA,NA,NA,,NA,NA,NA,NA,NA,,,NA,NA,NA,NA,NA,Range,20,30,NA,0,NA,,NA,NA,NA,NA,1.12,D,None Specified,NA,NA,NA,0,"Stevenson 2023, Stevenson 2002, Stevenson et al. 2002"
Ficus usiacurina,Ficus crocata,Moraceae,N,Green,F,I,1104,SD,NA,NA,172.9,25,1.36,SD,NA,NA,0.06,20,0.98,SD,NA,NA,0.06,20,NA,,,NA,NA,NA,NA,25,SD,NA,NA,1.7,25,24,SD,NA,NA,1.6,26,5.4,W,SD,NA,NA,0.9,25,Munin 2010
Fimbristylis dichotoma,"Eleocharis dichotoma, Isolepis dichotoma, Scirpus dichotomus",Cyperaceae,Y,Yellow,D,I,NA,,NA,NA,NA,NA,1.033333333,SD,NA,NA,0.115470054,3,0.666666667,SD,NA,NA,0.057735027,3,6.80E-05,D,SD,NA,NA,1.00E-05,20,35.5,None Specified,NA,NA,NA,1,27.1,None Specified,NA,NA,NA,1,NA,,,NA,NA,NA,NA,"Blanco 2020, Martins 2013, Jurado 1991, https://weedidcambodian.wordpress.com/fimbristylis-dichotoma/, https://ser-sid.org/species/cccc03ef-c2ad-41d1-86d2-4ef74e1a21bb, https://ser-sid.org/species/a2dde1ef-e713-4a93-bf48-06ffdd0e043c, https://ser-sid.org/species/9c719d34-2a0c-468f-9754-684e556b92cf"
Fimbristylis dichotoma,,,,,,,NA,,NA,NA,NA,NA,1.04,None Specified,NA,NA,NA,8,0.81,None Specified,NA,NA,NA,8,0.0001436,NA,None Specified,NA,NA,NA,0,NA,,NA,NA,NA,NA,NA,,NA,NA,NA,NA,NA,,,NA,NA,NA,NA,"Blanco 2020, Martins 2013, Jurado 1991, https://weedidcambodian.wordpress.com/fimbristylis-dichotoma/, https://ser-sid.org/species/cccc03ef-c2ad-41d1-86d2-4ef74e1a21bb, https://ser-sid.org/species/a2dde1ef-e713-4a93-bf48-06ffdd0e043c, https://ser-sid.org/species/9c719d34-2a0c-468f-9754-684e556b92cf"
Fimbristylis dichotoma,,,,,,,NA,,NA,NA,NA,NA,NA,,NA,NA,NA,NA,NA,,NA,NA,NA,NA,0.0001612,NA,None Specified,NA,NA,NA,0,NA,,NA,NA,NA,NA,NA,,NA,NA,NA,NA,NA,,,NA,NA,NA,NA,"Blanco 2020, Martins 2013, Jurado 1991, https://weedidcambodian.wordpress.com/fimbristylis-dichotoma/, https://ser-sid.org/species/cccc03ef-c2ad-41d1-86d2-4ef74e1a21bb, https://ser-sid.org/species/a2dde1ef-e713-4a93-bf48-06ffdd0e043c, https://ser-sid.org/species/9c719d34-2a0c-468f-9754-684e556b92cf"
Fimbristylis dichotoma,,,,,,,NA,,NA,NA,NA,NA,NA,,NA,NA,NA,NA,NA,,NA,NA,NA,NA,0.0005116,NA,None Specified,NA,NA,NA,0,NA,,NA,NA,NA,NA,NA,,NA,NA,NA,NA,NA,,,NA,NA,NA,NA,"Blanco 2020, Martins 2013, Jurado 1991, https://weedidcambodian.wordpress.com/fimbristylis-dichotoma/, https://ser-sid.org/species/cccc03ef-c2ad-41d1-86d2-4ef74e1a21bb, https://ser-sid.org/species/a2dde1ef-e713-4a93-bf48-06ffdd0e043c, https://ser-sid.org/species/9c719d34-2a0c-468f-9754-684e556b92cf"
Fimbristylis dichotoma,,,,,,,NA,,NA,NA,NA,NA,NA,,NA,NA,NA,NA,NA,,NA,NA,NA,NA,0.0001472,NA,None Specified,NA,NA,NA,0,NA,,NA,NA,NA,NA,NA,,NA,NA,NA,NA,NA,,,NA,NA,NA,NA,"Blanco 2020, Martins 2013, Jurado 1991, https://weedidcambodian.wordpress.com/fimbristylis-dichotoma/, https://ser-sid.org/species/cccc03ef-c2ad-41d1-86d2-4ef74e1a21bb, https://ser-sid.org/species/a2dde1ef-e713-4a93-bf48-06ffdd0e043c, https://ser-sid.org/species/9c719d34-2a0c-468f-9754-684e556b92cf"
Fimbristylis dichotoma,,,,,,,NA,,NA,NA,NA,NA,NA,,NA,NA,NA,NA,NA,,NA,NA,NA,NA,0.0001228,NA,None Specified,NA,NA,NA,0,NA,,NA,NA,NA,NA,NA,,NA,NA,NA,NA,NA,,,NA,NA,NA,NA,"Blanco 2020, Martins 2013, Jurado 1991, https://weedidcambodian.wordpress.com/fimbristylis-dichotoma/, https://ser-sid.org/species/cccc03ef-c2ad-41d1-86d2-4ef74e1a21bb, https://ser-sid.org/species/a2dde1ef-e713-4a93-bf48-06ffdd0e043c, https://ser-sid.org/species/9c719d34-2a0c-468f-9754-684e556b92cf"
Fimbristylis dichotoma,,,,,,,NA,,NA,NA,NA,NA,NA,,NA,NA,NA,NA,NA,,NA,NA,NA,NA,0.00016596,NA,None Specified,NA,NA,NA,0,NA,,NA,NA,NA,NA,NA,,NA,NA,NA,NA,NA,,,NA,NA,NA,NA,"Blanco 2020, Martins 2013, Jurado 1991, https://weedidcambodian.wordpress.com/fimbristylis-dichotoma/, https://ser-sid.org/species/cccc03ef-c2ad-41d1-86d2-4ef74e1a21bb, https://ser-sid.org/species/a2dde1ef-e713-4a93-bf48-06ffdd0e043c, https://ser-sid.org/species/9c719d34-2a0c-468f-9754-684e556b92cf"
Fimbristylis dichotoma,,,,,,,NA,,NA,NA,NA,NA,NA,,NA,NA,NA,NA,NA,,NA,NA,NA,NA,0.0003912,NA,None Specified,NA,NA,NA,0,NA,,NA,NA,NA,NA,NA,,NA,NA,NA,NA,NA,,,NA,NA,NA,NA,"Blanco 2020, Martins 2013, Jurado 1991, https://weedidcambodian.wordpress.com/fimbristylis-dichotoma/, https://ser-sid.org/species/cccc03ef-c2ad-41d1-86d2-4ef74e1a21bb, https://ser-sid.org/species/a2dde1ef-e713-4a93-bf48-06ffdd0e043c, https://ser-sid.org/species/9c719d34-2a0c-468f-9754-684e556b92cf"
Fimbristylis dichotoma,,,,,,,NA,,NA,NA,NA,NA,NA,,NA,NA,NA,NA,NA,,NA,NA,NA,NA,0.00023,NA,None Specified,NA,NA,NA,0,NA,,NA,NA,NA,NA,NA,,NA,NA,NA,NA,NA,,,NA,NA,NA,NA,"Blanco 2020, Martins 2013, Jurado 1991, https://weedidcambodian.wordpress.com/fimbristylis-dichotoma/, https://ser-sid.org/species/cccc03ef-c2ad-41d1-86d2-4ef74e1a21bb, https://ser-sid.org/species/a2dde1ef-e713-4a93-bf48-06ffdd0e043c, https://ser-sid.org/species/9c719d34-2a0c-468f-9754-684e556b92cf"
Fimbristylis dichotoma,,,,,,,NA,,NA,NA,NA,NA,NA,,NA,NA,NA,NA,NA,,NA,NA,NA,NA,0.0001544,NA,None Specified,NA,NA,NA,0,NA,,NA,NA,NA,NA,NA,,NA,NA,NA,NA,NA,,,NA,NA,NA,NA,"Blanco 2020, Martins 2013, Jurado 1991, https://weedidcambodian.wordpress.com/fimbristylis-dichotoma/, https://ser-sid.org/species/cccc03ef-c2ad-41d1-86d2-4ef74e1a21bb, https://ser-sid.org/species/a2dde1ef-e713-4a93-bf48-06ffdd0e043c, https://ser-sid.org/species/9c719d34-2a0c-468f-9754-684e556b92cf"
Fimbristylis dichotoma,,,,,,,NA,,NA,NA,NA,NA,NA,,NA,NA,NA,NA,NA,,NA,NA,NA,NA,0.000186,NA,None Specified,NA,NA,NA,0,NA,,NA,NA,NA,NA,NA,,NA,NA,NA,NA,NA,,,NA,NA,NA,NA,"Blanco 2020, Martins 2013, Jurado 1991, https://weedidcambodian.wordpress.com/fimbristylis-dichotoma/, https://ser-sid.org/species/cccc03ef-c2ad-41d1-86d2-4ef74e1a21bb, https://ser-sid.org/species/a2dde1ef-e713-4a93-bf48-06ffdd0e043c, https://ser-sid.org/species/9c719d34-2a0c-468f-9754-684e556b92cf"
Fimbristylis dichotoma,,,,,,,NA,,NA,NA,NA,NA,NA,,NA,NA,NA,NA,NA,,NA,NA,NA,NA,0.0001604,NA,None Specified,NA,NA,NA,0,NA,,NA,NA,NA,NA,NA,,NA,NA,NA,NA,NA,,,NA,NA,NA,NA,"Blanco 2020, Martins 2013, Jurado 1991, https://weedidcambodian.wordpress.com/fimbristylis-dichotoma/, https://ser-sid.org/species/cccc03ef-c2ad-41d1-86d2-4ef74e1a21bb, https://ser-sid.org/species/a2dde1ef-e713-4a93-bf48-06ffdd0e043c, https://ser-sid.org/species/9c719d34-2a0c-468f-9754-684e556b92cf"
Fimbristylis dichotoma,,,,,,,NA,,NA,NA,NA,NA,NA,,NA,NA,NA,NA,NA,,NA,NA,NA,NA,0.000168,NA,None Specified,NA,NA,NA,0,NA,,NA,NA,NA,NA,NA,,NA,NA,NA,NA,NA,,,NA,NA,NA,NA,"Blanco 2020, Martins 2013, Jurado 1991, https://weedidcambodian.wordpress.com/fimbristylis-dichotoma/, https://ser-sid.org/species/cccc03ef-c2ad-41d1-86d2-4ef74e1a21bb, https://ser-sid.org/species/a2dde1ef-e713-4a93-bf48-06ffdd0e043c, https://ser-sid.org/species/9c719d34-2a0c-468f-9754-684e556b92cf"
Fimbristylis dichotoma,,,,,,,NA,,NA,NA,NA,NA,NA,,NA,NA,NA,NA,NA,,NA,NA,NA,NA,0.0004704,NA,None Specified,NA,NA,NA,0,NA,,NA,NA,NA,NA,NA,,NA,NA,NA,NA,NA,,,NA,NA,NA,NA,"Blanco 2020, Martins 2013, Jurado 1991, https://weedidcambodian.wordpress.com/fimbristylis-dichotoma/, https://ser-sid.org/species/cccc03ef-c2ad-41d1-86d2-4ef74e1a21bb, https://ser-sid.org/species/a2dde1ef-e713-4a93-bf48-06ffdd0e043c, https://ser-sid.org/species/9c719d34-2a0c-468f-9754-684e556b92cf"
Fimbristylis dichotoma,,,,,,,NA,,NA,NA,NA,NA,NA,,NA,NA,NA,NA,NA,,NA,NA,NA,NA,0.0002264,NA,None Specified,NA,NA,NA,0,NA,,NA,NA,NA,NA,NA,,NA,NA,NA,NA,NA,,,NA,NA,NA,NA,"Blanco 2020, Martins 2013, Jurado 1991, https://weedidcambodian.wordpress.com/fimbristylis-dichotoma/, https://ser-sid.org/species/cccc03ef-c2ad-41d1-86d2-4ef74e1a21bb, https://ser-sid.org/species/a2dde1ef-e713-4a93-bf48-06ffdd0e043c, https://ser-sid.org/species/9c719d34-2a0c-468f-9754-684e556b92cf"
Fimbristylis dichotoma,,,,,,,NA,,NA,NA,NA,NA,NA,,NA,NA,NA,NA,NA,,NA,NA,NA,NA,8.12E-05,NA,None Specified,NA,NA,NA,0,NA,,NA,NA,NA,NA,NA,,NA,NA,NA,NA,NA,,,NA,NA,NA,NA,"Blanco 2020, Martins 2013, Jurado 1991, https://weedidcambodian.wordpress.com/fimbristylis-dichotoma/, https://ser-sid.org/species/cccc03ef-c2ad-41d1-86d2-4ef74e1a21bb, https://ser-sid.org/species/a2dde1ef-e713-4a93-bf48-06ffdd0e043c, https://ser-sid.org/species/9c719d34-2a0c-468f-9754-684e556b92cf"
Fimbristylis dichotoma,,,,,,,NA,,NA,NA,NA,NA,NA,,NA,NA,NA,NA,NA,,NA,NA,NA,NA,0.0003972,NA,None Specified,NA,NA,NA,0,NA,,NA,NA,NA,NA,NA,,NA,NA,NA,NA,NA,,,NA,NA,NA,NA,"Blanco 2020, Martins 2013, Jurado 1991, https://weedidcambodian.wordpress.com/fimbristylis-dichotoma/, https://ser-sid.org/species/cccc03ef-c2ad-41d1-86d2-4ef74e1a21bb, https://ser-sid.org/species/a2dde1ef-e713-4a93-bf48-06ffdd0e043c, https://ser-sid.org/species/9c719d34-2a0c-468f-9754-684e556b92cf"
Fimbristylis dichotoma,,,,,,,NA,,NA,NA,NA,NA,NA,,NA,NA,NA,NA,NA,,NA,NA,NA,NA,0.0001976,NA,None Specified,NA,NA,NA,0,NA,,NA,NA,NA,NA,NA,,NA,NA,NA,NA,NA,,,NA,NA,NA,NA,"Blanco 2020, Martins 2013, Jurado 1991, https://weedidcambodian.wordpress.com/fimbristylis-dichotoma/, https://ser-sid.org/species/cccc03ef-c2ad-41d1-86d2-4ef74e1a21bb, https://ser-sid.org/species/a2dde1ef-e713-4a93-bf48-06ffdd0e043c, https://ser-sid.org/species/9c719d34-2a0c-468f-9754-684e556b92cf"
Garcinia brasiliensis,Rheedia brasiliensis,Clusiaceae,N,Yellow,F,I,1.87,None Specified,NA,NA,NA,79,27.8,None Specified,NA,NA,NA,0,14.6,None Specified,NA,NA,NA,0,1.36,W,None Specified,NA,NA,NA,0,27.5,Unknown +/-,NA,NA,5.9,30,22.6,Unknown +/-,NA,NA,2.6,30,7.9,W,Unknown +/-,NA,NA,3.7,30,"Donatti 2007, Lucas 2008, Lucas et al. 2012, Oliveira 2022"
Garcinia brasiliensis,,,,,,,NA,,NA,NA,NA,NA,NA,,NA,NA,NA,NA,NA,,NA,NA,NA,NA,2.93,W,None Specified,NA,NA,NA,0,NA,,NA,NA,NA,NA,NA,,NA,NA,NA,NA,1.36,W,None Specified,NA,NA,NA,0,"Donatti 2007, Lucas 2008"
Garcinia macrophylla,Rheedia macrophylla,Clusiaceae,N,Yellow,F,I,3.34537037,None Specified,NA,NA,NA,5,48,None Specified,NA,NA,NA,1,18,None Specified,NA,NA,NA,1,NA,,,NA,NA,NA,NA,89.52,SD,NA,NA,1.71119841,2,NA,,NA,NA,NA,NA,NA,,,NA,NA,NA,NA,"Stevenson 2023, Stevenson 2007, Stevenson 2002, https://books.google.com/books?hl=en&lr=&id=RdWR42f-RTEC&oi=fnd&pg=PR1&dq=%22Rheedia+macrophylla%22+AND+fruits&ots=u8BBrZLh6r&sig=cpnnhsyLIENXOESavnBwutJjikg#v=onepage&q=%22Rheedia%20macrophylla%22%20AND%20fruits&f=false"
Garcinia macrophylla,,,,,,,4,None Specified,NA,NA,NA,0,NA,Range,25,30,NA,0,11,None Specified,NA,NA,NA,6,5.956875,W,None Specified,NA,NA,NA,5,NA,Range,50,80,NA,0,50,None Specified,NA,NA,NA,5,70.7905556,W,None Specified,NA,NA,NA,6,"Stevenson 2023, Stevenson 2007, Stevenson 2002, https://books.google.com/books?hl=en&lr=&id=RdWR42f-RTEC&oi=fnd&pg=PR1&dq=%22Rheedia+macrophylla%22+AND+fruits&ots=u8BBrZLh6r&sig=cpnnhsyLIENXOESavnBwutJjikg#v=onepage&q=%22Rheedia%20macrophylla%22%20AND%20fruits&f=false"
Garcinia macrophylla,,,,,,,2.7,None Specified,NA,NA,NA,6,27.5,None Specified,NA,NA,NA,5,12,None Specified,NA,NA,NA,6,4.73385417,D,None Specified,NA,NA,NA,5,65,None Specified,NA,NA,NA,5,69.94,SD,NA,NA,4.270924958,2,22.5769444,D,None Specified,NA,NA,NA,6,"Stevenson 2023, Stevenson 2007, Stevenson 2002, https://books.google.com/books?hl=en&lr=&id=RdWR42f-RTEC&oi=fnd&pg=PR1&dq=%22Rheedia+macrophylla%22+AND+fruits&ots=u8BBrZLh6r&sig=cpnnhsyLIENXOESavnBwutJjikg#v=onepage&q=%22Rheedia%20macrophylla%22%20AND%20fruits&f=false"
Garcinia macrophylla,,,,,,,NA,,NA,NA,NA,NA,NA,,NA,NA,NA,NA,14.15,None Specified,NA,NA,NA,5,NA,,,NA,NA,NA,NA,NA,,NA,NA,NA,NA,NA,,NA,NA,NA,NA,NA,,,NA,NA,NA,NA,"Stevenson 2023, Stevenson 2007, Stevenson 2002, https://books.google.com/books?hl=en&lr=&id=RdWR42f-RTEC&oi=fnd&pg=PR1&dq=%22Rheedia+macrophylla%22+AND+fruits&ots=u8BBrZLh6r&sig=cpnnhsyLIENXOESavnBwutJjikg#v=onepage&q=%22Rheedia%20macrophylla%22%20AND%20fruits&f=false"
Garcinia madruno,"Calophyllum madruno, Rheedia madruno, Verticillaria madruno, Rheedia acuminata",Clusiaceae,N,Yellow,F,I,NA,Range,1,3,NA,0,22.102,None Specified,NA,NA,NA,1,9.9,None Specified,NA,NA,NA,1,5,W,SD,NA,NA,0.2,33,NA,Range,50,80,NA,0,33.633,SD,NA,NA,4.447,3,NA,,,NA,NA,NA,NA,"Link 2004, Lim 2011, Harms 1997, https://collections-botany.fieldmuseum.org/catalogue/392509"
Geissospermum laevis,"Geissospermum laeve, Geissospermum vellosii,  Tabernaemontana laevis, Geissospermum martianum ",Apocynaceae,N,Yellow,F,I,NA,,NA,NA,NA,NA,NA,,NA,NA,NA,NA,NA,,NA,NA,NA,NA,NA,,,NA,NA,NA,NA,NA,,NA,NA,NA,NA,NA,,NA,NA,NA,NA,41.34,W,None Specified,NA,NA,NA,4,"Uramoto 2008, "
Genipa americana,,Rubiaceae,N,Brown,F,I,480,None Specified,NA,NA,NA,0,5,None Specified,NA,NA,NA,0,5,None Specified,NA,NA,NA,0,0.123,D,None Specified,NA,NA,NA,10,75.7,Unknown +/-,NA,NA,5,30,NA,Range,75,80,NA,0,52.2837,D,None Specified,NA,NA,NA,6,"Stevenson 2023, Guimarães 2008, Stevenson 2002, Donatti 2007, Melo 2015, Castro 2011, Daws 2005"
Genipa americana,,,,,,,121,None Specified,NA,NA,NA,6,12,None Specified,NA,NA,NA,5,9.9,None Specified,NA,NA,NA,6,0.11275263,W,None Specified,NA,NA,NA,5,NA,Range,80,150,NA,0,80,None Specified,NA,NA,NA,5,NA,NA,Range,200,500,NA,0,"Stevenson 2023, Guimarães 2008, Stevenson 2002, Donatti 2007, Melo 2015, Castro 2011, Daws 2005"
Genipa americana,,,,,,,NA,,NA,NA,NA,NA,NA,,NA,NA,NA,NA,NA,,NA,NA,NA,NA,0.05,NA,None Specified,NA,NA,NA,0,100,None Specified,NA,NA,NA,5,60,Unknown +/-,NA,NA,4.6,30,130,NA,None Specified,NA,NA,NA,0,"Stevenson 2023, Guimarães 2008, Stevenson 2002, Donatti 2007, Melo 2015, Castro 2011, Daws 2005"
Genipa americana,,,,,,,NA,,NA,NA,NA,NA,NA,,NA,NA,NA,NA,NA,,NA,NA,NA,NA,0.0579,D,None Specified,NA,NA,NA,5,NA,,NA,NA,NA,NA,NA,,NA,NA,NA,NA,130.2,W,Unknown +/-,NA,NA,26.7,30,"Stevenson 2023, Guimarães 2008, Stevenson 2002, Donatti 2007, Melo 2015, Castro 2011, Daws 2005"
Genipa americana,,,,,,,NA,,NA,NA,NA,NA,NA,,NA,NA,NA,NA,NA,,NA,NA,NA,NA,0.05,D,None Specified,NA,NA,NA,50,NA,,NA,NA,NA,NA,NA,,NA,NA,NA,NA,154.1877,W,None Specified,NA,NA,NA,6,"Stevenson 2023, Guimarães 2008, Stevenson 2002, Donatti 2007, Melo 2015, Castro 2011, Daws 2005"
Gleasonia uaupensis,,Rubiaceae,N,Yellow,F,I,2,None Specified,NA,NA,NA,0,NA,Range,7,10,NA,0,NA,Range,7,9,NA,0,NA,,,NA,NA,NA,NA,NA,Range,18,23,NA,0,NA,Range,12,16,NA,0,NA,,,NA,NA,NA,NA,"Cardozo 2016, Rogers 1984"
Gomidesia affinis,"Myrcia hebepetala, Myrcia affinis, Gomidesia hebepetala, Gomidesia candolleana, Gomidesia hookeriana, Gomidesia pohliana, Myrcia itajuruensis, Myrcia cordiifolia",Myrtaceae,N,Black/Purple,F,I,1,None Specified,NA,NA,NA,0,12,None Specified,NA,NA,NA,0,NA,,NA,NA,NA,NA,0.15,NA,None Specified,NA,NA,NA,0,15,None Specified,NA,NA,NA,10,NA,Range,10,15,NA,0,NA,,,NA,NA,NA,NA,"Alves-Costa 2007, Lughadha 2012, Pizo 2002, Sampiao 2017, Toledo 2020"
Gomidesia affinis,,,,,,,NA,,NA,NA,NA,NA,NA,,NA,NA,NA,NA,NA,,NA,NA,NA,NA,NA,,,NA,NA,NA,NA,21,None Specified,NA,NA,NA,0,NA,,NA,NA,NA,NA,NA,,,NA,NA,NA,NA,"Alves-Costa 2007, Lughadha 2012, Pizo 2002, Sampiao 2017, Toledo 2020"
Gomidesia affinis,,,,,,,NA,,NA,NA,NA,NA,NA,,NA,NA,NA,NA,NA,,NA,NA,NA,NA,NA,,,NA,NA,NA,NA,NA,Range,10,15,NA,0,NA,,NA,NA,NA,NA,NA,,,NA,NA,NA,NA,"Alves-Costa 2007, Lughadha 2012, Pizo 2002, Sampiao 2017, Toledo 2020"
Goupia glabra,,Goupiaceae,N,Black/Purple,F,I,NA,Range,1,5,NA,0,1.5,None Specified,NA,NA,NA,0,1,None Specified,NA,NA,NA,0,0.0033,W,None Specified,NA,NA,NA,30,4.4,None Specified,NA,NA,NA,0,4.3,None Specified,NA,NA,NA,0,0.06,W,None Specified,NA,NA,NA,30,"Bentos 2013, Schaefer 2006, Siliprandi 2016"
Goupia glabra,,,,,,,4,None Specified,NA,NA,NA,30,NA,,NA,NA,NA,NA,NA,,NA,NA,NA,NA,NA,,,NA,NA,NA,NA,NA,,NA,NA,NA,NA,NA,,NA,NA,NA,NA,NA,,,NA,NA,NA,NA,"Bentos 2013, Schaefer 2006, Siliprandi 2016"
Guapira cuspidata,"Pisonia cuspidata, Torrubia cuspidata, Guapira ayacuchae, Guapira schomburgkiana, Pisonia schomburgkiana, Torrubia schomburgkiana",Nyctaginaceae,N,Purple,F,I,1,None Specified,NA,NA,NA,5,17,None Specified,NA,NA,NA,5,5.5,None Specified,NA,NA,NA,5,0.27,W,None Specified,NA,NA,NA,5,NA,Range,6,7.5,NA,0,NA,Range,3,4,NA,0,1.32,W,None Specified,NA,NA,NA,5,"Steyermark 1987, Rossetto 2020, Link 2004, Stevenson 2023"
Guapira cuspidata,,,,,,,NA,,NA,NA,NA,NA,NA,,NA,NA,NA,NA,NA,,NA,NA,NA,NA,0.12,D,None Specified,NA,NA,NA,5,8,None Specified,NA,NA,NA,0,3,None Specified,NA,NA,NA,0,0.24,D,None Specified,NA,NA,NA,5,"Steyermark 1987, Rossetto 2020, Link 2004, Stevenson 2023"
Guapira cuspidata,,,,,,,NA,,NA,NA,NA,NA,NA,,NA,NA,NA,NA,NA,,NA,NA,NA,NA,NA,,,NA,NA,NA,NA,10,None Specified,NA,NA,NA,0,10,None Specified,NA,NA,NA,5,NA,,,NA,NA,NA,NA,"Steyermark 1987, Rossetto 2020, Link 2004, Stevenson 2023"
Guapira cuspidata,,,,,,,NA,,NA,NA,NA,NA,NA,,NA,NA,NA,NA,NA,,NA,NA,NA,NA,NA,,,NA,NA,NA,NA,19,None Specified,NA,NA,NA,5,NA,,NA,NA,NA,NA,NA,,,NA,NA,NA,NA,"Steyermark 1987, Rossetto 2020, Link 2004, Stevenson 2023"
Guapira graciliflora,"Pisonia graciliflora, Torrubia graciliflora, Pisonia subferruginosa",Nyctaginaceae,N,Red,F,I,1,None Specified,NA,NA,NA,0,12,None Specified,NA,NA,NA,0,NA,,NA,NA,NA,NA,8.88,W,None Specified,NA,NA,NA,150,15,None Specified,NA,NA,NA,0,NA,,NA,NA,NA,NA,NA,,,NA,NA,NA,NA,"Alves-Costa 2007, Salazar 2011, Rossetto 2020, Peres 2010 "
Guapira graciliflora,,,,,,,1,None Specified,NA,NA,NA,0,NA,,NA,NA,NA,NA,NA,,NA,NA,NA,NA,8.88,W,None Specified,NA,NA,NA,150,NA,Range,6,10,NA,0,NA,Range,3,5,NA,0,NA,,,NA,NA,NA,NA,"Alves-Costa 2007, Salazar 2011, Rossetto 2020, Peres 2010"
Guapira guianensis,Pisonia guianensis ,Nyctaginaceae,N,,F,I,NA,,NA,NA,NA,NA,6.12,None Specified,NA,NA,NA,1,3.36,None Specified,NA,NA,NA,1,NA,,,NA,NA,NA,NA,NA,,NA,NA,NA,NA,NA,,NA,NA,NA,NA,NA,,,NA,NA,NA,NA,Grafton 2004
Guarea glabra,,Meliaceae,N,Red,D,D,NA,,NA,NA,NA,NA,20,None Specified,NA,NA,NA,85,15,Range,NA,NA,NA,85,0.8,W,SD,NA,NA,0.2,50,NA,Range,14,30,NA,0,NA,Range,10,30,NA,0,NA,,,NA,NA,NA,NA,"Luis 2011, Pennington 2013, Wenny 1999"
Guarea grandifolia,,Meliaceae,N,Red,D,D,20,None Specified,NA,NA,NA,0,NA,Range,13,25,NA,0,NA,None Specified,10,15,NA,0,0.49,NA,None Specified,NA,NA,NA,0,NA,Range,35,60,NA,0,NA,Range,30,40,NA,0,NA,,,NA,NA,NA,NA,"Klinger 2013, Ibarra-Manrquez 1992, Pennington 2013, Beltrán 2020, Pinzón-Navarro 2010"
Guarea grandifolia,,,,,,,NA,Range,10,16,NA,0,NA,,NA,NA,NA,NA,NA,,NA,NA,NA,NA,NA,,,NA,NA,NA,NA,NA,,NA,NA,NA,NA,NA,,NA,NA,NA,NA,NA,,,NA,NA,NA,NA,"Klinger 2013, Ibarra-Manrquez 1992, Pennington 2013, Beltrán 2020, Pinzón-Navarro 2010"
Guarea grandifolia,,,,,,,NA,Range,9,16,NA,25,NA,,NA,NA,NA,NA,NA,,NA,NA,NA,NA,NA,,,NA,NA,NA,NA,NA,,NA,NA,NA,NA,NA,,NA,NA,NA,NA,NA,,,NA,NA,NA,NA,"Klinger 2013, Ibarra-Manrquez 1992, Pennington 2013, Beltrán 2020, Pinzón-Navarro 2010"
Guarea grandifolia,,,,,,,3.5,None Specified,NA,NA,NA,0,NA,Range,13,25,NA,0,NA,,NA,NA,NA,NA,0.39,NA,None Specified,NA,NA,NA,0,NA,,NA,NA,NA,NA,NA,,NA,NA,NA,NA,59.5,NA,None Specified,NA,NA,NA,0,"Klinger 2013, Ibarra-Manrquez 1992, Pennington 2013, Beltrán 2020, Pinzón-Navarro 2010"
Guarea kunthiana,,Meliaceae,N,Red,D,D,NA,Range,1,8,NA,50,25,None Specified,NA,NA,NA,0,18,None Specified,NA,NA,NA,0,4.5,W,SD,NA,NA,2.1,120,16,None Specified,NA,NA,NA,0,14,None Specified,NA,NA,NA,0,3.15,W,None Specified,NA,NA,NA,0,"Stevenson 2023, Erard 1989, Pennington 2013, Wenny 2004, Wenny 1999, https://sweetgum.nybg.org/science/world-flora/monographs-details/?irn=10476 , https://www.biodiversitylibrary.org/item/91287#page/7/mode/1up"
Guarea kunthiana,,,,,,,NA,Range,4,6,NA,50,13,None Specified,NA,NA,NA,0,7.8,None Specified,NA,NA,NA,0,0.30666667,W,None Specified,NA,NA,NA,0,NA,Range,15,45,NA,0,NA,Range,15,35,NA,0,1.1,D,None Specified,NA,NA,NA,0,"Stevenson 2023, Erard 1989, Pennington 2013, Wenny 2004, Wenny 1999, https://sweetgum.nybg.org/science/world-flora/monographs-details/?irn=10476 , https://www.biodiversitylibrary.org/item/91287#page/7/mode/1up"
Guarea kunthiana,,,,,,,3,None Specified,NA,NA,NA,0,NA,,NA,NA,NA,NA,NA,,NA,NA,NA,NA,0.18666667,D,None Specified,NA,NA,NA,0,NA,Range,3,3.5,NA,0,NA,Range,2,2.5,NA,0,NA,,,NA,NA,NA,NA,"Stevenson 2023, Erard 1989, Pennington 2013, Wenny 2004, Wenny 1999, https://sweetgum.nybg.org/science/world-flora/monographs-details/?irn=10476 , https://www.biodiversitylibrary.org/item/91287#page/7/mode/1up"
Guarea kunthiana,,,,,,,NA,,NA,NA,NA,NA,NA,,NA,NA,NA,NA,NA,,NA,NA,NA,NA,NA,,,NA,NA,NA,NA,20.5,None Specified,NA,NA,NA,0,18,None Specified,NA,NA,NA,0,NA,,,NA,NA,NA,NA,"Stevenson 2023, Erard 1989, Pennington 2013, Wenny 2004, Wenny 1999, https://sweetgum.nybg.org/science/world-flora/monographs-details/?irn=10476 , https://www.biodiversitylibrary.org/item/91287#page/7/mode/1up"
Guatteria decurrens,,Annonaceae,N,Black/Purple,F,I,NA,,NA,NA,NA,NA,NA,Range,15,25,NA,0,NA,Range,7,12,NA,0,NA,,,NA,NA,NA,NA,NA,Range,15,25,NA,0,NA,Range,7,12,NA,0,NA,,,NA,NA,NA,NA,Maas 2011
Guatteria ferruginea,"Annona cauliflora, Guatteria burchellii, Guatteria glazioviana",Annonaceae,N,Black/Purple,F,I,NA,,NA,NA,NA,NA,8.6,None Specified,NA,NA,NA,30,4.6,None Specified,NA,NA,NA,30,0.11,D,None Specified,NA,NA,NA,30,NA,Range,9,10,NA,0,NA,Range,5,6,NA,0,NA,,,NA,NA,NA,NA,"Obregón 2007, Maas 2001, Lopes 2014"
Guatteria ferruginea,,,,,,,NA,,NA,NA,NA,NA,NA,Range,8,12,NA,0,NA,Range,5,7,NA,0,NA,,,NA,NA,NA,NA,NA,Range,9,10,NA,0,NA,Range,5,6,NA,0,NA,,,NA,NA,NA,NA,"Obregón 2007, Maas 2001, Lopes 2014"
Guatteria foliosa,,Annonaceae,N,Black,F,I,NA,,NA,NA,NA,NA,NA,,NA,NA,NA,NA,NA,,NA,NA,NA,NA,NA,,,NA,NA,NA,NA,NA,Range,15,20,NA,0,NA,Range,8,10,NA,0,NA,,,NA,NA,NA,NA,Maas et al. 2007 
Guatteria insculpta,,Annonaceae,N,Brown,F,I,NA,,NA,NA,NA,NA,NA,Range,12,19,NA,0,NA,Range,6,8,NA,0,NA,,,NA,NA,NA,NA,NA,Range,10,18,NA,0,NA,Range,5,12,NA,0,NA,,,NA,NA,NA,NA,Maas 2011
Guatteria olivacea,Guatteria punctata,Annonaceae,N,Black,F,I,1,None Specified,NA,NA,NA,6,7.5,None Specified,NA,NA,NA,5,4.925,None Specified,NA,NA,NA,6,0.208,W,None Specified,NA,NA,NA,5,10,None Specified,NA,NA,NA,5,8,None Specified,NA,NA,NA,5,0.252,D,None Specified,NA,NA,NA,6,"Stevenson 2023, Stevenson 2002, Bentos 2013"
Guatteria olivacea,,,,,,,1,None Specified,NA,NA,NA,30,NA,,NA,NA,NA,NA,NA,,NA,NA,NA,NA,0.224,W,None Specified,NA,NA,NA,30,NA,,NA,NA,NA,NA,NA,,NA,NA,NA,NA,0.78,W,None Specified,NA,NA,NA,30,"Stevenson 2023, Stevenson 2002, Bentos 2013"
Guatteria olivacea,,,,,,,NA,,NA,NA,NA,NA,NA,,NA,NA,NA,NA,NA,,NA,NA,NA,NA,0.14,W,None Specified,NA,NA,NA,5,NA,,NA,NA,NA,NA,NA,,NA,NA,NA,NA,0.596,W,None Specified,NA,NA,NA,6,"Stevenson 2023, Stevenson 2002, Bentos 2013"
Guatteria punctata,Guatteria olivacea,Annonaceae,N,Black,F,I,1,None Specified,NA,NA,NA,6,7.5,None Specified,NA,NA,NA,5,4.925,None Specified,NA,NA,NA,6,0.208,W,None Specified,NA,NA,NA,5,10,None Specified,NA,NA,NA,5,8,None Specified,NA,NA,NA,5,0.252,D,None Specified,NA,NA,NA,6,"Stevenson 2023, Stevenson 2002, Bentos 2013"
Guatteria punctata,,,,,,,1,None Specified,NA,NA,NA,30,NA,,NA,NA,NA,NA,NA,,NA,NA,NA,NA,0.224,W,None Specified,NA,NA,NA,30,NA,,NA,NA,NA,NA,NA,,NA,NA,NA,NA,0.78,W,None Specified,NA,NA,NA,30,"Stevenson 2023, Stevenson 2002, Bentos 2013"
Guatteria punctata,,,,,,,NA,,NA,NA,NA,NA,NA,,NA,NA,NA,NA,NA,,NA,NA,NA,NA,0.14,W,None Specified,NA,NA,NA,5,NA,,NA,NA,NA,NA,NA,,NA,NA,NA,NA,0.596,W,None Specified,NA,NA,NA,6,"Stevenson 2023, Stevenson 2002, Bentos 2013"
Guazuma mutamba,Guazuma mutamba,Sterculiaceae,N,Black/Purple,D,D,NA,Range,12,81,NA,40,2.7,None Specified,NA,NA,NA,0,1.5,None Specified,NA,NA,NA,6,0.005,W,None Specified,NA,NA,NA,0,22.5,None Specified,NA,NA,NA,0,13,None Specified,NA,NA,NA,0,0.5,D,None Specified,NA,NA,NA,6,"Stevenson 2023, Alves-Costa 2007, Wallace 2005, Donatti 2007, Stevenson 2002, Pearson 2002, Daws 2005, Pellizzarro 2016"
Guazuma mutamba,,,,,,,58,None Specified,NA,NA,NA,6,2.5,None Specified,NA,NA,NA,0,NA,,NA,NA,NA,NA,0.0054,D,SD,NA,NA,0.00086,5,17,None Specified,NA,NA,NA,0,18,Unknown +/-,NA,NA,1,30,5.75,NA,None Specified,NA,NA,NA,0,"Stevenson 2023, Alves-Costa 2007, Wallace 2005, Donatti 2007, Stevenson 2002, Pearson 2002, Daws 2005, Pellizzarro 2016"
Guazuma mutamba,,,,,,,NA,,NA,NA,NA,NA,NA,,NA,NA,NA,NA,NA,,NA,NA,NA,NA,0.0046,W,None Specified,NA,NA,NA,0,NA,,NA,NA,NA,NA,NA,,NA,NA,NA,NA,1.36,W,None Specified,NA,NA,NA,6,"Stevenson 2023, Alves-Costa 2007, Wallace 2005, Donatti 2007, Stevenson 2002, Pearson 2002, Daws 2005, Pellizzarro 2016"
Guazuma mutamba,,,,,,,NA,,NA,NA,NA,NA,NA,,NA,NA,NA,NA,NA,,NA,NA,NA,NA,0.004,D,None Specified,NA,NA,NA,10,19.9,Unknown +/-,NA,NA,1.1,30,NA,,NA,NA,NA,NA,3.3,NA,Unknown +/-,NA,NA,0.6,30,"Stevenson 2023, Alves-Costa 2007, Wallace 2005, Donatti 2007, Stevenson 2002, Pearson 2002, Daws 2005, Pellizzarro 2016"
Guazuma mutamba,,,,,,,NA,,NA,NA,NA,NA,NA,,NA,NA,NA,NA,NA,,NA,NA,NA,NA,0.00206897,D,None Specified,NA,NA,NA,0,NA,,NA,NA,NA,NA,NA,,NA,NA,NA,NA,NA,,,NA,NA,NA,NA,"Stevenson 2023, Alves-Costa 2007, Wallace 2005, Donatti 2007, Stevenson 2002, Pearson 2002, Daws 2005, Pellizzarro 2016"
Guazuma mutamba,,,,,,,NA,,NA,NA,NA,NA,NA,,NA,NA,NA,NA,NA,,NA,NA,NA,NA,0.0063,W,None Specified,NA,NA,NA,1,NA,,NA,NA,NA,NA,NA,,NA,NA,NA,NA,NA,,,NA,NA,NA,NA,"Stevenson 2023, Alves-Costa 2007, Wallace 2005, Donatti 2007, Stevenson 2002, Pearson 2002, Daws 2005, Pellizzarro 2016"
Guazuma ulmifolia,Guazuma ulmifolia,Sterculiaceae,N,Black/Purple,D,D,NA,Range,12,81,NA,40,2.7,None Specified,NA,NA,NA,0,1.5,None Specified,NA,NA,NA,6,0.005,W,None Specified,NA,NA,NA,0,22.5,None Specified,NA,NA,NA,0,13,None Specified,NA,NA,NA,0,0.5,D,None Specified,NA,NA,NA,6,"Stevenson 2023, Alves-Costa 2007, Wallace 2005, Donatti 2007, Stevenson 2002, Pearson 2002, Daws 2005, Pellizzarro 2016"
Guazuma ulmifolia,,,,,,,58,None Specified,NA,NA,NA,6,2.5,None Specified,NA,NA,NA,0,NA,,NA,NA,NA,NA,0.0054,D,SD,NA,NA,0.00086,5,17,None Specified,NA,NA,NA,0,18,Unknown +/-,NA,NA,1,30,5.75,NA,None Specified,NA,NA,NA,0,"Stevenson 2023, Alves-Costa 2007, Wallace 2005, Donatti 2007, Stevenson 2002, Pearson 2002, Daws 2005, Pellizzarro 2016"
Guazuma ulmifolia,,,,,,,NA,,NA,NA,NA,NA,NA,,NA,NA,NA,NA,NA,,NA,NA,NA,NA,0.0046,W,None Specified,NA,NA,NA,0,NA,,NA,NA,NA,NA,NA,,NA,NA,NA,NA,1.36,W,None Specified,NA,NA,NA,6,"Stevenson 2023, Alves-Costa 2007, Wallace 2005, Donatti 2007, Stevenson 2002, Pearson 2002, Daws 2005, Pellizzarro 2016"
Guazuma ulmifolia,,,,,,,NA,,NA,NA,NA,NA,NA,,NA,NA,NA,NA,NA,,NA,NA,NA,NA,0.004,D,None Specified,NA,NA,NA,10,19.9,Unknown +/-,NA,NA,1.1,30,NA,,NA,NA,NA,NA,3.3,NA,Unknown +/-,NA,NA,0.6,30,"Stevenson 2023, Alves-Costa 2007, Wallace 2005, Donatti 2007, Stevenson 2002, Pearson 2002, Daws 2005, Pellizzarro 2016"
Guazuma ulmifolia,,,,,,,NA,,NA,NA,NA,NA,NA,,NA,NA,NA,NA,NA,,NA,NA,NA,NA,0.00206897,D,None Specified,NA,NA,NA,0,NA,,NA,NA,NA,NA,NA,,NA,NA,NA,NA,NA,,,NA,NA,NA,NA,"Stevenson 2023, Alves-Costa 2007, Wallace 2005, Donatti 2007, Stevenson 2002, Pearson 2002, Daws 2005, Pellizzarro 2016"
Guazuma ulmifolia,,,,,,,NA,,NA,NA,NA,NA,NA,,NA,NA,NA,NA,NA,,NA,NA,NA,NA,0.0063,W,None Specified,NA,NA,NA,1,NA,,NA,NA,NA,NA,NA,,NA,NA,NA,NA,NA,,,NA,NA,NA,NA,"Stevenson 2023, Alves-Costa 2007, Wallace 2005, Donatti 2007, Stevenson 2002, Pearson 2002, Daws 2005, Pellizzarro 2016"
Guettarda acreana,"Stenostomum acreanum, Antirhea panamensis, Antirhea surinamensis, Chomelia chambersii, Chomelia panamensis, Guettarda leiantha",Rubiaceae,N,Black,F,I,3,None Specified,NA,NA,NA,0,NA,,NA,NA,NA,NA,NA,,NA,NA,NA,NA,NA,,,NA,NA,NA,NA,7,None Specified,NA,NA,NA,0,NA,Range,4,6,NA,0,NA,,,NA,NA,NA,NA,"Sandwith 1933, Bremekamp 1959"
Guettarda hirsuta,"Guettarda fontanesii, Tournefortiopsis hirsuta",Rubiaceae,N,Black,F,I,NA,,NA,NA,NA,NA,NA,,NA,NA,NA,NA,NA,,NA,NA,NA,NA,NA,,,NA,NA,NA,NA,NA,Range,6,8,NA,0,NA,Range,4,5,NA,0,NA,,,NA,NA,NA,NA,Taylor 2021
Guettarda viburnoides,"Matthiola viburnoides, Guettarda platyphylla, Matthiola platyphylla",Rubiaceae,N,Yellow/Orange,F,I,NA,Range,3,7,NA,800,13,None Specified,NA,NA,NA,0,7,None Specified,NA,NA,NA,0,NA,,,NA,NA,NA,NA,22,None Specified,NA,NA,NA,0,NA,Range,10,14,NA,0,NA,,,NA,NA,NA,NA,"Alves-Costa 2007, Loayza 2009, Canale 2016, Sarmento 2015"
Guettarda viburnoides,,,,,,,NA,,NA,NA,NA,NA,NA,Range,0.5,0.8,NA,0,NA,Range,0.2,0.4,NA,0,NA,,,NA,NA,NA,NA,NA,Range,12,15,NA,0,NA,,NA,NA,NA,NA,NA,,,NA,NA,NA,NA,"Alves-Costa 2007, Loayza 2009, Canale 2016, Sarmento 2015"
Gustavia hexapetala,Pirigara hexapetala,Lecythidaceae,N,Orange,D,D,9.442857143,None Specified,NA,NA,NA,5,16.5,None Specified,NA,NA,NA,5,10,None Specified,NA,NA,NA,6,0.71303164,D,None Specified,NA,NA,NA,5,55,None Specified,NA,NA,NA,5,47.5,None Specified,NA,NA,NA,5,18.1693333,D,None Specified,NA,NA,NA,6,"Stevenson 2023, Stevenson 2002, Stevenson 2007  "
Gustavia hexapetala,,,,,,,NA,,NA,NA,NA,NA,NA,,NA,NA,NA,NA,NA,,NA,NA,NA,NA,1.0867994,W,None Specified,NA,NA,NA,5,NA,,NA,NA,NA,NA,NA,,NA,NA,NA,NA,37.7426667,W,None Specified,NA,NA,NA,6,"Stevenson 2023, Stevenson 2002, Stevenson 2007  "
Gustavia superba,,Lecythidaceae,,Yellow/Green,D,D,7,Range,1,22,NA,100,NA,,NA,NA,NA,NA,NA,,NA,NA,NA,NA,13,NA,None Specified,NA,NA,NA,0,NA,,NA,NA,NA,NA,NA,,NA,NA,NA,NA,NA,,,NA,NA,NA,NA,"https://onlinelibrary.wiley.com/doi/abs/10.2307/3237138?casa_token=BFNIxVbClVkAAAAA%3AGsa04gaaGnZ572BZeQD0N5TVVaQHQOyAj4tkC7UYTl7v2QbzFkVQo7TvQMbZDoxqUN0de4KNU7lLBfX_, Forget 1992"
Gustavia superba,,,,,,,7,Range,1,22,NA,100,NA,,NA,NA,NA,NA,NA,,NA,NA,NA,NA,12.6,NA,None Specified,6.7,20.3,NA,0,NA,,NA,NA,NA,NA,NA,,NA,NA,NA,NA,NA,,,NA,NA,NA,NA,"https://onlinelibrary.wiley.com/doi/abs/10.2307/3237138?casa_token=BFNIxVbClVkAAAAA%3AGsa04gaaGnZ572BZeQD0N5TVVaQHQOyAj4tkC7UYTl7v2QbzFkVQo7TvQMbZDoxqUN0de4KNU7lLBfX_, Forget 1992"
Hancornia speciosa,,Apocynaceae,N,Green,F,I,8.8,SD,NA,NA,6.6,43,NA,,NA,NA,NA,NA,NA,,NA,NA,NA,NA,0.23,W,SD,NA,NA,0.01,0,30.7,Unknown +/-,NA,NA,3.3,30,29.8,Unknown +/-,NA,NA,3.7,30,30,NA,None Specified,NA,NA,NA,0,"Donatti 2007, Castro 2011, Darrault 2005, Pellizzarro 2016"
Hancornia speciosa,,,,,,,1,None Specified,NA,NA,NA,40,NA,,NA,NA,NA,NA,NA,,NA,NA,NA,NA,NA,,,NA,NA,NA,NA,NA,,NA,NA,NA,NA,NA,,NA,NA,NA,NA,15.4,W,Unknown +/-,NA,NA,5.3,30,"Donatti 2007, Castro 2011, Darrault 2005, Pellizzarro 2016"
Hancornia speciosa,,,,,,,2,SD,NA,NA,0.7,45,NA,,NA,NA,NA,NA,NA,,NA,NA,NA,NA,NA,,,NA,NA,NA,NA,NA,,NA,NA,NA,NA,NA,,NA,NA,NA,NA,NA,,,NA,NA,NA,NA,"Donatti 2007, Castro 2011, Darrault 2005, Pellizzarro 2016"
Harrisia bonplandii,"Cereus bonplandii, Eriocereus bonplandii, Harrisia pomanensis, Acanthocereus acutangulus, Cereus acutangulus, Cereus balansae, Cereus guelichii, Cereus pomanensis, Echinopsis balansae, Eriocereus guelichii, Harrisia balansae, Harrisia guelichii ",Cactaceae,N,Red,F,D,749,Unknown +/-,NA,NA,110,30,2.2,Unknown +/-,NA,NA,0.3,30,1.8,Unknown +/-,NA,NA,0.1,30,0.002,NA,Unknown +/-,NA,NA,7.00E-04,30,45.1,Unknown +/-,NA,NA,5,30,42.5,Unknown +/-,NA,NA,3.1,30,30.5,NA,Unknown +/-,NA,NA,7.7,30,Gomes 2015
Hebepetalum humiriifolium,Roucheria humiriifolia,Linaceae,N,Brown/Black,F,I,5,None Specified,NA,NA,NA,0,NA,Range,4,5,NA,0,NA,Range,0.5,1,NA,0,NA,,,NA,NA,NA,NA,9,None Specified,NA,NA,NA,0,8,None Specified,NA,NA,NA,0,1.314,NA,SD,NA,NA,0.298,50,"Erard 1989, Parrado-Rosselli 2002, Dávila 2020, Jardim 1999"
Hebepetalum humiriifolium,,,,,,,NA,,NA,NA,NA,NA,NA,,NA,NA,NA,NA,NA,,NA,NA,NA,NA,NA,,,NA,NA,NA,NA,NA,Range,8,10,NA,0,NA,Range,4,5,NA,0,NA,,,NA,NA,NA,NA,"Erard 1989, Parrado-Rosselli 2002, Dávila 2020, Jardim 1999"
Hedyosmum cuatrecazanum,Hedyosmum crassifolium,Chloranthaceae,N,Black,F,I,NA,Range,4,6,NA,0,5,None Specified,NA,NA,NA,7.5,3,None Specified,NA,NA,NA,7.5,0.01,D,None Specified,NA,NA,NA,5,29.3,SD,NA,NA,11.19529122,13,8.183333333,SD,NA,NA,0.791814181,12,NA,,,NA,NA,NA,NA,"Ramírez et al. 2013, Cárdenas 2021, Stevenson 2017, Stevenson 2021, Acosta-Rojas 2015, https://collections-botany.fieldmuseum.org/catalogue/3841578"
Hedyosmum cuatrecazanum,,,,,,,NA,,NA,NA,NA,NA,4,None Specified,NA,NA,NA,7.5,2.5,None Specified,NA,NA,NA,7.5,0.12,W,None Specified,NA,NA,NA,0,NA,,NA,NA,NA,NA,NA,,NA,NA,NA,NA,NA,,,NA,NA,NA,NA,"Ramírez et al. 2013, Cárdenas 2021, Stevenson 2017, Stevenson 2021, Acosta-Rojas 2015, https://collections-botany.fieldmuseum.org/catalogue/3841578"
Heisteria duckei,Heisteria iquitensis,Olacaceae,N,Red,F,I,NA,,NA,NA,NA,NA,NA,,NA,NA,NA,NA,NA,,NA,NA,NA,NA,NA,,,NA,NA,NA,NA,NA,,NA,NA,NA,NA,NA,,NA,NA,NA,NA,NA,,,NA,NA,NA,NA,
Heisteria nitida,,Olacaceae,N,Red/Pink,F,I,1,None Specified,NA,NA,NA,6,NA,,NA,NA,NA,NA,6,None Specified,NA,NA,NA,6,0.2,W,SD,NA,NA,0.04,5,11,None Specified,NA,NA,NA,0,NA,,NA,NA,NA,NA,0.42,D,None Specified,NA,NA,NA,0,"Stevenson 2002, Link 2004, Paine 2016, Paine 2007"
Heisteria nitida,,,,,,,NA,,NA,NA,NA,NA,NA,,NA,NA,NA,NA,NA,,NA,NA,NA,NA,0.22,W,None Specified,NA,NA,NA,30,NA,,NA,NA,NA,NA,NA,,NA,NA,NA,NA,0.9,W,None Specified,NA,NA,NA,0,"Stevenson 2002, Link 2004, Paine 2016, Paine 2007"
Heisteria silvianii,,Olacaceae,N,White/Red,F,I,1,None Specified,NA,NA,NA,12.5,13,None Specified,NA,NA,NA,12.5,12,None Specified,NA,NA,NA,12.5,0.4,W,None Specified,NA,NA,NA,12,13,None Specified,NA,NA,NA,12.5,10,None Specified,NA,NA,NA,12.5,0.9,W,None Specified,NA,NA,NA,12.5,Galetti 2011
Helicostylis pedunculata,,Moraceae,N,Yellow,F,I,NA,,NA,NA,NA,NA,6,None Specified,NA,NA,NA,0,4,None Specified,NA,NA,NA,0,NA,,,NA,NA,NA,NA,NA,Range,7,8,NA,0,5,None Specified,NA,NA,NA,0,17,D,Unknown +/-,NA,NA,0.01,19,"Berg 1972, Chuma 2017"
Helicostylis scabra,"Pseudolmedia scabra, Helicostylis asperifolia",Moraceae,N,NA,F,I,NA,,NA,NA,NA,NA,5,SE,NA,NA,0.2,10,5,SE,NA,NA,0.2,10,NA,,,NA,NA,NA,NA,12.8,None Specified,NA,NA,NA,1,11.9,None Specified,NA,NA,NA,1,NA,,,NA,NA,NA,NA,"Andresen 2000, https://collections-botany.fieldmuseum.org/catalogue/2907381"
Helicostylis tomentosa,,Moraceae,N,Yellow,F,I,13.14166667,None Specified,NA,NA,NA,5,7,None Specified,NA,NA,NA,5,6.125,None Specified,NA,NA,NA,6,0.13127183,D,None Specified,NA,NA,NA,5,35,None Specified,NA,NA,NA,5,25,None Specified,NA,NA,NA,5,3.9925,D,None Specified,NA,NA,NA,6,"Stevenson 2023, Stevenson 2002, Wallace 2005"
Helicostylis tomentosa,,,,,,,11.3,None Specified,NA,NA,NA,6,NA,,NA,NA,NA,NA,NA,,NA,NA,NA,NA,0.18853373,W,None Specified,NA,NA,NA,5,NA,,NA,NA,NA,NA,NA,,NA,NA,NA,NA,16.76,NA,None Specified,NA,NA,NA,0,"Stevenson 2023, Stevenson 2002, Wallace 2005"
Helicostylis tomentosa,,,,,,,NA,,NA,NA,NA,NA,NA,,NA,NA,NA,NA,NA,,NA,NA,NA,NA,NA,,,NA,NA,NA,NA,NA,,NA,NA,NA,NA,NA,,NA,NA,NA,NA,12.495,W,None Specified,NA,NA,NA,6,"Stevenson 2023, Stevenson 2002, Wallace 2005"
Henriettella fissanthera,,Melastomataceae,N,Green,F,I,NA,,NA,NA,NA,NA,NA,,NA,NA,NA,NA,NA,,NA,NA,NA,NA,1.00E-04,W,None Specified,NA,NA,NA,5,NA,Range,3,5,NA,0,NA,,NA,NA,NA,NA,0.00533333,D,None Specified,NA,NA,NA,6,"Stevenson 2023, Norden 2015, Stevenson et al. 2002"
Henriettella fissanthera,,,,,,,86.66666667,None Specified,NA,NA,NA,6,0.4,None Specified,NA,NA,NA,5,0.375,None Specified,NA,NA,NA,6,4.00E-04,NA,None Specified,NA,NA,NA,0,4,None Specified,NA,NA,NA,5,4,None Specified,NA,NA,NA,5,0.04405,W,None Specified,NA,NA,NA,6,"Stevenson 2023, Norden 2015, Stevenson et al. 2002"
Henriettella fissanthera,,,,,,,NA,,NA,NA,NA,NA,NA,,NA,NA,NA,NA,NA,,NA,NA,NA,NA,6.67E-05,D,None Specified,NA,NA,NA,5,NA,,NA,NA,NA,NA,NA,,NA,NA,NA,NA,NA,,,NA,NA,NA,NA,"Stevenson 2023, Norden 2015, Stevenson et al. 2002"
Herrania kanukuensis,Theobroma mariae,Malvaceae,N,Yellow,F,I,NA,,NA,NA,NA,NA,NA,,NA,NA,NA,NA,NA,,NA,NA,NA,NA,NA,,,NA,NA,NA,NA,90,None Specified,NA,NA,NA,0,50,None Specified,NA,NA,NA,0,NA,,,NA,NA,NA,NA,Schultes 1943
Heteropsis flexuosa,"Anthurium flexuosum, Pothos flexuosus",Araceae,Y,Orange,F,I,2,None Specified,NA,NA,NA,0,NA,Range,8,14,NA,0,NA,Range,0.5,1,NA,0,NA,,,NA,NA,NA,NA,NA,Range,10,15,NA,0,NA,Range,7,15,NA,0,NA,,,NA,NA,NA,NA,Soares 2013
Heteropsis jenmanii,Heteropsis flexuosa,Araceae,N,NA,F,I,NA,,NA,NA,NA,NA,NA,,NA,NA,NA,NA,NA,,NA,NA,NA,NA,NA,,,NA,NA,NA,NA,NA,,NA,NA,NA,NA,NA,,NA,NA,NA,NA,NA,,,NA,NA,NA,NA,
Heteropsis oblongifolia,"Dracontium integerrimum, Heteropsis integerrima",Araceae,N,Yellow,F,I,4,None Specified,NA,NA,NA,12.5,14.5,None Specified,NA,NA,NA,0,8,None Specified,NA,NA,NA,0,0.4,W,None Specified,NA,NA,NA,12,16,None Specified,NA,NA,NA,12.5,14,None Specified,NA,NA,NA,12.5,2.1,W,None Specified,NA,NA,NA,12.5,"Soares 2013, Knogge 2003, Galetti 2011"
Heteropsis oblongifolia,,,,,,,NA,Range,2,4,NA,0,NA,Range,7,10,NA,0,NA,Range,4,8,NA,0,0.59,W,None Specified,NA,NA,NA,0,NA,Range,10,17,NA,0,NA,Range,8,17,NA,0,NA,,,NA,NA,NA,NA,"Soares 2013, Knogge 2003, Galetti 2011"
Heteropsis oblongifolia,,,,,,,NA,,NA,NA,NA,NA,14,None Specified,NA,NA,NA,12.5,6,None Specified,NA,NA,NA,12.5,NA,,,NA,NA,NA,NA,NA,,NA,NA,NA,NA,NA,,NA,NA,NA,NA,NA,,,NA,NA,NA,NA,"Soares 2013, Knogge 2003, Galetti 2011"
Hieronyma oblonga,,Phyllanthaceae,Y,Red/Purple,F,I,1,None Specified,NA,NA,NA,5,4,None Specified,NA,NA,NA,5,2.85,None Specified,NA,NA,NA,5,NA,,,NA,NA,NA,NA,5,None Specified,NA,NA,NA,5,4,None Specified,NA,NA,NA,5,NA,,,NA,NA,NA,NA,Stevenson 2023
Holocalyx balansae,,Fabaceae,Y,Green,F,I,1.2,None Specified,NA,NA,NA,0,13.8,None Specified,NA,NA,NA,0,NA,,NA,NA,NA,NA,NA,,,NA,NA,NA,NA,21.6,None Specified,NA,NA,NA,0,17.8,None Specified,NA,NA,NA,0,6.4,NA,None Specified,NA,NA,NA,0,"Reys 2008, Alves-Costa 2007"
Holocalyx balansae,,,,,,,NA,,NA,NA,NA,NA,23,None Specified,NA,NA,NA,0,NA,,NA,NA,NA,NA,NA,,,NA,NA,NA,NA,30,None Specified,NA,NA,NA,0,NA,,NA,NA,NA,NA,NA,,,NA,NA,NA,NA,"Reys 2008, Alves-Costa 2007"
Homolepis aturensis,"Panicum aturense, Panicum blepharophorum, Panicum tumescens, Panicum viridiflorum, Milium orinoccense",Poaceae,N,Brown,D,I,NA,,NA,NA,NA,NA,1.15,SD,NA,NA,0.18516402,8,0.4375,SD,NA,NA,0.130247018,8,NA,,,NA,NA,NA,NA,2.5,None Specified,NA,NA,NA,0,1.3,None Specified,NA,NA,NA,0,NA,,,NA,NA,NA,NA,"https://books.google.com/books?id=gw3HZKJBvzYC&dq=%22Homolepis+aturensis%22+AND+fruit&lr=&source=gbs_navlinks_s, https://collections-botany.fieldmuseum.org/catalogue/307758"
Hovenia dulcis,,Rhamnaceae,Y,Brown,F,I,3,None Specified,NA,NA,NA,0,6,None Specified,NA,NA,NA,0,3.225,SD,NA,NA,0.754431353,4,0.026,D,None Specified,NA,NA,NA,0,35,None Specified,NA,NA,NA,0,5.572413793,SD,NA,NA,1.388703545,29,NA,,,NA,NA,NA,NA,"Alves-Costa 2007, Jones 1966, Possette 2015, Laurindo 2020, Hyun 2010, Kattge 2011, Maieves and Ribani et al. 2015, Maieves and López-Froilán et al. 2015, https://powo.science.kew.org/taxon/urn:lsid:ipni.org:names:717558-1/images (Hooker 1867)"
Hovenia dulcis,,,,,,,NA,Range,2,4,NA,0,NA,,NA,NA,NA,NA,NA,,NA,NA,NA,NA,0.0265,D,None Specified,NA,NA,NA,0,NA,,NA,NA,NA,NA,NA,,NA,NA,NA,NA,NA,,,NA,NA,NA,NA,"Alves-Costa 2007, Jones 1966, Possette 2015, Laurindo 2020, Hyun 2010, Kattge 2011, Maieves and Ribani et al. 2015, Maieves and López-Froilán et al. 2015, https://powo.science.kew.org/taxon/urn:lsid:ipni.org:names:717558-1/images (Hooker 1867)"
Hyeronima alchorneoides,,Phyllanthaceae,N,Red/Purple,F,I,1,None Specified,NA,NA,NA,12.5,3,None Specified,NA,NA,NA,12.5,2,None Specified,NA,NA,NA,12.5,0.0135,W,None Specified,NA,NA,NA,5,5,None Specified,NA,NA,NA,12.5,4,None Specified,NA,NA,NA,12.5,0.0165,D,None Specified,NA,NA,NA,5,"Stevenson 2023, Echeverry unpublished, Galetti 2011, Link 2004, Stevenson 2002, Yanoviak 2008, Stevenson et al. 2002, Pizo 2002"
Hyeronima alchorneoides,,,,,,,1,None Specified,NA,NA,NA,5,3,None Specified,NA,NA,NA,5,2.5,None Specified,NA,NA,NA,5,0.009477756,NA,None Specified,NA,NA,NA,0,4.5,None Specified,NA,NA,NA,5,4,None Specified,NA,NA,NA,5,0.0325,W,None Specified,NA,NA,NA,5,"Stevenson 2023, Echeverry unpublished, Galetti 2011, Link 2004, Stevenson 2002, Yanoviak 2008, Stevenson et al. 2002, Pizo 2002"
Hyeronima alchorneoides,,,,,,,NA,,NA,NA,NA,NA,2,None Specified,NA,NA,NA,0,NA,,NA,NA,NA,NA,0.0095,D,None Specified,NA,NA,NA,5,6.116666667,SD,NA,NA,0.479235502,6,5.266666667,SD,NA,NA,1.096661601,6,0.02,D,None Specified,NA,NA,NA,6,"Stevenson 2023, Echeverry unpublished, Galetti 2011, Link 2004, Stevenson 2002, Yanoviak 2008, Stevenson et al. 2002, Pizo 2002"
Hyeronima alchorneoides,,,,,,,NA,,NA,NA,NA,NA,NA,NA,NA,NA,NA,NA,NA,NA,NA,NA,NA,NA,NA,NA,NA,NA,NA,NA,NA,NA,Range,3,6,NA,0,NA,,NA,NA,NA,NA,NA,NA,NA,NA,NA,NA,NA,"Stevenson 2023, Echeverry unpublished, Galetti 2011, Link 2004, Stevenson 2002, Yanoviak 2008, Stevenson et al. 2002, Pizo 2002"
Hyeronima alchorneoides,,,,,,,NA,,NA,NA,NA,NA,NA,NA,NA,NA,NA,NA,NA,NA,NA,NA,NA,NA,NA,NA,NA,NA,NA,NA,NA,3.2,None Specified,NA,NA,NA,10,NA,,NA,NA,NA,NA,NA,NA,NA,NA,NA,NA,NA,"Stevenson 2023, Echeverry unpublished, Galetti 2011, Link 2004, Stevenson 2002, Yanoviak 2008, Stevenson et al. 2002, Pizo 2002"
Hyeronima huilense,,Phyllanthaceae,N,NA,F,I,NA,,NA,NA,NA,NA,NA,,NA,NA,NA,NA,NA,,NA,NA,NA,NA,NA,,,NA,NA,NA,NA,NA,,NA,NA,NA,NA,NA,,NA,NA,NA,NA,NA,,,NA,NA,NA,NA,
Hymenaea altissima,Hymenaea courbaril,Fabaceae,N,Brown,F,I,NA,Range,1,8,NA,0,NA,Range,25,30,NA,0,16,None Specified,NA,NA,NA,5,5.418,D,None Specified,NA,NA,NA,10,160,None Specified,NA,NA,NA,5,60,None Specified,NA,NA,NA,5,NA,NA,Range,23,160,NA,0,"Stevenson 2023, Souza 2001, Guimarães 2008, Galetti 2015, Baraloto 2007, Hallwach 1994, Donatti 2007, Hammond 1995, Daws 2005, Souza 2014"
Hymenaea altissima,,,,,,,NA,Range,1,2,NA,0,29.5,None Specified,NA,NA,NA,5,NA,Range,15,20,NA,0,4.95,W,None Specified,NA,NA,NA,17,NA,Range,60,140,NA,0,NA,Range,30,40,NA,0,NA,NA,Range,50,200,NA,0,"Stevenson 2023, Souza 2001, Guimarães 2008, Galetti 2015, Baraloto 2007, Hallwach 1994, Donatti 2007, Hammond 1995, Daws 2005, Souza 2014"
Hymenaea altissima,,,,,,,5,None Specified,NA,NA,NA,5,25.98,SE,NA,NA,0.48,40,18.1,SE,NA,NA,0.27,40,1.857,W,SD,NA,NA,0.9,10,108.9,Unknown +/-,NA,NA,7.9,30,48.3,Unknown +/-,NA,NA,3.1,30,NA,,,NA,NA,NA,NA,"Stevenson 2023, Souza 2001, Guimarães 2008, Galetti 2015, Baraloto 2007, Hallwach 1994, Donatti 2007, Hammond 1995, Daws 2005, Souza 2014"
Hymenaea altissima,,,,,,,NA,,NA,NA,NA,NA,NA,,NA,NA,NA,NA,NA,,NA,NA,NA,NA,4.39525,NA,SD,NA,NA,0.15207,40,NA,Range,70,170,NA,0,NA,Range,30,60,NA,0,NA,,,NA,NA,NA,NA,"Stevenson 2023, Souza 2001, Guimarães 2008, Galetti 2015, Baraloto 2007, Hallwach 1994, Donatti 2007, Hammond 1995, Daws 2005, Souza 2014"
Hymenaea altissima,,,,,,,NA,,NA,NA,NA,NA,NA,,NA,NA,NA,NA,NA,,NA,NA,NA,NA,2.9,D,None Specified,NA,NA,NA,40,NA,,NA,NA,NA,NA,NA,,NA,NA,NA,NA,NA,,,NA,NA,NA,NA,"Stevenson 2023, Souza 2001, Guimarães 2008, Galetti 2015, Baraloto 2007, Hallwach 1994, Donatti 2007, Hammond 1995, Daws 2005, Souza 2014"
Hymenaea altissima,,,,,,,NA,,NA,NA,NA,NA,NA,,NA,NA,NA,NA,NA,,NA,NA,NA,NA,4.06,D,None Specified,NA,NA,NA,17,NA,,NA,NA,NA,NA,NA,,NA,NA,NA,NA,NA,,,NA,NA,NA,NA,"Stevenson 2023, Souza 2001, Guimarães 2008, Galetti 2015, Baraloto 2007, Hallwach 1994, Donatti 2007, Hammond 1995, Daws 2005, Souza 2014"
Hymenaea altissima,,,,,,,NA,,NA,NA,NA,NA,NA,,NA,NA,NA,NA,NA,,NA,NA,NA,NA,NA,NA,Range,2,6,NA,0,NA,,NA,NA,NA,NA,NA,,NA,NA,NA,NA,NA,,,NA,NA,NA,NA,"Stevenson 2023, Souza 2001, Guimarães 2008, Galetti 2015, Baraloto 2007, Hallwach 1994, Donatti 2007, Hammond 1995, Daws 2005, Souza 2014"
Hymenaea courbaril,Hymenaea courbaril,Fabaceae,N,Brown,F,I,NA,Range,1,8,NA,0,NA,Range,25,30,NA,0,16,None Specified,NA,NA,NA,5,5.418,D,None Specified,NA,NA,NA,10,160,None Specified,NA,NA,NA,5,60,None Specified,NA,NA,NA,5,NA,NA,Range,23,160,NA,0,"Stevenson 2023, Souza 2001, Guimarães 2008, Galetti 2015, Baraloto 2007, Hallwach 1994, Donatti 2007, Hammond 1995, Daws 2005, Souza 2014"
Hymenaea courbaril,,,,,,,NA,Range,1,2,NA,0,29.5,None Specified,NA,NA,NA,5,NA,Range,15,20,NA,0,4.95,W,None Specified,NA,NA,NA,17,NA,Range,60,140,NA,0,NA,Range,30,40,NA,0,NA,NA,Range,50,200,NA,0,"Stevenson 2023, Souza 2001, Guimarães 2008, Galetti 2015, Baraloto 2007, Hallwach 1994, Donatti 2007, Hammond 1995, Daws 2005, Souza 2014"
Hymenaea courbaril,,,,,,,5,None Specified,NA,NA,NA,5,25.98,SE,NA,NA,0.48,40,18.1,SE,NA,NA,0.27,40,1.857,W,SD,NA,NA,0.9,10,108.9,Unknown +/-,NA,NA,7.9,30,48.3,Unknown +/-,NA,NA,3.1,30,NA,,,NA,NA,NA,NA,"Stevenson 2023, Souza 2001, Guimarães 2008, Galetti 2015, Baraloto 2007, Hallwach 1994, Donatti 2007, Hammond 1995, Daws 2005, Souza 2014"
Hymenaea courbaril,,,,,,,NA,,NA,NA,NA,NA,NA,,NA,NA,NA,NA,NA,,NA,NA,NA,NA,4.39525,NA,SD,NA,NA,0.15207,40,NA,Range,70,170,NA,0,NA,Range,30,60,NA,0,NA,,,NA,NA,NA,NA,"Stevenson 2023, Souza 2001, Guimarães 2008, Galetti 2015, Baraloto 2007, Hallwach 1994, Donatti 2007, Hammond 1995, Daws 2005, Souza 2014"
Hymenaea courbaril,,,,,,,NA,,NA,NA,NA,NA,NA,,NA,NA,NA,NA,NA,,NA,NA,NA,NA,2.9,D,None Specified,NA,NA,NA,40,NA,,NA,NA,NA,NA,NA,,NA,NA,NA,NA,NA,,,NA,NA,NA,NA,"Stevenson 2023, Souza 2001, Guimarães 2008, Galetti 2015, Baraloto 2007, Hallwach 1994, Donatti 2007, Hammond 1995, Daws 2005, Souza 2014"
Hymenaea courbaril,,,,,,,NA,,NA,NA,NA,NA,NA,,NA,NA,NA,NA,NA,,NA,NA,NA,NA,4.06,D,None Specified,NA,NA,NA,17,NA,,NA,NA,NA,NA,NA,,NA,NA,NA,NA,NA,,,NA,NA,NA,NA,"Stevenson 2023, Souza 2001, Guimarães 2008, Galetti 2015, Baraloto 2007, Hallwach 1994, Donatti 2007, Hammond 1995, Daws 2005, Souza 2014"
Hymenaea courbaril,,,,,,,NA,,NA,NA,NA,NA,NA,,NA,NA,NA,NA,NA,,NA,NA,NA,NA,NA,NA,Range,2,6,NA,0,NA,,NA,NA,NA,NA,NA,,NA,NA,NA,NA,NA,,,NA,NA,NA,NA,"Stevenson 2023, Souza 2001, Guimarães 2008, Galetti 2015, Baraloto 2007, Hallwach 1994, Donatti 2007, Hammond 1995, Daws 2005, Souza 2014"
Hymenaea oblongifolia,,Fabaceae,N,Brown,F,I,1.4,None Specified,NA,NA,NA,5,NA,,NA,NA,NA,NA,NA,,NA,NA,NA,NA,2.41768333,W,None Specified,NA,NA,NA,5,NA,,NA,NA,NA,NA,NA,,NA,NA,NA,NA,6.58272924,D,None Specified,NA,NA,NA,6,"Stevenson 2023, Stevenson 2002, Stevenson 2007"
Hymenaea oblongifolia,,,,,,,1.2,None Specified,NA,NA,NA,6,19,None Specified,NA,NA,NA,5,11,None Specified,NA,NA,NA,6,2.42,W,None Specified,NA,NA,NA,0,40,None Specified,NA,NA,NA,5,25.5,None Specified,NA,NA,NA,5,8.32826,W,None Specified,NA,NA,NA,6,"Stevenson 2023, Stevenson 2002, Stevenson 2007"
Hymenaea oblongifolia,,,,,,,NA,,NA,NA,NA,NA,NA,,NA,NA,NA,NA,NA,,NA,NA,NA,NA,1.71624103,D,None Specified,NA,NA,NA,5,NA,,NA,NA,NA,NA,NA,,NA,NA,NA,NA,NA,,,NA,NA,NA,NA,"Stevenson 2023, Stevenson 2002, Stevenson 2007"
Hymenaea stigonocarpa,,Fabaceae,N,Brown,F,I,NA,,NA,NA,NA,NA,19.5265,SD,NA,NA,0.576292027,2,12.684,SD,NA,NA,4.345878277,2,NA,NA,Range,0.546,7.666,NA,0,62.8,None Specified,NA,NA,NA,1,17.4,None Specified,NA,NA,NA,1,NA,,,NA,NA,NA,NA,"Pellizzarro 2016, Pereira 2011, http://legacy.tropicos.org/Image/100471644, , https://fm-digital-assets.fieldmuseum.org/1231/608/V0354928F.jpg"
Hymenaea stigonocarpa,,,,,,,NA,,NA,NA,NA,NA,NA,,NA,NA,NA,NA,NA,,NA,NA,NA,NA,3.7307,W,SD,NA,NA,1.0186,0,NA,,NA,NA,NA,NA,NA,,NA,NA,NA,NA,NA,,,NA,NA,NA,NA,"Pellizzarro 2016, Pereira 2011, http://legacy.tropicos.org/Image/100471644, , https://fm-digital-assets.fieldmuseum.org/1231/608/V0354928F.jpg"
Inga acreana,Inga myriocephala,Leguminosae,N,Green,F,I,10,None Specified,NA,NA,NA,5,13,None Specified,NA,NA,NA,5,7,None Specified,NA,NA,NA,6,0.37,D,None Specified,NA,NA,NA,5,170,None Specified,NA,NA,NA,5,25,None Specified,NA,NA,NA,5,8.8,D,None Specified,NA,NA,NA,5,"Stevenson 2023, Stevenson 2007, Stevenson 2002, García 2020"
Inga acreana,,,,,,,6.1,None Specified,NA,NA,NA,6,NA,,NA,NA,NA,NA,8.75,None Specified,NA,NA,NA,5,0.82,W,None Specified,NA,NA,NA,5,NA,,NA,NA,NA,NA,NA,,NA,NA,NA,NA,7.38,D,None Specified,NA,NA,NA,6,"Stevenson 2023, Stevenson 2007, Stevenson 2002, García 2020"
Inga acreana,,,,,,,NA,,NA,NA,NA,NA,NA,,NA,NA,NA,NA,NA,,NA,NA,NA,NA,0.76,W,None Specified,NA,NA,NA,0,NA,,NA,NA,NA,NA,NA,,NA,NA,NA,NA,29.4,W,None Specified,NA,NA,NA,5,"Stevenson 2023, Stevenson 2007, Stevenson 2002, García 2020"
Inga acreana,,,,,,,NA,,NA,NA,NA,NA,NA,,NA,NA,NA,NA,NA,,NA,NA,NA,NA,NA,,,NA,NA,NA,NA,NA,,NA,NA,NA,NA,NA,,NA,NA,NA,NA,19.5,W,None Specified,NA,NA,NA,6,"Stevenson 2023, Stevenson 2007, Stevenson 2002, García 2020"
Inga acrocephala ,,Leguminosae,N,Green,F,I,NA,,NA,NA,NA,NA,NA,,NA,NA,NA,NA,NA,,NA,NA,NA,NA,0.77766917,D,None Specified,NA,NA,NA,5,NA,,NA,NA,NA,NA,NA,,NA,NA,NA,NA,35.8493333,D,None Specified,NA,NA,NA,6,"Stevenson 2023, Stevenson 2002"
Inga acrocephala ,,,,,,,15.6888889,None Specified,NA,NA,NA,6,18,None Specified,NA,NA,NA,5,11,None Specified,NA,NA,NA,6,1.18947368,W,None Specified,NA,NA,NA,5,300,None Specified,NA,NA,NA,5,40,None Specified,NA,NA,NA,5,103.346333,W,None Specified,NA,NA,NA,6,"Stevenson 2023, Stevenson 2002"
Inga alba,,Leguminosae,N,Green,F,I,11.75,None Specified,NA,NA,NA,5,17,SD,NA,NA,10,3,7,None Specified,NA,NA,NA,6,0.23,W,None Specified,NA,NA,NA,0,140,None Specified,NA,NA,NA,5,12.5,None Specified,NA,NA,NA,5,3.3825,D,None Specified,NA,NA,NA,6,"Stevenson 2023, Pinzón-Navarro 2010, Obregón 2007, Guimarães 2008, Oliveira 2000, Stevenson 2007, Stevenson 2002"
Inga alba,,,,,,,NA,Range,12,14,NA,0,8.9,None Specified,NA,NA,NA,30,5.9,None Specified,NA,NA,NA,30,0.15,D,None Specified,NA,NA,NA,30,NA,,NA,NA,NA,NA,NA,,NA,NA,NA,NA,NA,,,NA,NA,NA,NA,"Stevenson 2023, Pinzón-Navarro 2010, Obregón 2007, Guimarães 2008, Oliveira 2000, Stevenson 2007, Stevenson 2002"
Inga alba,,,,,,,10,None Specified,NA,NA,NA,0,8,None Specified,NA,NA,NA,5,5.975,None Specified,NA,NA,NA,5,0.2275,W,None Specified,NA,NA,NA,5,NA,,NA,NA,NA,NA,NA,,NA,NA,NA,NA,7.8375,W,None Specified,NA,NA,NA,6,"Stevenson 2023, Pinzón-Navarro 2010, Obregón 2007, Guimarães 2008, Oliveira 2000, Stevenson 2007, Stevenson 2002"
Inga alba,,,,,,,11,None Specified,NA,NA,NA,6,NA,,NA,NA,NA,NA,9,SD,NA,NA,1,3,0.1475,D,None Specified,NA,NA,NA,5,NA,,NA,NA,NA,NA,NA,,NA,NA,NA,NA,NA,,,NA,NA,NA,NA,"Stevenson 2023, Pinzón-Navarro 2010, Obregón 2007, Guimarães 2008, Oliveira 2000, Stevenson 2007, Stevenson 2002"
Inga alba,,,,,,,5,SD,NA,NA,1,3,NA,,NA,NA,NA,NA,NA,,NA,NA,NA,NA,NA,,,NA,NA,NA,NA,NA,,NA,NA,NA,NA,NA,,NA,NA,NA,NA,NA,,,NA,NA,NA,NA,"Stevenson 2023, Pinzón-Navarro 2010, Obregón 2007, Guimarães 2008, Oliveira 2000, Stevenson 2007, Stevenson 2002"
Inga bonplandiana,Inga sapindoides,Leguminosae,N,Green,F,I,7,None Specified,NA,NA,NA,0,13.5,None Specified,NA,NA,NA,1,7.3,None Specified,NA,NA,NA,1,0.43,D,None Specified,NA,NA,NA,0,155.7,None Specified,NA,NA,NA,1,20,None Specified,NA,NA,NA,1,NA,,,NA,NA,NA,NA,"Pinzón-Navarro 2010, Kattge 2011, http://legacy.tropicos.org/Image/100328787"
Inga cylindrica,,Leguminosae,N,Green,F,I,8,None Specified,NA,NA,NA,6,12,None Specified,NA,NA,NA,5,7.65,None Specified,NA,NA,NA,6,0.76,W,None Specified,NA,NA,NA,0,170,None Specified,NA,NA,NA,5,18.1111111,None Specified,NA,NA,NA,5,8.91,D,None Specified,NA,NA,NA,6,"Stevenson 2023, Stevenson 2007, Stevenson 2002"
Inga cylindrica,,,,,,,NA,,NA,NA,NA,NA,NA,,NA,NA,NA,NA,NA,,NA,NA,NA,NA,NA,,,NA,NA,NA,NA,NA,,NA,NA,NA,NA,NA,,NA,NA,NA,NA,25,W,None Specified,NA,NA,NA,6,"Stevenson 2023, Stevenson 2007, Stevenson 2002"
Inga edulis,,Leguminosae,N,Green,F,I,15,None Specified,NA,NA,NA,0,32.5,None Specified,NA,NA,NA,0,20,None Specified,NA,NA,NA,0,0.5,W,None Specified,NA,NA,NA,0,NA,,NA,NA,NA,NA,15,None Specified,NA,NA,NA,5,8.825,D,None Specified,NA,NA,NA,6,"Stevenson 2023, Pinzón-Navarro 2010, Rodrigues 2021, Guimarães 2008, Oliveira 2000, Stevenson 2007, Stevenson 2002, Foster 1985"
Inga edulis,,,,,,,NA,None Specified,10,15,NA,0,NA,,NA,NA,NA,NA,NA,,NA,NA,NA,NA,0.495,W,None Specified,NA,NA,NA,5,NA,,NA,NA,NA,NA,NA,,NA,NA,NA,NA,NA,,,NA,NA,NA,NA,"Stevenson 2023, Pinzón-Navarro 2010, Rodrigues 2021, Guimarães 2008, Oliveira 2000, Stevenson 2007, Stevenson 2002, Foster 1985"
Inga edulis,,,,,,,15,SD,4,24,4.6,100,44,SE,NA,NA,0.6,100,16,SE,NA,NA,0.2,100,5.4,W,SE,NA,NA,0.14,100,220,None Specified,NA,NA,NA,5,10,SD,NA,NA,1,3,27.3,W,None Specified,NA,NA,NA,6,"Stevenson 2023, Pinzón-Navarro 2010, Rodrigues 2021, Guimarães 2008, Oliveira 2000, Stevenson 2007, Stevenson 2002, Foster 1985"
Inga edulis,,,,,,,25,None Specified,NA,NA,NA,0,NA,Range,13,15,NA,0,5,None Specified,NA,NA,NA,6,0.539,W,None Specified,NA,NA,NA,0,NA,,NA,NA,NA,NA,NA,,NA,NA,NA,NA,NA,,,NA,NA,NA,NA,"Stevenson 2023, Pinzón-Navarro 2010, Rodrigues 2021, Guimarães 2008, Oliveira 2000, Stevenson 2007, Stevenson 2002, Foster 1985"
Inga edulis,,,,,,,11.3,None Specified,NA,NA,NA,5,NA,,NA,NA,NA,NA,NA,,NA,NA,NA,NA,0.305,D,None Specified,NA,NA,NA,5,NA,,NA,NA,NA,NA,NA,,NA,NA,NA,NA,NA,,,NA,NA,NA,NA,"Stevenson 2023, Pinzón-Navarro 2010, Rodrigues 2021, Guimarães 2008, Oliveira 2000, Stevenson 2007, Stevenson 2002, Foster 1985"
Inga edulis,,,,,,,10,None Specified,NA,NA,NA,6,14,None Specified,NA,NA,NA,5,5.925,None Specified,NA,NA,NA,5,1.6,D,None Specified,NA,NA,0.09,100,NA,,NA,NA,NA,NA,NA,,NA,NA,NA,NA,NA,,,NA,NA,NA,NA,"Stevenson 2023, Pinzón-Navarro 2010, Rodrigues 2021, Guimarães 2008, Oliveira 2000, Stevenson 2007, Stevenson 2002, Foster 1985"
Inga gracilifolia,,Leguminosae,N,Green,F,I,NA,,NA,NA,NA,NA,13.3,None Specified,NA,NA,NA,1,8.9,None Specified,NA,NA,NA,1,NA,,,NA,NA,NA,NA,135.3,SD,NA,NA,2.121320344,2,18.4,SD,NA,NA,0.707106781,2,NA,,,NA,NA,NA,NA,http://legacy.tropicos.org/Image/100497861
Inga huberi,,Leguminosae,N,NA,F,I,NA,,NA,NA,NA,NA,NA,,NA,NA,NA,NA,NA,,NA,NA,NA,NA,NA,,,NA,NA,NA,NA,200,None Specified,NA,NA,NA,0,40,None Specified,NA,NA,NA,0,NA,,,NA,NA,NA,NA,Andel 2000 Part I
Inga ingoides,"Feuilleea ingoides, Mimosa ingoides, Inga bahiensis, Feuilleea bahiensis, Inga galibica, Inga laxiflora, Inga merianae, Feuilleea sesuya",Leguminosae,N,Green,F,I,20,None Specified,NA,NA,NA,0,13.03333333,SD,NA,NA,2.500666578,3,5.733333333,SD,NA,NA,2.672701505,3,0.5,D,None Specified,NA,NA,NA,0,NA,Range,250,600,NA,0,NA,Range,15,20,NA,0,NA,,,NA,NA,NA,NA,"Morales 1998, Kattge 2011, https://powo.science.kew.org/taxon/urn:lsid:ipni.org:names:1131764-2/images (K001473368)"
Inga leiocalycina,Inga laevigata,Leguminosae,N,Green,F,I,NA,,NA,NA,NA,NA,NA,,NA,NA,NA,NA,NA,,NA,NA,NA,NA,0.33,D,None Specified,NA,NA,NA,17,NA,,NA,NA,NA,NA,NA,,NA,NA,NA,NA,NA,,,NA,NA,NA,NA,"Boissier 2020, Hammond 1995, Pinzón-Navarro 2010"
Inga leiocalycina,,,,,,,9.5,None Specified,NA,NA,NA,0,15.66842105,SD,NA,NA,2.835891518,19,10.58947368,SD,NA,NA,1.931578151,19,0.7,W,None Specified,NA,NA,NA,17,139.475,SD,NA,NA,58.49828345,4,21.25,SD,NA,NA,2.941088234,4,NA,,,NA,NA,NA,NA,"Boissier 2020, Hammond 1995, Pinzón-Navarro 2010"
Inga macrophylla ,,Leguminosae,N,Green,F,I,NA,Range,8,10,NA,0,30,None Specified,NA,NA,NA,0,8.5,None Specified,NA,NA,NA,5,0.44,W,None Specified,NA,NA,NA,5,220,None Specified,NA,NA,NA,5,30,None Specified,NA,NA,NA,5,18.02,D,None Specified,NA,NA,NA,5,"Stevenson 2023, Rodrigues 2021, Guimarães 2008"
Inga macrophylla ,,,,,,,19,SD,8,29,5.5,100,36,SE,NA,NA,0.4,100,18,SE,NA,NA,0.2,100,4.7,W,SE,NA,NA,0.08,100,NA,Range,300,450,NA,0,NA,Range,40,70,NA,0,57.8,W,None Specified,NA,NA,NA,5,"Stevenson 2023, Rodrigues 2021, Guimarães 2008"
Inga macrophylla ,,,,,,,17,None Specified,NA,NA,NA,5,13.5,None Specified,NA,NA,NA,5,NA,,NA,NA,NA,NA,0.23,D,None Specified,NA,NA,NA,5,NA,,NA,NA,NA,NA,NA,,NA,NA,NA,NA,NA,,,NA,NA,NA,NA,"Stevenson 2023, Rodrigues 2021, Guimarães 2008"
Inga macrophylla ,,,,,,,NA,,NA,NA,NA,NA,NA,,NA,NA,NA,NA,NA,,NA,NA,NA,NA,1.5,D,SE,NA,NA,0.06,100,NA,,NA,NA,NA,NA,NA,,NA,NA,NA,NA,NA,,,NA,NA,NA,NA,"Stevenson 2023, Rodrigues 2021, Guimarães 2008"
Inga marginata,Inga marginata,Leguminosae,N,Green,F,I,10,None Specified,NA,NA,NA,6,8.5,None Specified,NA,NA,NA,5,7.775,None Specified,NA,NA,NA,5,0.2,W,None Specified,NA,NA,NA,0,120,None Specified,NA,NA,NA,5,12.5,None Specified,NA,NA,NA,5,2.4,D,None Specified,NA,NA,NA,6,"Stevenson 2023, Stevenson 2002, Foster 1985, Kattge 2011, http://legacy.tropicos.org/Image/100498960"
Inga marginata,,,,,,,10.5,None Specified,NA,NA,NA,5,NA,,NA,NA,NA,NA,7,None Specified,NA,NA,NA,6,0.2,D,None Specified,NA,NA,NA,0,63.07647059,SD,NA,NA,15.49776312,17,NA,,NA,NA,NA,NA,7.9,W,None Specified,NA,NA,NA,6,"Stevenson 2023, Stevenson 2002, Foster 1985, Kattge 2011, http://legacy.tropicos.org/Image/100498960"
Inga marginata,,,,,,,NA,,NA,NA,NA,NA,NA,,NA,NA,NA,NA,NA,,NA,NA,NA,NA,0.12,D,None Specified,NA,NA,NA,5,NA,,NA,NA,NA,NA,NA,,NA,NA,NA,NA,NA,,,NA,NA,NA,NA,"Stevenson 2023, Stevenson 2002, Foster 1985, Kattge 2011, http://legacy.tropicos.org/Image/100498960"
Inga marginata,,,,,,,NA,,NA,NA,NA,NA,NA,,NA,NA,NA,NA,NA,,NA,NA,NA,NA,0.3,W,None Specified,NA,NA,NA,5,NA,,NA,NA,NA,NA,NA,,NA,NA,NA,NA,NA,,,NA,NA,NA,NA,"Stevenson 2023, Stevenson 2002, Foster 1985, Kattge 2011, http://legacy.tropicos.org/Image/100498960"
Inga pezizifera,"Feuilleea pezizifera, Inga microstachya, Inga riopalenquensis, Inga subsericantha, Inga urnifera",Leguminosae,N,Green,F,I,NA,,NA,NA,NA,NA,NA,,NA,NA,NA,NA,NA,,NA,NA,NA,NA,0.45,D,SE,NA,NA,0.02,100,NA,,NA,NA,NA,NA,NA,,NA,NA,NA,NA,NA,,,NA,NA,NA,NA,
Inga pezizifera,,,,,,,7,SD,2,13,2.8,100,20,SE,NA,NA,0.2,100,10,SE,NA,NA,0.1,100,0.82,W,SE,NA,NA,0.01,100,153,None Specified,NA,NA,NA,1,44.9,None Specified,NA,NA,NA,1,NA,,,NA,NA,NA,NA,"Rodrigues 2021, http://legacy.tropicos.org/Image/81263"
Inga rubiginosa,"Feuilleea rubiginosa, Mimosa rubiginosa, Inga standleyana",Leguminosae,N,Red/Brown,F,I,NA,,NA,NA,NA,NA,14,SD,NA,NA,3,3,9,SD,NA,NA,1,3,NA,,,NA,NA,NA,NA,268.6,None Specified,NA,NA,NA,1,37.9,None Specified,NA,NA,NA,1,NA,,,NA,NA,NA,NA,"Oliveira 2000, Roosmalen 1988"
Inga semialata,Inga marginata,Leguminosae,N,Green,F,I,10,None Specified,NA,NA,NA,6,8.5,None Specified,NA,NA,NA,5,7.775,None Specified,NA,NA,NA,5,0.2,W,None Specified,NA,NA,NA,0,120,None Specified,NA,NA,NA,5,12.5,None Specified,NA,NA,NA,5,2.4,D,None Specified,NA,NA,NA,6,"Stevenson 2023, Stevenson 2002, Foster 1985, Kattge 2011, http://legacy.tropicos.org/Image/100498960"
Inga semialata,,,,,,,10.5,None Specified,NA,NA,NA,5,NA,,NA,NA,NA,NA,7,None Specified,NA,NA,NA,6,0.2,D,None Specified,NA,NA,NA,0,63.07647059,SD,NA,NA,15.49776312,17,NA,,NA,NA,NA,NA,7.9,W,None Specified,NA,NA,NA,6,"Stevenson 2023, Stevenson 2002, Foster 1985, Kattge 2011, http://legacy.tropicos.org/Image/100498960"
Inga semialata,,,,,,,NA,,NA,NA,NA,NA,NA,,NA,NA,NA,NA,NA,,NA,NA,NA,NA,0.12,D,None Specified,NA,NA,NA,5,NA,,NA,NA,NA,NA,NA,,NA,NA,NA,NA,NA,,,NA,NA,NA,NA,"Stevenson 2023, Stevenson 2002, Foster 1985, Kattge 2011, http://legacy.tropicos.org/Image/100498960"
Inga semialata,,,,,,,NA,,NA,NA,NA,NA,NA,,NA,NA,NA,NA,NA,,NA,NA,NA,NA,0.3,W,None Specified,NA,NA,NA,5,NA,,NA,NA,NA,NA,NA,,NA,NA,NA,NA,NA,,,NA,NA,NA,NA,"Stevenson 2023, Stevenson 2002, Foster 1985, Kattge 2011, http://legacy.tropicos.org/Image/100498960"
Inga stenoptera,,Leguminosae,N,Green,F,I,10.75,None Specified,NA,NA,NA,5,25.5,None Specified,NA,NA,NA,5,9,None Specified,NA,NA,NA,6,0.75510606,W,None Specified,NA,NA,NA,5,220,None Specified,NA,NA,NA,5,17.5,None Specified,NA,NA,NA,5,8.8,D,None Specified,NA,NA,NA,6,"Stevenson 2023, Stevenson 2007, Stevenson 2002"
Inga stenoptera,,,,,,,10,None Specified,NA,NA,NA,6,NA,,NA,NA,NA,NA,NA,,NA,NA,NA,NA,0.82,W,None Specified,NA,NA,NA,0,NA,,NA,NA,NA,NA,NA,,NA,NA,NA,NA,8.91228687,D,None Specified,NA,NA,NA,5,"Stevenson 2023, Stevenson 2007, Stevenson 2002"
Inga stenoptera,,,,,,,NA,,NA,NA,NA,NA,NA,,NA,NA,NA,NA,NA,,NA,NA,NA,NA,0.45172888,D,None Specified,NA,NA,NA,5,NA,,NA,NA,NA,NA,NA,,NA,NA,NA,NA,24.9455556,W,None Specified,NA,NA,NA,5,"Stevenson 2023, Stevenson 2007, Stevenson 2002"
Inga stenoptera,,,,,,,NA,,NA,NA,NA,NA,NA,,NA,NA,NA,NA,NA,,NA,NA,NA,NA,NA,,,NA,NA,NA,NA,NA,,NA,NA,NA,NA,NA,,NA,NA,NA,NA,29.4,W,None Specified,NA,NA,NA,6,"Stevenson 2023, Stevenson 2007, Stevenson 2002"
Inga tenuistipula,Inga guentheri,Leguminosae,N,Green,F,I,15,None Specified,NA,NA,NA,5,17,None Specified,NA,NA,NA,5,9.4,None Specified,NA,NA,NA,5,NA,,,NA,NA,NA,NA,200,None Specified,NA,NA,NA,5,28.5,None Specified,NA,NA,NA,5,NA,,,NA,NA,NA,NA,Stevenson 2023
Inga thibaudiana,,Leguminosae,N,Green,F,I,14,None Specified,NA,NA,NA,0,13,None Specified,NA,NA,NA,5,4.8,None Specified,NA,NA,NA,6,0.166,W,SD,NA,NA,0.04,20,128,None Specified,NA,NA,NA,0,22.5,None Specified,NA,NA,NA,0,8.68,D,None Specified,NA,NA,NA,5,"Stevenson 2023, Stevenson 2002, Guimarães 2008, Peña-Claros 2001, Lapenta 2003, Pinzón-Navarro 2010, Knörr 2010, Norford personal observation"
Inga thibaudiana,,,,,,,NA,Range,10,20,NA,0,NA,Range,12,14,NA,0,NA,,NA,NA,NA,NA,0.2,D,None Specified,NA,NA,NA,0,210,None Specified,NA,NA,NA,5,18,None Specified,NA,NA,NA,5,NA,,,NA,NA,NA,NA,"Stevenson 2023, Stevenson 2002, Guimarães 2008, Peña-Claros 2001, Lapenta 2003, Pinzón-Navarro 2010, Knörr 2010, Norford personal observation"
Inga thibaudiana,,,,,,,16,None Specified,NA,NA,NA,5,NA,,NA,NA,NA,NA,NA,,NA,NA,NA,NA,0.21,W,None Specified,NA,NA,NA,5,NA,,NA,NA,NA,NA,NA,,NA,NA,NA,NA,NA,,,NA,NA,NA,NA,"Stevenson 2023, Stevenson 2002, Guimarães 2008, Peña-Claros 2001, Lapenta 2003, Pinzón-Navarro 2010, Knörr 2010, Norford personal observation"
Inga thibaudiana,,,,,,,16.08928571,SD,NA,NA,5.170815957,56,NA,,NA,NA,NA,NA,NA,,NA,NA,NA,NA,0.1,D,None Specified,NA,NA,NA,5,NA,,NA,NA,NA,NA,NA,,NA,NA,NA,NA,NA,,,NA,NA,NA,NA,"Stevenson 2023, Stevenson 2002, Guimarães 2008, Peña-Claros 2001, Lapenta 2003, Pinzón-Navarro 2010, Knörr 2010, Norford personal observation"
Iriartea deltoidea,,Arecaceae,N,Green/Yellow/Blue/Black,D,I,NA,,NA,NA,NA,NA,22.5,None Specified,NA,NA,NA,5,20,None Specified,NA,NA,NA,6,3.86,W,None Specified,NA,NA,NA,30,NA,Range,28,40,NA,0,34,None Specified,NA,NA,NA,5,8.06,D,None Specified,NA,NA,NA,6,"Stevenson 2023, Kissling 2019, Stevenson 2002, Kuprewicz 2013, Paine 2016, Paine 2007, Vargas 2013"
Iriartea deltoidea,,,,,,,1,None Specified,NA,NA,NA,6,NA,Range,20,25,NA,0,24,None Specified,NA,NA,NA,50,2.9,NA,SD,NA,NA,0.9,50,NA,Range,20,30,NA,0,NA,Range,20,27,NA,0,17.84615,W,None Specified,NA,NA,NA,6,"Stevenson 2023, Kissling 2019, Stevenson 2002, Kuprewicz 2013, Paine 2016, Paine 2007, Vargas 2013"
Iriartea deltoidea,,,,,,,NA,,NA,NA,NA,NA,NA,,NA,NA,NA,NA,NA,,NA,NA,NA,NA,2.91,D,SD,NA,NA,1.03,10,35,None Specified,NA,NA,NA,5,NA,,NA,NA,NA,NA,NA,,,NA,NA,NA,NA,"Stevenson 2023, Kissling 2019, Stevenson 2002, Kuprewicz 2013, Paine 2016, Paine 2007, Vargas 2013"
Iriartea deltoidea,,,,,,,NA,,NA,NA,NA,NA,NA,,NA,NA,NA,NA,NA,,NA,NA,NA,NA,4.92915,D,None Specified,NA,NA,NA,5,NA,,NA,NA,NA,NA,NA,,NA,NA,NA,NA,NA,,,NA,NA,NA,NA,"Stevenson 2023, Kissling 2019, Stevenson 2002, Kuprewicz 2013, Paine 2016, Paine 2007, Vargas 2013"
Iriartea deltoidea,,,,,,,NA,,NA,NA,NA,NA,NA,,NA,NA,NA,NA,21.25,None Specified,NA,NA,NA,5,3.9,W,SD,NA,NA,0.4,10,34,None Specified,NA,NA,NA,0,NA,,NA,NA,NA,NA,NA,,,NA,NA,NA,NA,"Stevenson 2023, Kissling 2019, Stevenson 2002, Kuprewicz 2013, Paine 2016, Paine 2007, Vargas 2013"
Iriartea deltoidea,,,,,,,NA,,NA,NA,NA,NA,NA,,NA,NA,NA,NA,NA,,NA,NA,NA,NA,7.0992,W,None Specified,NA,NA,NA,5,NA,,NA,NA,NA,NA,NA,,NA,NA,NA,NA,NA,,,NA,NA,NA,NA,"Stevenson 2023, Kissling 2019, Stevenson 2002, Kuprewicz 2013, Paine 2016, Paine 2007, Vargas 2013"
Iryanthera crassifolia,Virola papillosa,Myristicaceae,N,Green/Red,F,D,1,None Specified,NA,NA,NA,1,18.8,None Specified,NA,NA,NA,1,NA,,NA,NA,NA,NA,NA,,,NA,NA,NA,NA,33,None Specified,NA,NA,NA,0,26,None Specified,NA,NA,NA,0,NA,,,NA,NA,NA,NA,"Smith 1938 (Iryanthera), Lopes 2023, https://collections-botany.fieldmuseum.org/catalogue/2963138"
Iryanthera crassifolia,,,,,,,NA,,NA,NA,NA,NA,NA,,NA,NA,NA,NA,NA,,NA,NA,NA,NA,NA,,,NA,NA,NA,NA,18.3,None Specified,NA,NA,NA,1,13.9,None Specified,NA,NA,NA,1,NA,,,NA,NA,NA,NA,"Smith 1938 (Iryanthera), Lopes 2023, https://collections-botany.fieldmuseum.org/catalogue/2963138"
Iryanthera sagotiana,,Myristicaceae,N,Green/Red,F,D,1,None Specified,NA,NA,NA,1,NA,,NA,NA,NA,NA,21.9,None Specified,NA,NA,NA,1,NA,,,NA,NA,NA,NA,22,None Specified,NA,NA,NA,0,33.1,None Specified,NA,NA,NA,1,NA,,,NA,NA,NA,NA,"Boissier 2020, Erard 1989, Smith 1938 (Iryanthera), Lopes 2023"
Iryanthera sagotiana,,,,,,,NA,,NA,NA,NA,NA,NA,,NA,NA,NA,NA,NA,,NA,NA,NA,NA,NA,,,NA,NA,NA,NA,NA,Range,21,27,NA,0,NA,Range,17,20,NA,0,NA,,,NA,NA,NA,NA,"Boissier 2020, Erard 1989, Smith 1938 (Iryanthera), Lopes 2023"
Iryanthera sagotiana,,,,,,,NA,,NA,NA,NA,NA,NA,,NA,NA,NA,NA,NA,,NA,NA,NA,NA,NA,,,NA,NA,NA,NA,NA,Range,20,22,NA,0,NA,Range,19,21,NA,0,NA,,,NA,NA,NA,NA,"Boissier 2020, Erard 1989, Smith 1938 (Iryanthera), Lopes 2023"
Isertia coccinea,"Duhamelia coccinea, Guettarda coccinea, Phosanthus coccineus, Isertia flava",Rubiaceae,N,Green/Red,F,I,NA,,NA,NA,NA,NA,NA,,NA,NA,NA,NA,NA,,NA,NA,NA,NA,NA,,,NA,NA,NA,NA,9.5569,SD,NA,NA,2.005860827,10,8.246,SD,NA,NA,1.663167527,10,NA,,,NA,NA,NA,NA,https://collections-botany.fieldmuseum.org/catalogue/311289
Jacaratia digitata,,Caricaceae,N,Orange,F,I,NA,,NA,NA,NA,NA,NA,Range,3,6,NA,0,NA,,NA,NA,NA,NA,0.05,W,None Specified,NA,NA,NA,5,NA,,NA,NA,NA,NA,NA,,NA,NA,NA,NA,7.33,D,None Specified,NA,NA,NA,6,"Stevenson 2023, Norford Under Review, Stevenson 2002, Foster 1985"
Jacaratia digitata,,,,,,,206,None Specified,NA,NA,NA,6,4.5,None Specified,NA,NA,NA,7.5,3.75,None Specified,NA,NA,NA,7.5,0.04,W,None Specified,NA,NA,NA,0,117,None Specified,NA,NA,NA,5,45,None Specified,NA,NA,NA,5,72.28,W,None Specified,NA,NA,NA,6,"Stevenson 2023, Norford Under Review, Stevenson 2002, Foster 1985"
Jacaratia digitata,,,,,,,NA,,NA,NA,NA,NA,NA,,NA,NA,NA,NA,NA,,NA,NA,NA,NA,0.01398058,D,None Specified,NA,NA,NA,5,NA,,NA,NA,NA,NA,NA,,NA,NA,NA,NA,NA,,,NA,NA,NA,NA,"Stevenson 2023, Norford Under Review, Stevenson 2002, Foster 1985"
Jacaratia spinosa,"Carica spinosa, Papaya spinosa, Carica dodecaphylla, Jacaratia costaricensis, Jacaratia dodecaphylla, Papaya dodecaphylla",Caricaceae,N,Orange,F,I,NA,,NA,NA,NA,NA,6,None Specified,NA,NA,NA,12.5,5,None Specified,NA,NA,NA,12.5,NA,,,NA,NA,NA,NA,68,None Specified,NA,NA,NA,12.5,42,None Specified,NA,NA,NA,12.5,50,W,None Specified,NA,NA,NA,12.5,"Galetti 2011, Luiz 2021"
Jacaratia spinosa,,,,,,,NA,,NA,NA,NA,NA,NA,,NA,NA,NA,NA,NA,,NA,NA,NA,NA,NA,,,NA,NA,NA,NA,NA,,NA,NA,NA,NA,NA,,NA,NA,NA,NA,58.263,W,Unknown +/-,NA,NA,15.483,100,
Jessenia bataua,Oenocarpus bataua,Arecaceae,N,Black/Purple,D,I,NA,,NA,NA,NA,NA,NA,,NA,NA,NA,NA,NA,,NA,NA,NA,NA,NA,,,NA,NA,NA,NA,NA,,NA,NA,NA,NA,NA,,NA,NA,NA,NA,5.5,D,None Specified,NA,NA,NA,987,"Bodmer 1991, Mushtaq 2019, Balick 1986"
Jessenia bataua,,,,,,,NA,,NA,NA,NA,NA,NA,,NA,NA,NA,NA,NA,,NA,NA,NA,NA,NA,,,NA,NA,NA,NA,NA,,NA,NA,NA,NA,NA,,NA,NA,NA,NA,5.9,D,SD,NA,NA,1.65,12,"Bodmer 1991, Mushtaq 2019, Balick 1986"
Jessenia bataua,,,,,,,NA,,NA,NA,NA,NA,NA,,NA,NA,NA,NA,NA,,NA,NA,NA,NA,4.1,D,SD,NA,NA,1.02,12,NA,Range,25,35,NA,0,NA,Range,20,25,NA,0,NA,NA,Range,10,15,NA,0,"Bodmer 1991, Mushtaq 2019, Balick 1986"
Joannesia princeps,,Euphorbiaceae,,,D,D,NA,,NA,NA,NA,NA,NA,,NA,NA,NA,NA,NA,,NA,NA,NA,NA,NA,,,NA,NA,NA,NA,NA,,NA,NA,NA,NA,NA,,NA,NA,NA,NA,NA,,,NA,NA,NA,NA,
Lacmellea acida,,Apocynaceae,N,NA,F,I,NA,,NA,NA,NA,NA,NA,,NA,NA,NA,NA,NA,,NA,NA,NA,NA,NA,,,NA,NA,NA,NA,NA,,NA,NA,NA,NA,NA,,NA,NA,NA,NA,NA,,,NA,NA,NA,NA,
Lacmellea aculeata,Zschokkea aculeata,Apocynaceae,N,Yellow,F,I,NA,,NA,NA,NA,NA,NA,,NA,NA,NA,NA,NA,,NA,NA,NA,NA,NA,,,NA,NA,NA,NA,10.0805,SD,NA,NA,0.388201623,2,9.3605,SD,NA,NA,0.084145707,2,NA,,,NA,NA,NA,NA,https://collections-botany.fieldmuseum.org/catalogue/3661856
Lacmellea ramosissima,"Zschokkea ramosissima, Hancornia ramosissima",Apocynaceae,N,NA,F,I,NA,,NA,NA,NA,NA,NA,,NA,NA,NA,NA,NA,,NA,NA,NA,NA,NA,,,NA,NA,NA,NA,9.9168,SD,NA,NA,1.1579,5,9.4934,SD,NA,NA,1.320790407,5,NA,,,NA,NA,NA,NA,https://collections-botany.fieldmuseum.org/catalogue/3686194
Laetia corymbulosa,Casearia corymbulosa,Salicaceae,N,Orange,F,I,NA,,NA,NA,NA,NA,3.07,None Specified,NA,NA,NA,0,2.6,None Specified,NA,NA,NA,0,0.01,D,SE,NA,NA,0.01,50,NA,,NA,NA,NA,NA,NA,,NA,NA,NA,NA,0.48,D,SE,NA,NA,0.04,7,"Stevenson 2007, Stevenson 2002, Link 2004, Melo 2015, Foster 1985, Parolin 2000, Conserva 2013, Lucas 2012, Stevenson 2005, https://powo.science.kew.org/taxon/urn:lsid:ipni.org:names:77197251-1/images (K000471407)"
Laetia corymbulosa,,,,,,,NA,Range,10,20,NA,0,NA,Range,2,3,NA,0,2,None Specified,NA,NA,NA,6,0.01435154,W,None Specified,NA,NA,NA,6,NA,Range,15,25,NA,0,12.3,None Specified,NA,NA,NA,1,4.8,W,None Specified,NA,NA,NA,6,"Stevenson 2007, Stevenson 2002, Link 2004, de Melo et al. 2015, Foster 1985, Parolin 2000, Conserva 2013, Lucas 2012, Stevenson 2005, https://powo.science.kew.org/taxon/urn:lsid:ipni.org:names:77197251-1/images (K000471407)"
Laetia corymbulosa,,,,,,,22,None Specified,NA,NA,NA,6,3.54,SD,NA,NA,0.47,100,2.37,SD,NA,NA,0.38,100,0.015,W,None Specified,NA,NA,NA,0,7,None Specified,NA,NA,NA,0,NA,,NA,NA,NA,NA,0.9,D,None Specified,NA,NA,NA,6,"Stevenson 2007, Stevenson 2002, Link 2004, Melo 2015, Foster 1985, Parolin 2000, Conserva 2013, Lucas 2012, Stevenson 2005, https://powo.science.kew.org/taxon/urn:lsid:ipni.org:names:77197251-1/images (K000471407)"
Laetia corymbulosa,,,,,,,NA,,NA,NA,NA,NA,NA,,NA,NA,NA,NA,2,None Specified,NA,NA,NA,72,0.004,D,None Specified,NA,NA,NA,7,NA,,NA,NA,NA,NA,NA,,NA,NA,NA,NA,NA,,,NA,NA,NA,NA,"Stevenson 2007, Stevenson 2002, Link 2004, de Melo et al. 2015, Foster 1985, Parolin 2000, Conserva 2013, Lucas 2012, Stevenson 2005, https://powo.science.kew.org/taxon/urn:lsid:ipni.org:names:77197251-1/images (K000471407)"
Laetia corymbulosa,,,,,,,NA,,NA,NA,NA,NA,NA,,NA,NA,NA,NA,NA,,NA,NA,NA,NA,0.01,D,None Specified,NA,NA,NA,6,NA,,NA,NA,NA,NA,NA,,NA,NA,NA,NA,NA,,,NA,NA,NA,NA,"Stevenson 2007, Stevenson 2002, Link 2004, de Melo et al. 2015, Foster 1985, Parolin 2000, Conserva 2013, Lucas 2012, Stevenson 2005, https://powo.science.kew.org/taxon/urn:lsid:ipni.org:names:77197251-1/images (K000471407)"
Laetia corymbulosa,,,,,,,NA,,NA,NA,NA,NA,NA,,NA,NA,NA,NA,NA,,NA,NA,NA,NA,0.01,D,None Specified,NA,NA,NA,72,NA,,NA,NA,NA,NA,NA,,NA,NA,NA,NA,NA,,,NA,NA,NA,NA,"Stevenson 2007, Stevenson 2002, Link 2004, de Melo et al. 2015, Foster 1985, Parolin 2000, Conserva 2013, Lucas 2012, Stevenson 2005, https://powo.science.kew.org/taxon/urn:lsid:ipni.org:names:77197251-1/images (K000471407)"
Laetia corymbulosa,,,,,,,NA,,NA,NA,NA,NA,NA,,NA,NA,NA,NA,NA,,NA,NA,NA,NA,0.069,W,None Specified,NA,NA,NA,0,NA,,NA,NA,NA,NA,NA,,NA,NA,NA,NA,NA,,,NA,NA,NA,NA,"Stevenson 2007, Stevenson 2002, Link 2004, de Melo et al. 2015, Foster 1985, Parolin 2000, Conserva 2013, Lucas 2012, Stevenson 2005, https://powo.science.kew.org/taxon/urn:lsid:ipni.org:names:77197251-1/images (K000471407)"
Laetia procera,"Casearia bicolor, Casinga procera, Casearia belizensis, Guidonia procera, Laetia casearioides, Samyda procera",Salicaceae,N,Green,F,I,NA,,NA,NA,NA,NA,NA,,NA,NA,NA,NA,NA,,NA,NA,NA,NA,0.0052,D,None Specified,NA,NA,NA,30,4,None Specified,NA,NA,NA,0,NA,,NA,NA,NA,NA,NA,,,NA,NA,NA,NA,"Daws 2005, Hammond 1995, Polak 1992, Guariguata 2000, Capece 2013, Kattge 2011, Dupuy 2008, Link 2004, http://legacy.tropicos.org/Image/62376"
Laetia procera,,,,,,,NA,Range,10,20,NA,0,NA,Range,2,3,NA,0,NA,Range,2,2.5,NA,0,0.007,W,None Specified,NA,NA,NA,0,8.286842105,SD,NA,NA,1.455868099,38,4.192105263,SD,NA,NA,1.136229321,38,NA,,,NA,NA,NA,NA,"Daws 2005, Hammond 1995, Polak 1992, Guariguata 2000, Capece 2013, Kattge 2011, Dupuy 2008, Link 2004, http://legacy.tropicos.org/Image/62376"
Laetia procera,,,,,,,NA,,NA,NA,NA,NA,NA,,NA,NA,NA,NA,NA,,NA,NA,NA,NA,0.005,D,None Specified,NA,NA,NA,10,NA,,NA,NA,NA,NA,NA,,NA,NA,NA,NA,NA,,,NA,NA,NA,NA,"Daws 2005, Hammond 1995, Polak 1992, Guariguata 2000, Capece 2013, Kattge 2011, Dupuy 2008, Link 2004, http://legacy.tropicos.org/Image/62376"
Laetia procera,,,,,,,NA,,NA,NA,NA,NA,NA,,NA,NA,NA,NA,NA,,NA,NA,NA,NA,0.001,D,None Specified,NA,NA,NA,17,NA,,NA,NA,NA,NA,NA,,NA,NA,NA,NA,NA,,,NA,NA,NA,NA,"Daws 2005, Hammond 1995, Polak 1992, Guariguata 2000, Capece 2013, Kattge 2011, Dupuy 2008, Link 2004, http://legacy.tropicos.org/Image/62376"
Laetia procera,,,,,,,NA,,NA,NA,NA,NA,NA,,NA,NA,NA,NA,NA,,NA,NA,NA,NA,0.0036,D,None Specified,NA,NA,NA,0,NA,,NA,NA,NA,NA,NA,,NA,NA,NA,NA,NA,,,NA,NA,NA,NA,"Daws 2005, Hammond 1995, Polak 1992, Guariguata 2000, Capece 2013, Kattge 2011, Dupuy 2008, Link 2004, http://legacy.tropicos.org/Image/62376"
Laetia procera,,,,,,,NA,,NA,NA,NA,NA,NA,,NA,NA,NA,NA,NA,,NA,NA,NA,NA,0.005,W,None Specified,NA,NA,NA,17,NA,,NA,NA,NA,NA,NA,,NA,NA,NA,NA,NA,,,NA,NA,NA,NA,
Laetia procera,,,,,,,NA,,NA,NA,NA,NA,NA,,NA,NA,NA,NA,NA,,NA,NA,NA,NA,0.005,W,None Specified,NA,NA,NA,17,NA,,NA,NA,NA,NA,NA,,NA,NA,NA,NA,NA,,,NA,NA,NA,NA,"Daws 2005, Hammond 1995, Polak 1992, Guariguata 2000, Capece 2013, Kattge 2011, Dupuy 2008, Link 2004, http://legacy.tropicos.org/Image/62376"
Landolphia guianensis,"Pacouria guianensis, Willughbeia guianensis, Willughbeia scandens",Apocynaceae,N,Yellow,F,I,5,None Specified,NA,NA,NA,0,18,None Specified,NA,NA,NA,0,15.7,None Specified,NA,NA,NA,0,1.77,W,None Specified,NA,NA,NA,0,120,None Specified,NA,NA,NA,0,110,None Specified,NA,NA,NA,0,NA,,,NA,NA,NA,NA,Stevenson 2023
Landolphia guianensis,,,,,,,NA,,NA,NA,NA,NA,NA,,NA,NA,NA,NA,NA,,NA,NA,NA,NA,0.67,D,None Specified,NA,NA,NA,0,NA,,NA,NA,NA,NA,NA,,NA,NA,NA,NA,NA,,,NA,NA,NA,NA,
Lantana camara,Camara vulgaris,Verbenaceae,N,Green/Blue/Black,F,I,2,None Specified,NA,NA,NA,0,NA,,NA,NA,NA,NA,NA,,NA,NA,NA,NA,0.009,D,None Specified,NA,NA,NA,10,NA,,NA,NA,NA,NA,NA,,NA,NA,NA,NA,NA,,,NA,NA,NA,NA,"Nepstad 1996, Daws 2005, Mandon-Dalger 2004, Priyanka 2013, http://legacy.tropicos.org/Image/100420784"
Lantana camara,,,,,,,NA,Range,1,2,NA,0,NA,,NA,NA,NA,NA,NA,,NA,NA,NA,NA,0.01,NA,None Specified,NA,NA,NA,0,5.033333333,SD,NA,NA,0.680685929,3,3.833333333,SD,NA,NA,0.503322296,3,NA,,,NA,NA,NA,NA,"Nepstad 1996, Daws 2005, Mandon-Dalger 2004, Priyanka 2013, http://legacy.tropicos.org/Image/100420784"
Lecythis pisonis,"Lecythis amapaensis, Lecythis amazonum, Lecythis densa, Lecythis hoppiana, Lecythis ollaria, Lecythis paraënsis, Lecythis pilaris, Lecythis setifera, Lecythis sphaeroides, Lecythis urnigera, Lecythis usitata, Lecythis velloziana, Couroupita crenulata, Couroupita lentula, Pachylecythis egleri",Lecythidaceae,N,Brown,D,D,39,None Specified,NA,NA,NA,0,39.3,None Specified,NA,NA,NA,0,23,None Specified,NA,NA,NA,0,5.56,NA,None Specified,NA,NA,NA,0,99,None Specified,NA,NA,NA,1,86.1,None Specified,NA,NA,NA,1,3278,NA,None Specified,NA,NA,NA,0,"Guimarães 2008, Smith 2016, Rosa 2019, García-Ramis 1991, Huang 2015"
Lecythis pisonis,,,,,,,NA,Range,40,50,NA,0,130.5,None Specified,NA,NA,NA,1,63.7,None Specified,NA,NA,NA,1,7.35,NA,None Specified,NA,NA,NA,0,139,None Specified,NA,NA,NA,0,123,Range,121,125,NA,0,NA,,,NA,NA,NA,NA,"Guimarães 2008, Smith 2016, Rosa 2019, García-Ramis 1991, Huang 2015"
Lecythis pisonis,,,,,,,13,None Specified,NA,NA,NA,0,38.3,None Specified,NA,NA,NA,0,21.9,None Specified,NA,NA,NA,0,9.38,NA,None Specified,NA,NA,NA,0,168,None Specified,NA,NA,NA,0,140,Range,138,141,NA,0,2037,NA,None Specified,NA,NA,NA,0,"Guimarães 2008, Smith 2016, Rosa 2019, García-Ramis 1991, Huang 2015"
Lecythis pisonis,,,,,,,15,None Specified,NA,NA,NA,0,48.1,None Specified,NA,NA,NA,0,26.3,None Specified,NA,NA,NA,0,11.59,NA,None Specified,NA,NA,NA,0,162,None Specified,NA,NA,NA,0,139,Range,136,141,NA,0,2467,NA,None Specified,NA,NA,NA,0,"Guimarães 2008, Smith 2016, Rosa 2019, García-Ramis 1991, Huang 2015"
Lecythis pisonis,,,,,,,15,None Specified,NA,NA,NA,0,37.9,None Specified,NA,NA,NA,0,20.6,None Specified,NA,NA,NA,0,16.06,NA,None Specified,NA,NA,NA,0,198,None Specified,NA,NA,NA,0,156,Range,155,157,NA,0,1662,NA,None Specified,NA,NA,NA,0,"Guimarães 2008, Smith 2016, Rosa 2019, García-Ramis 1991, Huang 2015"
Lecythis pisonis,,,,,,,16,None Specified,NA,NA,NA,0,45,None Specified,NA,NA,NA,0,22.7,None Specified,NA,NA,NA,0,12.26,NA,None Specified,NA,NA,NA,0,182,None Specified,NA,NA,NA,0,171,Range,168,174,NA,0,2964,NA,None Specified,NA,NA,NA,0,"Guimarães 2008, Smith 2016, Rosa 2019, García-Ramis 1991, Huang 2015"
Lecythis pisonis,,,,,,,19,None Specified,NA,NA,NA,0,34.7,None Specified,NA,NA,NA,0,20.6,None Specified,NA,NA,NA,0,12.49,NA,None Specified,NA,NA,NA,0,201,None Specified,NA,NA,NA,0,168,Range,166,169,NA,0,1034,NA,None Specified,NA,NA,NA,0,"Guimarães 2008, Smith 2016, Rosa 2019, García-Ramis 1991, Huang 2015"
Lecythis pisonis,,,,,,,20,None Specified,NA,NA,NA,0,43,None Specified,NA,NA,NA,0,25.5,None Specified,NA,NA,NA,0,6.95,NA,None Specified,NA,NA,NA,0,203,None Specified,NA,NA,NA,0,148,Range,145,151,NA,0,1399,NA,None Specified,NA,NA,NA,0,"Guimarães 2008, Smith 2016, Rosa 2019, García-Ramis 1991, Huang 2015"
Lecythis pisonis,,,,,,,20,None Specified,NA,NA,NA,0,46.2,None Specified,NA,NA,NA,0,22.4,None Specified,NA,NA,NA,0,10.11,NA,None Specified,NA,NA,NA,0,179,None Specified,NA,NA,NA,0,142,Range,138,145,NA,0,2652,NA,None Specified,NA,NA,NA,0,"Guimarães 2008, Smith 2016, Rosa 2019, García-Ramis 1991, Huang 2015"
Lecythis pisonis,,,,,,,21,None Specified,NA,NA,NA,0,45.7,None Specified,NA,NA,NA,0,21.6,None Specified,NA,NA,NA,0,13.39,NA,None Specified,NA,NA,NA,0,195,None Specified,NA,NA,NA,0,161,Range,160,162,NA,0,2688,NA,None Specified,NA,NA,NA,0,"Guimarães 2008, Smith 2016, Rosa 2019, García-Ramis 1991, Huang 2015"
Lecythis pisonis,,,,,,,23,None Specified,NA,NA,NA,0,47.2,None Specified,NA,NA,NA,0,26.8,None Specified,NA,NA,NA,0,9.36,NA,None Specified,NA,NA,NA,0,196,None Specified,NA,NA,NA,0,173,Range,169,177,NA,0,2871,NA,None Specified,NA,NA,NA,0,"Guimarães 2008, Smith 2016, Rosa 2019, García-Ramis 1991, Huang 2015"
Lecythis pisonis,,,,,,,23,None Specified,NA,NA,NA,0,37.5,None Specified,NA,NA,NA,0,18.5,None Specified,NA,NA,NA,0,11.43,NA,None Specified,NA,NA,NA,0,195,None Specified,NA,NA,NA,0,170,Range,169,172,NA,0,2388,NA,None Specified,NA,NA,NA,0,"Guimarães 2008, Smith 2016, Rosa 2019, García-Ramis 1991, Huang 2015"
Lecythis pisonis,,,,,,,25,None Specified,NA,NA,NA,0,39.2,None Specified,NA,NA,NA,0,22.1,None Specified,NA,NA,NA,0,14.13,NA,None Specified,NA,NA,NA,0,191,None Specified,NA,NA,NA,0,161,Range,160,162,NA,0,3057,NA,None Specified,NA,NA,NA,0,"Guimarães 2008, Smith 2016, Rosa 2019, García-Ramis 1991, Huang 2015"
Lecythis pisonis,,,,,,,NA,,NA,NA,NA,NA,NA,,NA,NA,NA,NA,NA,,NA,NA,NA,NA,NA,,,NA,NA,NA,NA,290.7,None Specified,NA,NA,NA,1,197.1,None Specified,NA,NA,NA,1,NA,,,NA,NA,NA,NA,"Guimarães 2008, Smith 2016, Rosa 2019, García-Ramis 1991, Huang 2015"
Lecythis pneumatophora,,Lecythidaceae,N,Brown,D,D,NA,,NA,NA,NA,NA,NA,Range,40,50,NA,0,NA,Range,25,30,NA,0,NA,,,NA,NA,NA,NA,NA,,NA,NA,NA,NA,NA,,NA,NA,NA,NA,NA,,,NA,NA,NA,NA,https://www.jstor.org/stable/i400007
Lecythis poiteaui,"Eschweilera poiteaui, Jugastrum poiteaui, Chytroma foetida, Lecythis racemiflora",Lecythidaceae,N,Brown,D,D,NA,Range,4,6,NA,0,NA,Range,25,30,NA,0,NA,Range,15,25,NA,0,NA,,,NA,NA,NA,NA,NA,Range,55,105,NA,0,NA,Range,35,80,NA,0,NA,,,NA,NA,NA,NA,"http://www.tropicaltimber.info/specie/jarana-amarela-lecythis-poiteaui/, https://sweetgum.nybg.org/science/projects/lp/taxon-details/?irn=133681"
Leonia glycycarpa,Leonia glycicarpa,Violaceae,N,Brown,F,I,19.5,None Specified,NA,NA,NA,6,16,None Specified,NA,NA,NA,5,8.475,None Specified,NA,NA,NA,5,0.38450617,W,None Specified,NA,NA,NA,5,55,None Specified,NA,NA,NA,5,52.5,None Specified,NA,NA,NA,5,22.885,D,None Specified,NA,NA,NA,6,"Stevenson 2023, Stevenson 2002, Foster 1985, White 1986"
Leonia glycycarpa,,,,,,,19.75,None Specified,NA,NA,NA,5,NA,,NA,NA,NA,NA,9,None Specified,NA,NA,NA,6,0.717,W,None Specified,NA,NA,NA,0,NA,,NA,NA,NA,NA,NA,,NA,NA,NA,NA,68.3225,W,None Specified,NA,NA,NA,6,"Stevenson 2023, Stevenson 2002, Foster 1985, White 1986"
Leonia glycycarpa,,,,,,,NA,,NA,NA,NA,NA,NA,,NA,NA,NA,NA,NA,,NA,NA,NA,NA,0.23723312,D,None Specified,NA,NA,NA,5,NA,,NA,NA,NA,NA,NA,,NA,NA,NA,NA,NA,,,NA,NA,NA,NA,"Stevenson 2023, Stevenson 2002, Foster 1985, White 1986"
Leonia glycycarpa,,,,,,,NA,,NA,NA,NA,NA,NA,,NA,NA,NA,NA,NA,,NA,NA,NA,NA,0.75,W,None Specified,NA,NA,NA,0,NA,,NA,NA,NA,NA,NA,,NA,NA,NA,NA,NA,,,NA,NA,NA,NA,"Stevenson 2023, Stevenson 2002, Foster 1985, White 1986"
Lepidagathis alopecuroidea,"Aetheilema alopecuroidea, Ruellia alopecuroidea, Teliostachya alopecuroidea, Adenosma chenopodiifolia, Aetheilema haenkei, Justicia procumbens, Lepidagathis hyssopifolia, Lepidagathis laguroidea, Lepidagathis lanceolata, Lepidagathis laurentii, Ruellia chenopodiifolia, Ruellia lagopodes, Teliostachya hyssopifolia, Teliostachya laguroidea, Teliostachya lanceolata, Teliostachya petraea ",Acanthaceae,N,Brown,D,D,4,None Specified,NA,NA,NA,0,NA,,NA,NA,NA,NA,NA,,NA,NA,NA,NA,NA,,,NA,NA,NA,NA,NA,,NA,NA,NA,NA,NA,,NA,NA,NA,NA,NA,,,NA,NA,NA,NA,https://books.google.com/books?id=QF3I__lWAKAC&dq=%22Ruellia+alopecuroidea%22+AND+fruit&lr=&source=gbs_navlinks_s
Licania membranacea,"Caraipa latifolia, Licania galibica",Chrysobalanaceae,N,Orange,F,I,NA,,NA,NA,NA,NA,NA,,NA,NA,NA,NA,NA,,NA,NA,NA,NA,0.37,D,None Specified,NA,NA,NA,10,16.222,SD,NA,NA,2.325101841,8,7.793777778,SD,NA,NA,0.934944621,9,NA,,,NA,NA,NA,NA,"Norden 2009, https://collections-botany.fieldmuseum.org/catalogue/3112720, "
Licania platypus,Moquilea platypus,Chrysobalanaceae,N,Yellow,F,I,1,None Specified,NA,NA,NA,0,100,None Specified,NA,NA,NA,0,60,None Specified,NA,NA,NA,0,6.3,NA,None Specified,NA,NA,NA,0,140,None Specified,NA,NA,NA,0,120,None Specified,NA,NA,NA,0,NA,,,NA,NA,NA,NA,"Brewer 1999, Camargo-Sanabria 2016"
Licania platypus,,,,,,,1,None Specified,NA,NA,NA,0,100,None Specified,NA,NA,NA,0,60,None Specified,NA,NA,NA,0,5.1,D,None Specified,NA,NA,NA,0,140,None Specified,NA,NA,NA,0,120,None Specified,NA,NA,NA,0,NA,,,NA,NA,NA,NA,"Brewer 1999, Camargo-Sanabria 2016"
Lindera melissifolia,,Lauraceae,Y,Red,F,I,1,None Specified,NA,NA,NA,0,4.4,SD,NA,NA,0.529150262,3,4.033333333,SD,NA,NA,0.37859389,3,0.1,W,SE,NA,NA,0.001,10,9.75,SD,NA,NA,0.793725393,4,7.204,SD,NA,NA,0.341026392,3,0.23,W,SE,NA,NA,0.01,10,"Connor 2007, https://books.google.com/books?id=2VawQPVDLvYC&dq=Manual+of+the+vascular+flora+of+the+Carolinas.&lr=&source=gbs_navlinks_s, https://collections-botany.fieldmuseum.org/catalogue/205435"
Lithraea molleoides,Schinus molleoides,Anacardiaceae,N,Green,F,I,1,None Specified,NA,NA,NA,10,3.5,None Specified,NA,NA,NA,0,3.426666667,SD,NA,NA,0.47143172,6,0.03347,NA,SD,NA,NA,0.00619,5,6,None Specified,NA,NA,NA,0,6.023166667,SD,NA,NA,0.463404758,12,0.08,W,SD,NA,NA,0.018,50,"Urceley 2019, Chiapero 2021, Alves-Costa 2007, https://fm-digital-assets.fieldmuseum.org/714/381/V0204144F.jpg"
Lithraea molleoides,,,,,,,NA,,NA,NA,NA,NA,NA,,NA,NA,NA,NA,NA,,NA,NA,NA,NA,0.064,NA,SD,NA,NA,0.0047,6,NA,,NA,NA,NA,NA,NA,,NA,NA,NA,NA,0.088,W,SD,NA,NA,0.019,50,"Urceley 2019, Chiapero 2021, Alves-Costa 2007, https://fm-digital-assets.fieldmuseum.org/714/381/V0204144F.jpg"
Longsdorphia hypogaea,,,,,,,NA,,NA,NA,NA,NA,NA,,NA,NA,NA,NA,NA,,NA,NA,NA,NA,NA,,,NA,NA,NA,NA,NA,,NA,NA,NA,NA,NA,,NA,NA,NA,NA,NA,,,NA,NA,NA,NA,
Ludovia lancifolia,"Carludovica lancifolia, Carludovica disticha, Ludovia crenifolia",Cyclanthaceae,N,Yellow,D,I,NA,,NA,NA,NA,NA,NA,,NA,NA,NA,NA,NA,,NA,NA,NA,NA,NA,,,NA,NA,NA,NA,NA,,NA,NA,NA,NA,NA,,NA,NA,NA,NA,NA,,,NA,NA,NA,NA,
Maclura tinctoria,"Broussonetia plumerii, Broussonetia tinctoria, Broussonetia zanthoxylon, Chlorophora mollis, Chlorophora reticulata, Chlorophora tinctora, Fusticus tataiba, Fusticus tinctorius, Fusticus vera, Fusticus zanthoxylon, Ioxylon mora, Maclura affinis, Maclura chlorocarpa, Maclura mora, Maclura plumerii, Maclura polyneura, Maclura sempervirens, Maclura sieberi, Maclura subintegerrima, Maclura trilobata, Maclura velutina, Maclura zanthoxylon, Morus tinctoria, Morus zanthoxylon",Moraceae,N,Green,F,I,NA,,NA,NA,NA,NA,2.5,None Specified,NA,NA,NA,1,1.9,None Specified,NA,NA,NA,1,0.0017408,NA,None Specified,NA,NA,NA,1000,24,None Specified,NA,NA,NA,0,31.65,SD,NA,NA,6.151828996,2,NA,,,NA,NA,NA,NA,"Oyama 2011, Alves-Costa 2007, https://ser-sid.org/species/800430b4-9be3-4b73-966e-9148caeccc82"
Maclura tinctoria,,,,,,,NA,,NA,NA,NA,NA,2.7,None Specified,NA,NA,NA,0,NA,,NA,NA,NA,NA,0.0074092,NA,None Specified,NA,NA,NA,1000,NA,,NA,NA,NA,NA,NA,,NA,NA,NA,NA,NA,,,NA,NA,NA,NA,"Alves-Costa 2007, https://ser-sid.org/species/800430b4-9be3-4b73-966e-9148caeccc82"
Macrolobium angustifolium,"Macrobolium chrysostachyum, Macrobolium hymeneifolium, Vouapa angustifolia, Vouapa chrysostachya",Fabaceae,N,Green,D,I,NA,,NA,NA,NA,NA,NA,Range,30,40,NA,0,NA,Range,25,35,NA,0,4.5584,NA,None Specified,NA,NA,NA,0,72.25733333,SD,NA,NA,5.768887617,3,43.86233333,SD,NA,NA,5.262401005,3,10.85,NA,None Specified,NA,NA,NA,0,"Cowan 1953, Souza 2023, http://legacy.tropicos.org/Image/100467833"
Mangifera indica,,Anacardiaceae,Y,Yellow,F,I,1,None Specified,NA,NA,NA,0,77,SE,NA,NA,9,46,18.5,None Specified,NA,NA,NA,1,4.5,D,None Specified,NA,NA,NA,10,11.2,SD,NA,NA,0.6,5,8,SD,NA,NA,0.4,5,250,W,None Specified,NA,NA,NA,0,"Lazure 2010, Motta-Junior 2002, Daws 2005, Bally 2006, Palafox-Carlos 2012, Ueda 2000, https://www.tropicos.org/image/100396639"
Mangifera indica,,,,,,,NA,,NA,NA,NA,NA,NA,,NA,NA,NA,NA,NA,,NA,NA,NA,NA,NA,,,NA,NA,NA,NA,NA,,NA,NA,NA,NA,NA,,NA,NA,NA,NA,NA,NA,Range,50,2000,NA,0,"Lazure 2010, Motta-Junior 2002, Daws 2005, Bally 2006, Palafox-Carlos 2012, Ueda 2000, https://www.tropicos.org/image/100396639"
Mangifera indica,,,,,,,NA,,NA,NA,NA,NA,NA,,NA,NA,NA,NA,NA,,NA,NA,NA,NA,NA,,,NA,NA,NA,NA,NA,,NA,NA,NA,NA,NA,,NA,NA,NA,NA,NA,NA,Range,200,300,NA,0,"Lazure 2010, Motta-Junior 2002, Daws 2005, Bally 2006, Palafox-Carlos 2012, Ueda 2000, https://www.tropicos.org/image/100396639"
Mangifera indica,,,,,,,NA,,NA,NA,NA,NA,NA,,NA,NA,NA,NA,NA,,NA,NA,NA,NA,NA,,,NA,NA,NA,NA,NA,,NA,NA,NA,NA,NA,,NA,NA,NA,NA,384,NA,SD,NA,NA,48.7,5,"Lazure 2010, Motta-Junior 2002, Daws 2005, Bally 2006, Palafox-Carlos 2012, Ueda 2000, https://www.tropicos.org/image/100396639"
Manilkara bidentata,"Mimusops bidentata, Manilkara balata",Sapotaceae,N,Red,F,I,1.1,SE,NA,NA,0.1,107,11,SE,NA,NA,0.2,20,6,SE,NA,NA,0.1,20,1.1,D,None Specified,NA,NA,NA,40,36.32,SD,NA,NA,3.346191865,5,32.42,SD,NA,NA,3.729879355,5,14.3,W,SE,NA,NA,0.3,107,"Forget 2001, Coutant 2022, Roosmalen 2000. Boissier 2020, Oliveira 2000, Baraloto 2007, Anderson 2000, Ratiarison 2011, https://books.google.com/books?hl=en&lr=&id=xJbXTx7c9IUC&oi=fnd&pg=PR9&dq=Common+trees+of+Puerto+Rico+and+the+Virgin+Islands&ots=3aQUNIfutz&sig=sM80eMHInG8wSx2ybWFKWE9Cqm8#v=onepage&q=bidentata&f=false"
Manilkara bidentata,,,,,,,1,None Specified,NA,NA,NA,0,NA,Range,9,26,NA,0,NA,Range,10,12,NA,0,1.72,W,SE,NA,NA,0.04,111,31.5,SD,NA,NA,0.848528137,2,29.65,SD,NA,NA,0.777817459,2,NA,,,NA,NA,NA,NA,"Forget 2001, Coutant 2022, Roosmalen 2000. Boissier 2020, Oliveira 2000, Baraloto 2007, Anderson 2000, Ratiarison 2011, https://books.google.com/books?hl=en&lr=&id=xJbXTx7c9IUC&oi=fnd&pg=PR9&dq=Common+trees+of+Puerto+Rico+and+the+Virgin+Islands&ots=3aQUNIfutz&sig=sM80eMHInG8wSx2ybWFKWE9Cqm8#v=onepage&q=bidentata&f=false"
Manilkara bidentata,,,,,,,NA,,NA,NA,NA,NA,29.6,SD,NA,NA,0.848528137,2,16.8,SD,NA,NA,1.414213562,2,NA,NA,Range,1,2,NA,100,NA,,NA,NA,NA,NA,NA,,NA,NA,NA,NA,NA,,,NA,NA,NA,NA,"Forget 2001, Coutant 2022, Roosmalen 2000. Boissier 2020, Oliveira 2000, Baraloto 2007, Anderson 2000, Ratiarison 2011, https://books.google.com/books?hl=en&lr=&id=xJbXTx7c9IUC&oi=fnd&pg=PR9&dq=Common+trees+of+Puerto+Rico+and+the+Virgin+Islands&ots=3aQUNIfutz&sig=sM80eMHInG8wSx2ybWFKWE9Cqm8#v=onepage&q=bidentata&f=false"
Manilkara bidentata,,,,,,,NA,,NA,NA,NA,NA,13,SD,NA,NA,3,2,7,SD,NA,NA,2,2,NA,,,NA,NA,NA,NA,NA,,NA,NA,NA,NA,NA,,NA,NA,NA,NA,NA,,,NA,NA,NA,NA,"Forget 2001, Coutant 2022, Roosmalen 2000. Boissier 2020, Oliveira 2000, Baraloto 2007, Anderson 2000, Ratiarison 2011, https://books.google.com/books?hl=en&lr=&id=xJbXTx7c9IUC&oi=fnd&pg=PR9&dq=Common+trees+of+Puerto+Rico+and+the+Virgin+Islands&ots=3aQUNIfutz&sig=sM80eMHInG8wSx2ybWFKWE9Cqm8#v=onepage&q=bidentata&f=false"
Manilkara bidentata,,,,,,,NA,,NA,NA,NA,NA,23.8,SE,NA,NA,0.3,111,13.6,SE,NA,NA,0.1,111,NA,,,NA,NA,NA,NA,NA,,NA,NA,NA,NA,NA,,NA,NA,NA,NA,NA,,,NA,NA,NA,NA,"Forget 2001, Coutant 2022, Roosmalen 2000. Boissier 2020, Oliveira 2000, Baraloto 2007, Anderson 2000, Ratiarison 2011, https://books.google.com/books?hl=en&lr=&id=xJbXTx7c9IUC&oi=fnd&pg=PR9&dq=Common+trees+of+Puerto+Rico+and+the+Virgin+Islands&ots=3aQUNIfutz&sig=sM80eMHInG8wSx2ybWFKWE9Cqm8#v=onepage&q=bidentata&f=false"
Manilkara bidentata,,,,,,,NA,,NA,NA,NA,NA,24.6,SD,NA,NA,0.282842713,2,13.4,None Specified,NA,NA,NA,1,NA,,,NA,NA,NA,NA,NA,,NA,NA,NA,NA,NA,,NA,NA,NA,NA,NA,,,NA,NA,NA,NA,"Forget 2001, Coutant 2022, Roosmalen 2000. Boissier 2020, Oliveira 2000, Baraloto 2007, Anderson 2000, Ratiarison 2011, https://books.google.com/books?hl=en&lr=&id=xJbXTx7c9IUC&oi=fnd&pg=PR9&dq=Common+trees+of+Puerto+Rico+and+the+Virgin+Islands&ots=3aQUNIfutz&sig=sM80eMHInG8wSx2ybWFKWE9Cqm8#v=onepage&q=bidentata&f=false"
Manilkara bidentata,,,,,,,NA,,NA,NA,NA,NA,NA,Range,20,22.5,NA,100,NA,None Specified,12,16,NA,100,NA,,,NA,NA,NA,NA,NA,,NA,NA,NA,NA,NA,,NA,NA,NA,NA,NA,,,NA,NA,NA,NA,"Forget 2001, Coutant 2022, Roosmalen 2000. Boissier 2020, Oliveira 2000, Baraloto 2007, Anderson 2000, Ratiarison 2011, https://books.google.com/books?hl=en&lr=&id=xJbXTx7c9IUC&oi=fnd&pg=PR9&dq=Common+trees+of+Puerto+Rico+and+the+Virgin+Islands&ots=3aQUNIfutz&sig=sM80eMHInG8wSx2ybWFKWE9Cqm8#v=onepage&q=bidentata&f=false"
Manilkara huberi,,Sapotaceae,N,Orange,F,I,1.32,SE,NA,NA,0.06,60,24,None Specified,NA,NA,NA,300,13,None Specified,NA,NA,NA,300,1.13,W,SE,NA,NA,0.01,300,37,None Specified,NA,NA,NA,60,33,None Specified,NA,NA,NA,60,20.5,W,SE,NA,NA,0.6,60,"Chauvet 2004, Ratiarison 2011"
Manilkara huberi,,,,,,,1.6,SE,NA,NA,0.1,93,23.9,SE,NA,NA,0.1,133,13.1,SE,NA,NA,0.1,133,1.16,W,SE,NA,NA,0.01,133,NA,,NA,NA,NA,NA,NA,,NA,NA,NA,NA,27.4,W,SE,NA,NA,0.7,93,"Chauvet 2004, Ratiarison 2011"
Maquira calophylla,"Olmedia calophylla, Olmedioperebea calophylla, Perebea calophylla",Moraceae,N,Yellow,F,I,NA,,NA,NA,NA,NA,21,None Specified,NA,NA,NA,5,16.7,None Specified,NA,NA,NA,5,NA,,,NA,NA,NA,NA,60,None Specified,NA,NA,NA,5,50,None Specified,NA,NA,NA,5,20,D,None Specified,NA,NA,NA,5,Stevenson 2023
Maquira guianensis,"Olmedia guianensis, Olmedia maquira",Moraceae,N,Red,F,I,NA,,NA,NA,NA,NA,10.4,None Specified,NA,NA,NA,1,7.2,None Specified,NA,NA,NA,1,0.22,D,None Specified,NA,NA,NA,0,15,None Specified,NA,NA,NA,0,10,None Specified,NA,NA,NA,0,NA,,,NA,NA,NA,NA,"Berg 1996, Kattge 2011, Selbyana 1978, https://biogeodb.stri.si.edu/bioinformatics/dfm/metas/view/9140"
Marcgravia polyantha,,Marcgraviaceae,N,Red,F,D,NA,,NA,NA,NA,NA,NA,,NA,NA,NA,NA,NA,,NA,NA,NA,NA,NA,,,NA,NA,NA,NA,18,None Specified,NA,NA,NA,12.5,15,None Specified,NA,NA,NA,12.5,2.5,W,None Specified,NA,NA,NA,12.5,Galetti 2011
Maripa janusiana,,Convolvulaceae,N,Green,F,I,1,None Specified,NA,NA,NA,0,11,None Specified,NA,NA,NA,0,8,None Specified,NA,NA,NA,0,NA,,,NA,NA,NA,NA,25,None Specified,NA,NA,NA,0,NA,Range,12,13,NA,0,NA,,,NA,NA,NA,NA,Austin 1973
Maripa peruviana,,Convolvulaceae,N,Yellow,F,I,1,None Specified,NA,NA,NA,5,13,None Specified,NA,NA,NA,5,9.65,None Specified,NA,NA,NA,5,0.29,D,None Specified,NA,NA,NA,5,20,None Specified,NA,NA,NA,5,15,None Specified,NA,NA,NA,5,0.78,D,None Specified,NA,NA,NA,5,Stevenson 2023
Maripa peruviana,,,,,,,NA,,NA,NA,NA,NA,NA,,NA,NA,NA,NA,NA,,NA,NA,NA,NA,0.85,W,None Specified,NA,NA,NA,5,NA,,NA,NA,NA,NA,NA,,NA,NA,NA,NA,2.32,W,None Specified,NA,NA,NA,5,Stevenson 2023
Maripa scandens,"Mouroucoa scandens, Ehretia cirrhosa, Ehretia scandens, Lysiostyles cayennensis, Maripa cayennensis, Maripa cordifolia, Maripa erecta, Mouroucoa cayennensis, Mouroucoa cordifolia, Mouroucoa erecta",Convolvulaceae,N,Brown/Gray,F,I,NA,Range,1,2,NA,0,NA,Range,15,22,NA,0,NA,Range,10,15,NA,0,0.63,D,None Specified,NA,NA,NA,0,27.54870588,SD,NA,NA,2.122816783,17,15.87882353,SD,NA,NA,1.323792458,17,NA,,,NA,NA,NA,NA,"Hammond 1995, Kattge 2011, Austin 1973, https://collections-botany.fieldmuseum.org/catalogue/283091"
Maripa scandens,,,,,,,NA,Range,1,2,NA,0,NA,Range,15,22,NA,0,NA,Range,10,15,NA,0,0.26,D,None Specified,NA,NA,NA,17,27.54870588,SD,NA,NA,2.122816783,17,15.87882353,SD,NA,NA,1.323792458,17,NA,,,NA,NA,NA,NA,"Hammond 1995, Kattge 2011, Austin 1973, https://collections-botany.fieldmuseum.org/catalogue/283091"
Maripa scandens,,,,,,,NA,Range,1,2,NA,0,NA,Range,15,22,NA,0,NA,Range,10,15,NA,0,1.78,W,None Specified,NA,NA,NA,17,27.54870588,SD,NA,NA,2.122816783,17,15.87882353,SD,NA,NA,1.323792458,17,NA,,,NA,NA,NA,NA,"Hammond 1995, Kattge 2011, Austin 1973, https://collections-botany.fieldmuseum.org/catalogue/283091"
Matayba elaeagnoides,,Sapindaceae,N,Yellow,D,D,3,None Specified,NA,NA,NA,12.5,11,None Specified,NA,NA,NA,12.5,7,None Specified,NA,NA,NA,12.5,0.5,W,None Specified,NA,NA,NA,12,19,None Specified,NA,NA,NA,12.5,15,None Specified,NA,NA,NA,12.5,5,W,None Specified,NA,NA,NA,35,"Galetti 2011, Rorato 2018, Pizo 2002, Almeida 2019"
Matayba elaeagnoides,,,,,,,NA,,NA,NA,NA,NA,NA,,NA,NA,NA,NA,NA,,NA,NA,NA,NA,0.2604,W,None Specified,NA,NA,NA,1000,15,None Specified,NA,NA,NA,10,NA,,NA,NA,NA,NA,NA,,,NA,NA,NA,NA,"Galetti 2011, Rorato 2018, Pizo 2002, Almeida 2019"
Matisia obliquifolia,"Quararibea obliquifolia, Matisia asymmetrica, Matisia inaequalis, Matisia inaequilatera, Quararibea asymmetrica, Quararibea inaequalis, Quararibea inaequilatera  ",Bombacaceae,N,Green,F,I,5,None Specified,NA,NA,NA,0,NA,,NA,NA,NA,NA,NA,,NA,NA,NA,NA,NA,,,NA,NA,NA,NA,NA,,NA,NA,NA,NA,19.1,None Specified,NA,NA,NA,1,NA,,,NA,NA,NA,NA,"Robyns 1964, https://collections-botany.fieldmuseum.org/catalogue/3360139"
Mauritia flexuosa,,Arecaceae,N,Red,F,I,1,None Specified,NA,NA,NA,5,30,SE,NA,NA,1,257,39,None Specified,NA,NA,NA,5,13.84,D,None Specified,NA,NA,NA,17,60,Range,40,70,NA,0,NA,Range,30,50,NA,0,NA,NA,Range,25,40,NA,0,"Stevenson 2023, Hammond 1995, Motta-Junior 2002, Lazure 2010, Lescano 2018, Kissling 2019, Guimarães 2008, Kattge 2011"
Mauritia flexuosa,,,,,,,NA,,NA,NA,NA,NA,NA,Range,30,40,NA,0,NA,Range,20,30,NA,0,17,D,None Specified,NA,NA,NA,0,NA,Range,40,70,NA,0,50,Range,NA,NA,NA,0,55.75,W,SD,NA,NA,1.4,100,"Stevenson 2023, Hammond 1995, Motta-Junior 2002, Lazure 2010, Lescano 2018, Kissling 2019, Guimarães 2008, Kattge 2011"
Mauritia flexuosa,,,,,,,NA,,NA,NA,NA,NA,50,None Specified,NA,NA,NA,5,NA,,NA,NA,NA,NA,26.62,W,SD,NA,NA,0.92,100,51.6,SD,NA,NA,1.83,100,36.32,SD,NA,NA,2.6,100,51.1,W,None Specified,NA,NA,NA,0,"Stevenson 2023, Hammond 1995, Motta-Junior 2002, Lazure 2010, Lescano 2018, Kissling 2019, Guimarães 2008, Kattge 2011"
Mauritia flexuosa,,,,,,,NA,,NA,NA,NA,NA,NA,,NA,NA,NA,NA,NA,,NA,NA,NA,NA,24.16,W,None Specified,NA,NA,NA,17,45,None Specified,NA,NA,NA,5,35,None Specified,NA,NA,NA,5,NA,,,NA,NA,NA,NA,"Stevenson 2023, Hammond 1995, Motta-Junior 2002, Lazure 2010, Lescano 2018, Kissling 2019, Guimarães 2008, Kattge 2011"
Mauritiella aculeata,"Lepidococcus aculeatus, Mauritia aculeata, Mauritia amazonica, Mauritia cataractarum, Mauritia gracilis, Mauritia limnophylla, Mauritiella cataractarum",Arecaceae,N,Brown,F,I,NA,,NA,NA,NA,NA,NA,,NA,NA,NA,NA,NA,,NA,NA,NA,NA,NA,,,NA,NA,NA,NA,45,Range,NA,NA,NA,0,NA,Range,30,45,NA,0,NA,,,NA,NA,NA,NA,Kissling 2019
Maximiliana maripa,Attalea maripa,Arecaceae,N,Orange,F,I,1.375,None Specified,NA,NA,NA,0,40,None Specified,NA,NA,NA,0,NA,Range,15,25,NA,0,NA,W,Range,7,17,NA,0,NA,Range,38,41.9,NA,0,NA,Range,20.4,30.6,NA,0,18.18,NA,None Specified,NA,NA,NA,0,"Guimarães 2008, Wallace 2005, Trujillo 2021, Guix 2006, Fragaso 1994, Silvius 2002"
Maximiliana maripa,,,,,,,NA,Range,1,3,NA,0,NA,,NA,NA,NA,NA,NA,,NA,NA,NA,NA,NA,,,NA,NA,NA,NA,NA,Range,45,50,NA,0,NA,Range,25,35,NA,0,13.9,NA,None Specified,NA,NA,NA,0,"Guimarães 2008, Wallace 2005, Trujillo 2021, Guix 2006, Fragaso 1994, Silvius 2002"
Maximiliana maripa,,,,,,,1,None Specified,NA,NA,NA,0,NA,,NA,NA,NA,NA,NA,,NA,NA,NA,NA,NA,,,NA,NA,NA,NA,NA,,NA,NA,NA,NA,NA,,NA,NA,NA,NA,NA,,,NA,NA,NA,NA,"Guimarães 2008, Wallace 2005, Trujillo 2021, Guix 2006, Fragaso 1994, Silvius 2002"
Maximiliana maripa,,,,,,,3,None Specified,NA,NA,NA,0,NA,,NA,NA,NA,NA,NA,,NA,NA,NA,NA,NA,,,NA,NA,NA,NA,25,None Specified,NA,NA,NA,0,NA,,NA,NA,NA,NA,NA,W,Range,14,26,NA,30,"Guimarães 2008, Wallace 2005, Trujillo 2021, Guix 2006, Fragaso 1994, Silvius 2002"
Maytenus macrocarpa,"Celastrus macrocarpus, Monteverdia macrocarpa, Maytenus chuchuhuasha, Maytenus krukovii, Maytenus multiflora, Maytenus multiflora, Maytenus tarapotensis, Monteverdia krukovii, Haenkea multiflora",Celastraceae,N,Red/Brown,F,D,NA,,NA,NA,NA,NA,12.83333333,SD,NA,NA,0.550757055,3,5.4,SD,NA,NA,0.424264069,2,NA,,,NA,NA,NA,NA,10,None Specified,NA,NA,NA,0,NA,Range,6,8,NA,0,NA,,,NA,NA,NA,NA,"Svobodova 2006, Link 2004, https://collections-botany.fieldmuseum.org/catalogue/259336 "
Maytenus macrocarpa,,,,,,,NA,,NA,NA,NA,NA,NA,,NA,NA,NA,NA,NA,,NA,NA,NA,NA,NA,,,NA,NA,NA,NA,NA,Range,10,14,NA,0,NA,,NA,NA,NA,NA,NA,,,NA,NA,NA,NA,"Svobodova 2006, Link 2004, https://collections-botany.fieldmuseum.org/catalogue/259336 "
Melicoccus lepidopetalus,,Sapindaceae,N,Yellow,F,I,NA,,NA,NA,NA,NA,15.9,None Specified,NA,NA,NA,1,9.2,None Specified,NA,NA,NA,1,NA,,,NA,NA,NA,NA,26.5,Unknown +/-,NA,NA,3.6,30,20.6,Unknown +/-,NA,NA,1.6,30,6.8,W,Unknown +/-,NA,NA,1.4,30,"Donatti 2007, https://powo.science.kew.org/taxon/urn:lsid:ipni.org:names:783675-1/images (K000542758)"
Mendoncia glomerata,,Acanthaceae,N,,D,D,NA,,NA,NA,NA,NA,NA,,NA,NA,NA,NA,NA,,NA,NA,NA,NA,NA,,,NA,NA,NA,NA,9.25,SD,NA,NA,1.694107435,12,6.011111111,SD,NA,NA,0.869546497,9,NA,,,NA,NA,NA,NA,https://collections-botany.fieldmuseum.org/catalogue/306882
Mendoncia hoffmannseggiana,"Mendoncia ceciliae, Mendoncia pubescens, Mendoncia schomburgkiana",Acanthaceae,N,Purple,D,D,NA,,NA,NA,NA,NA,NA,,NA,NA,NA,NA,NA,,NA,NA,NA,NA,NA,,,NA,NA,NA,NA,17,None Specified,NA,NA,NA,0,8,None Specified,NA,NA,NA,0,NA,,,NA,NA,NA,NA,Turrill 1919
Mendoncia odorata,,Acanthaceae,N,Purple,D,D,1,None Specified,NA,NA,NA,6,15,None Specified,NA,NA,NA,5,8.075,None Specified,NA,NA,NA,6,0.43,D,None Specified,NA,NA,NA,5,16,None Specified,NA,NA,NA,5,13.5,None Specified,NA,NA,NA,5,0.6,D,None Specified,NA,NA,NA,6,"Stevenson 2023, Stevenson 2002"
Mendoncia odorata,,,,,,,NA,,NA,NA,NA,NA,NA,,NA,NA,NA,NA,NA,,NA,NA,NA,NA,0.61,W,None Specified,NA,NA,NA,5,NA,,NA,NA,NA,NA,NA,,NA,NA,NA,NA,1.97,W,None Specified,NA,NA,NA,6,"Stevenson 2023, Stevenson 2002"
Mendoncia pedunculata,,Acanthaceae,N,Purple,D,D,NA,,NA,NA,NA,NA,NA,,NA,NA,NA,NA,NA,,NA,NA,NA,NA,NA,,,NA,NA,NA,NA,NA,,NA,NA,NA,NA,NA,,NA,NA,NA,NA,NA,,,NA,NA,NA,NA,
Miconia acuminifera,Acinodendron acuminiferum,Melastomataceae,N,Purple,F,I,95,None Specified,NA,NA,NA,7.5,NA,,NA,NA,NA,NA,NA,,NA,NA,NA,NA,NA,,,NA,NA,NA,NA,NA,Range,5.8,10.4,NA,0,NA,Range,5.9,9.5,NA,0,0.49,W,None Specified,NA,NA,NA,7.5,"Londoño 2007, García 2020"
Miconia acuminifera,,,,,,,NA,,NA,NA,NA,NA,NA,,NA,NA,NA,NA,NA,,NA,NA,NA,NA,NA,,,NA,NA,NA,NA,9.64,None Specified,NA,NA,NA,7.5,8.71,None Specified,NA,NA,NA,7.5,NA,,,NA,NA,NA,NA,"Londoño 2007, García 2020"
Miconia albicans,,Melastomataceae,N,Green,F,I,NA,Range,10,18,NA,10,1,None Specified,NA,NA,NA,80,1,None Specified,NA,NA,NA,80,0.00113,D,SD,NA,NA,0.00017,5,8.1,Unknown +/-,NA,NA,1,93,5.8,Unknown +/-,NA,NA,0.8,93,0.21,D,Unknown +/-,NA,NA,0.05,93,"Maruyama 2019, Alves-Costa 2007, Motta-Junior 2002, Silveira 2012"
Miconia albicans,,,,,,,21.8,None Specified,NA,NA,NA,0,NA,,NA,NA,NA,NA,NA,,NA,NA,NA,NA,0.001327434,D,None Specified,NA,NA,NA,80,NA,,NA,NA,NA,NA,NA,,NA,NA,NA,NA,NA,,,NA,NA,NA,NA,"Maruyama 2019, Alves-Costa 2007, Motta-Junior 2002, Silveira 2012"
Miconia albicans,,,,,,,15.6,SD,NA,NA,3.4,22.5,NA,,NA,NA,NA,NA,NA,,NA,NA,NA,NA,NA,,,NA,NA,NA,NA,NA,,NA,NA,NA,NA,NA,,NA,NA,NA,NA,NA,,,NA,NA,NA,NA,"Maruyama 2019, Alves-Costa 2007, Motta-Junior 2002, Silveira 2012"
Miconia albicans,,,,,,,22.6,Unknown +/-,NA,NA,8.1,80,1.2,None Specified,NA,NA,NA,0,NA,,NA,NA,NA,NA,7.34E-06,W,None Specified,NA,NA,NA,4,6,None Specified,NA,NA,NA,0,NA,,NA,NA,NA,NA,0.3,W,None Specified,NA,NA,NA,0,"Maruyama 2019, Alves-Costa 2007, Motta-Junior 2002, Silveira 2012"
Miconia cuspidata,,Melastomataceae,N,Purple,F,I,40.74,SD,21,59,6.94,100,0.78,SD,0.4,1.23,0.15,100,NA,Range,0.51,1.65,NA,100,3.00E-04,NA,SD,1.00E-04,6.00E-04,1.00E-04,100,12,None Specified,NA,NA,NA,1,11,None Specified,NA,NA,NA,1,0.03,NA,SD,0.01,0.06,0.01,100,"Todeshini 2020, Mota 2012"
Miconia cuspidata,,,,,,,NA,,NA,NA,NA,NA,0.1,None Specified,NA,NA,NA,1,0.1,None Specified,NA,NA,NA,1,NA,,,NA,NA,NA,NA,3.63,SD,2.75,4.7,0.45,100,3.2,SD,2.31,4.34,0.44,100,NA,,,NA,NA,NA,NA,"Todeshini 2020, Mota 2012"
Miconia cuspidata,,,,,,,NA,,NA,NA,NA,NA,NA,,NA,NA,NA,NA,0.1,SD,NA,NA,0.2,100,NA,,,NA,NA,NA,NA,NA,,NA,NA,NA,NA,NA,,NA,NA,NA,NA,NA,,,NA,NA,NA,NA,"Todeshini 2020, Mota 2012"
Miconia flammea,"Acinodendron flammeum, Acinodendron chartaceum, Miconia chartacea, Miconia fasciculata ",Melastomataceae,N,Black/Purple,F,I,NA,Range,1,2,NA,15,4,None Specified,NA,NA,NA,0,NA,Range,1.8,1.9,NA,0,0.01186,D,SD,NA,NA,0.00233,5,6,None Specified,NA,NA,NA,0,3.075,SD,NA,NA,0.499165971,4,NA,,,NA,NA,NA,NA,"Silva-Gonçalves 2014, Alves-Costa 2007, https://powo.science.kew.org/taxon/urn:lsid:ipni.org:names:572475-1/images (K000536125)"
Miconia flammea,,,,,,,NA,Range,1,3,NA,0,NA,Range,1.9,2,NA,0,NA,,NA,NA,NA,NA,NA,,,NA,NA,NA,NA,4,None Specified,NA,NA,NA,0,NA,Range,3.7,4,NA,0,NA,,,NA,NA,NA,NA,"Silva-Gonçalves 2014, Alves-Costa 2007, https://powo.science.kew.org/taxon/urn:lsid:ipni.org:names:572475-1/images (K000536125)"
Miconia holosericea,"Acinodendron holosericeum, Melastoma holosericeum, Pleroma holosericeum, Sericola brachiata, Tamonea holosericea, Acinodendron mucronatum, Diplochita bracteata, Diplochita mucronata, Diplochita swartziana, Melastoma bracteatum, Melastoma mucronatum, Miconia mucronata",Melastomataceae,N,Black/Purple,F,I,NA,,NA,NA,NA,NA,NA,Range,1.5,2,NA,0,NA,Range,1,1.5,NA,0,NA,,,NA,NA,NA,NA,NA,Range,6.5,6.7,NA,0,NA,Range,6.2,6.5,NA,0,NA,,,NA,NA,NA,NA,"Machado 2020, Correa 2017"
Miconia holosericea,,,,,,,NA,,NA,NA,NA,NA,NA,,NA,NA,NA,NA,NA,,NA,NA,NA,NA,NA,,,NA,NA,NA,NA,7.5,None Specified,NA,NA,NA,0,7,None Specified,NA,NA,NA,0,NA,,,NA,NA,NA,NA,"Machado 2020, Correa 2017"
Miconia poeppigii,"Acinodendron poeppigii, Miconia congesta, Miconia darienensis, Miconia surinamensis, Oxymeris furfuracea",Melastomataceae,N,Black/Purple,F,I,NA,,NA,NA,NA,NA,NA,Range,1.1,1.27,NA,0,NA,Range,0.47,0.62,NA,0,NA,,,NA,NA,NA,NA,3.4,None Specified,NA,NA,NA,0,3.1,None Specified,NA,NA,NA,0,NA,,,NA,NA,NA,NA,"Correa 2017, Ocampo 2013"
Miconia ternatifolia,Acinodendron ternatifolium,Melastomataceae,N,Black,F,I,NA,,NA,NA,NA,NA,0.9,None Specified,NA,NA,NA,5,0.8,None Specified,NA,NA,NA,5,0.00015,D,None Specified,NA,NA,NA,30,3,None Specified,NA,NA,NA,0,NA,,NA,NA,NA,NA,NA,,,NA,NA,NA,NA,"Obregón 2007, Link 2004, Norford 2023"
Miconia trianaei,,Melastomataceae,N,Black/Purple,F,I,NA,Range,10,30,NA,30,0.9,None Specified,NA,NA,NA,0,NA,,NA,NA,NA,NA,0.00064,D,SD,NA,NA,1.00E-04,5,6,None Specified,NA,NA,NA,0,NA,,NA,NA,NA,NA,NA,,,NA,NA,NA,NA,Alves-Costa 2007
Micropholis caudata,,Sapotaceae,N,Yellow,F,I,1,None Specified,NA,NA,NA,0,NA,Range,17,23,NA,8,NA,Range,10,12,NA,8,7.5,NA,None Specified,NA,NA,NA,8,30,None Specified,NA,NA,NA,0,NA,Range,17,22,NA,0,NA,,,NA,NA,NA,NA,Roosmalen 2000
Micropholis cayennensis,,Sapotaceae,N,Yellow,F,I,NA,,NA,NA,NA,NA,NA,,NA,NA,NA,NA,NA,,NA,NA,NA,NA,NA,,,NA,NA,NA,NA,NA,,NA,NA,NA,NA,NA,,NA,NA,NA,NA,NA,,,NA,NA,NA,NA,
Micropholis guyanensis ,"Micropholis guianensis, Sideroxylon guyanense , Chrysophyllum acuminatum, Chrysophyllum discolor, Chrysophyllum melinonii, Mastichodendron williamsii, Micropholis achradoformis, Micropholis balata, Micropholis chrysophylloides, Micropholis cowanii, Micropholis cruegeriana,  Micropholis curvata, Micropholis cyrtobotrya, Micropholis discolor, Micropholis dominicensis, Micropholis eggersiana, Micropholis imrayana, Micropholis portoricensis, Micropholis rosadinha-brava, Micropholis rufa, Micropholis truncata, Planchonella melinonii, Pouteria achradoformis, Pouteria aeranea, Pouteria balata, Pouteria bopiensis, Pouteria chrysophylloides, Pouteria cruegeriana, Pouteria cyrtobotrya, Pouteria discolor, Pouteria dominicensis, Pouteria duckeana, Pouteria melinonii, Pouteria piresii, Pouteria rufa, Pouteria silvicola, Pouteria truncata, Sideroxylon chrysophylloides, Sideroxylon cyrtobotryum, Sideroxylon rufum, Sideroxylon williamsii, Sprucella cyrtobotrya    ",Sapotaceae,N,Black/Purple,F,I,NA,Range,1,2,NA,0,NA,Range,17,21,NA,0,NA,Range,9,10,NA,0,4,NA,None Specified,NA,NA,NA,0,NA,Range,12,28,NA,0,NA,Range,8,26,NA,0,NA,,,NA,NA,NA,NA,"Roosmalen 2000, Andreson 2000, Feer 1999"
Micropholis guyanensis ,,,,,,,NA,,NA,NA,NA,NA,18,SE,NA,NA,0.3,20,9,SE,NA,NA,0.2,20,NA,,,NA,NA,NA,NA,NA,,NA,NA,NA,NA,NA,,NA,NA,NA,NA,NA,,,NA,NA,NA,NA,"Roosmalen 2000, Andreson 2000, Feer 1999"
Micropholis guyanensis ,,,,,,,NA,,NA,NA,NA,NA,14,SE,NA,NA,0.4,10,8,SE,NA,NA,0.5,10,NA,,,NA,NA,NA,NA,NA,,NA,NA,NA,NA,NA,,NA,NA,NA,NA,NA,,,NA,NA,NA,NA,"Roosmalen 2000, Andreson 2000, Feer 1999"
Micropholis guyanensis ,,,,,,,NA,,NA,NA,NA,NA,14.2,SE,NA,NA,0.2,10,8.2,SE,NA,NA,0.1,10,NA,,,NA,NA,NA,NA,NA,,NA,NA,NA,NA,NA,,NA,NA,NA,NA,NA,,,NA,NA,NA,NA,"Roosmalen 2000, Andreson 2000, Feer 1999"
Micropholis guyanensis ,,,,,,,NA,,NA,NA,NA,NA,NA,Range,13,20,NA,0,9,None Specified,NA,NA,NA,0,NA,,,NA,NA,NA,NA,NA,,NA,NA,NA,NA,NA,,NA,NA,NA,NA,NA,,,NA,NA,NA,NA,"Roosmalen 2000, Andreson 2000, Feer 1999"
Micropholis melinoniana ,"Pouteria melinoniana, Micropholis guatemalensis, Micropholis mexicana, Pouteria calophylloides, Sideroxylon calophylloides,  Stephanoluma rugosa",Sapotaceae,N,Green,F,I,NA,,NA,NA,NA,NA,18.4,None Specified,NA,NA,NA,1,6.7,None Specified,NA,NA,NA,1,NA,,,NA,NA,NA,NA,24.5,None Specified,NA,NA,NA,1,17.3,None Specified,NA,NA,NA,1,NA,,,NA,NA,NA,NA,Pennington 2006 Sapotaceae
Micropholis mensalis,Pouteria mensalis,Sapotaceae,N,NA,F,I,NA,Range,1,2,NA,0,18.7585,SD,NA,NA,0.321733585,2,8.477,None Specified,NA,NA,NA,1,NA,,,NA,NA,NA,NA,41.697,None Specified,NA,NA,NA,1,17.212,None Specified,NA,NA,NA,1,NA,,,NA,NA,NA,NA,Pennington 2006 Sapotaceae
Micropholis obscura,,Sapotaceae,N,Yellow,F,I,1,None Specified,NA,NA,NA,0,14.5,SD,NA,NA,0.070710678,2,6.9,SD,NA,NA,1.555634919,2,1.6,NA,None Specified,NA,NA,NA,8,26.1,None Specified,NA,NA,NA,1,20,None Specified,NA,NA,NA,1,NA,,,NA,NA,NA,NA,"Pennington 2006 Sapotaceae, Roosmalen 2000"
Micropholis obscura,,,,,,,NA,,NA,NA,NA,NA,NA,Range,11,16,NA,0,NA,Range,5,10,NA,0,NA,,,NA,NA,NA,NA,NA,Range,16,30,NA,0,NA,Range,12,14,NA,0,NA,,,NA,NA,NA,NA,"Pennington 2006 Sapotaceae, Roosmalen 2000"
Micropholis venulosa,"Pouteria venulosa, Sideroxylon venulosum, Xantolis venulosa, Lucuma venulosa, Meioluma guianensis, Micropholis mucronata, Micropholis rigida, Micropholis calophylloides, Pouteria cataractae, Pouteria flava, Pouteria polyneura, Pouteria rivularis,  Sideroxylon calophylloides, Sideroxylon guianense ",Sapotaceae,N,Yellow,F,I,NA,,NA,NA,NA,NA,NA,,NA,NA,NA,NA,NA,,NA,NA,NA,NA,0.57,W,None Specified,NA,NA,NA,17,13.36666667,SD,NA,NA,2.569695183,3,11.06666667,SD,NA,NA,1.644181661,3,NA,,,NA,NA,NA,NA,"Hammond 1995, https://fm-digital-assets.fieldmuseum.org/953/422/V0306380F.jpg"
Micropholis venulosa,,,,,,,NA,,NA,NA,NA,NA,NA,,NA,NA,NA,NA,NA,,NA,NA,NA,NA,0.36,D,None Specified,NA,NA,NA,17,NA,,NA,NA,NA,NA,NA,,NA,NA,NA,NA,NA,,,NA,NA,NA,NA,"Hammond 1995, https://fm-digital-assets.fieldmuseum.org/953/422/V0306380F.jpg"
Mimusops coriacea,,Sapotaceae,,,F,I,NA,,NA,NA,NA,NA,NA,,NA,NA,NA,NA,NA,,NA,NA,NA,NA,NA,,,NA,NA,NA,NA,NA,,NA,NA,NA,NA,NA,,NA,NA,NA,NA,NA,,,NA,NA,NA,NA,
Minquartia guianensis,"Eganthus poeppigii, Endusa punctata, Minquartia macrophylla, Minquartia parvifolia, Minquartia punctata, Secretania loranthacea",Olacaceae,N,Purple,F,I,NA,,NA,NA,NA,NA,21.07,None Specified,NA,NA,NA,1,12,SE,NA,NA,0.6,10,NA,NA,Range,4.166666667,4.545454545,NA,0,NA,,NA,NA,NA,NA,NA,,NA,NA,NA,NA,NA,NA,Range,5,5.263157895,NA,0,"Andreson 2000, Costa 2023, https://rngr.net/publications/ttsm/species/PDF.2004-03-15.2931/?searchterm=Minquartia%20guianensis"
Minquartia guianensis,,,,,,,NA,,NA,NA,NA,NA,22,SE,NA,NA,0.5,10,NA,,NA,NA,NA,NA,NA,,,NA,NA,NA,NA,NA,,NA,NA,NA,NA,NA,,NA,NA,NA,NA,NA,,,NA,NA,NA,NA,"Andreson 2000, Costa 2023, https://rngr.net/publications/ttsm/species/PDF.2004-03-15.2931/?searchterm=Minquartia%20guianensis"
Monstera adansonii,,Araceae,N,Yellow,F,I,1,None Specified,NA,NA,NA,12.5,8,None Specified,NA,NA,NA,5,5,None Specified,NA,NA,NA,5,0.2,W,None Specified,NA,NA,NA,12,11,None Specified,NA,NA,NA,12.5,8,None Specified,NA,NA,NA,12.5,0.4,W,None Specified,NA,NA,NA,12.5,"Stevenson 2023, Galetti 2011, Link 2004"
Monstera adansonii,,,,,,,1,None Specified,NA,NA,NA,5,NA,,NA,NA,NA,NA,NA,,NA,NA,NA,NA,NA,,,NA,NA,NA,NA,12.5,None Specified,NA,NA,NA,0,7,None Specified,NA,NA,NA,5,NA,,,NA,NA,NA,NA,"Stevenson 2023, Galetti 2011, Link 2004"
Monstera adansonii,,,,,,,NA,,NA,NA,NA,NA,NA,,NA,NA,NA,NA,NA,,NA,NA,NA,NA,NA,,,NA,NA,NA,NA,10,None Specified,NA,NA,NA,5,NA,,NA,NA,NA,NA,NA,,,NA,NA,NA,NA,"Stevenson 2023, Galetti 2011, Link 2004"
Moronobea coccinea,Symphonia coccinea,Clusiaceae,N,Yellow/Green,F,I,NA,,NA,NA,NA,NA,NA,,NA,NA,NA,NA,NA,,NA,NA,NA,NA,6.23,NA,None Specified,NA,NA,NA,0,NA,,NA,NA,NA,NA,NA,,NA,NA,NA,NA,NA,,,NA,NA,NA,NA,"Hogan 2018, Hardy 2006, Deasey 2020"
Moronobea coccinea,,,,,,,NA,,NA,NA,NA,NA,NA,,NA,NA,NA,NA,NA,,NA,NA,NA,NA,6.86,D,None Specified,NA,NA,NA,0,NA,,NA,NA,NA,NA,NA,,NA,NA,NA,NA,NA,,,NA,NA,NA,NA,"Hogan 2018, Hardy 2006, Deasey 2020"
Moronobea coccinea,,,,,,,NA,,NA,NA,NA,NA,NA,,NA,NA,NA,NA,NA,,NA,NA,NA,NA,7.5,D,None Specified,NA,NA,NA,0,NA,,NA,NA,NA,NA,NA,,NA,NA,NA,NA,NA,,,NA,NA,NA,NA,"Hogan 2018, Hardy 2006, Deasey 2020"
Morus insignis,Paratrophis insignis,Moraceae,N,Black/Purple,F,I,NA,,NA,NA,NA,NA,NA,,NA,NA,NA,NA,NA,,NA,NA,NA,NA,0.003,W,None Specified,NA,NA,NA,0,2.5,None Specified,NA,NA,NA,0,2.5,None Specified,NA,NA,NA,0,NA,,,NA,NA,NA,NA,"Ramírez et al. 2013, https://nybgshop.org/moreae-artocarpeae-and-dorstenia-moraceae-flora-neotropica-83/"
Morus nigra,"Morus atrata, Morus cretica, Morus laciniata, Morus petiolaris, Morus siciliana  ",Moraceae,Y,Black/Purple,F,I,NA,,NA,NA,NA,NA,2,None Specified,NA,NA,NA,0,NA,,NA,NA,NA,NA,0.00547,NA,None Specified,NA,NA,NA,0,19,None Specified,NA,NA,NA,0,NA,,NA,NA,NA,NA,4.37,W,None Specified,NA,NA,NA,50,"Alves-Costa 2007, Ercisli 2007, https://ser-sid.org/species/9fc1da04-7ca9-4e2c-bd64-d7a7d0af33d4"
Morus nigra,,,,,,,NA,,NA,NA,NA,NA,NA,,NA,NA,NA,NA,NA,,NA,NA,NA,NA,0.0064932,NA,None Specified,NA,NA,NA,0,NA,,NA,NA,NA,NA,NA,,NA,NA,NA,NA,NA,,,NA,NA,NA,NA,"Alves-Costa 2007, Ercisli 2007, https://ser-sid.org/species/9fc1da04-7ca9-4e2c-bd64-d7a7d0af33d4"
Mouriri collocarpa,Mouriri acutiflora,Melastomataceae,N,Yellow,F,I,NA,Range,1,2,NA,0,NA,Range,17,23.4,NA,0,NA,Range,15.7,20.2,NA,0,0.27,W,None Specified,NA,NA,NA,0,30.5,None Specified,NA,NA,NA,1,28.4,None Specified,NA,NA,NA,1,NA,,,NA,NA,NA,NA,"Morley 1976, Lucas 2008"
Mouriri collocarpa,,,,,,,NA,,NA,NA,NA,NA,NA,,NA,NA,NA,NA,NA,,NA,NA,NA,NA,NA,,,NA,NA,NA,NA,NA,,NA,NA,NA,NA,NA,,NA,NA,NA,NA,NA,,,NA,NA,NA,NA,"Morley 1976, Lucas 2008"
Mouriri crassifolia,Mouriri anomala ,Melastomataceae,N,Orange,F,I,NA,Range,1,6,NA,0,NA,Range,6.5,10,NA,0,NA,Range,4.8,6,NA,0,NA,,,NA,NA,NA,NA,10.6,SD,NA,NA,0.707106781,2,8.85,SD,NA,NA,0.494974747,2,NA,,,NA,NA,NA,NA,"Morley 1976, https://collections-botany.fieldmuseum.org/catalogue/2798706"
Mouriri crassifolia,,,,,,,NA,,NA,NA,NA,NA,NA,,NA,NA,NA,NA,NA,,NA,NA,NA,NA,NA,,,NA,NA,NA,NA,NA,Range,14,23,NA,0,NA,Range,14,21,NA,0,NA,,,NA,NA,NA,NA,"Morley 1976, https://collections-botany.fieldmuseum.org/catalogue/2798706"
Mouriri elliptica,,Melastomataceae,N,Orange,F,I,NA,Range,2,4,NA,0,15.77,SE,NA,NA,0.21,60,11.9,SE,NA,NA,0.16,60,1.14,W,SE,NA,NA,0.04,60,35.5,SE,NA,NA,0.67,0,28.27,SE,NA,NA,0.5,0,21.96,W,SE,NA,NA,1.19,0,"De Lima 2016, Morley 1976"
Mouriri elliptica,,,,,,,NA,,NA,NA,NA,NA,NA,Range,14,15,NA,0,NA,Range,10,11.5,NA,0,NA,,,NA,NA,NA,NA,34.89,SE,NA,NA,0.63,0,28.67,SE,NA,NA,0.41,0,20.5,W,SE,NA,NA,1.01,0,"De Lima 2016, Morley 1976"
Mouriri elliptica,,,,,,,NA,,NA,NA,NA,NA,NA,,NA,NA,NA,NA,NA,,NA,NA,NA,NA,NA,,,NA,NA,NA,NA,NA,Range,22,37,NA,0,NA,Range,19,31,NA,0,NA,,,NA,NA,NA,NA,"De Lima 2016, Morley 1976"
Mouriri nervosa,,Melastomataceae,N,Red,F,I,1,None Specified,NA,NA,NA,0,5.4,None Specified,NA,NA,NA,0,5,None Specified,NA,NA,NA,0,NA,,,NA,NA,NA,NA,15,None Specified,NA,NA,NA,0,15,None Specified,NA,NA,NA,0,NA,,,NA,NA,NA,NA,"Morley 1976, Erard 1989"
Moutabea aculeata,,Polygalaceae,N,Orange,F,I,NA,,NA,NA,NA,NA,12.65,SD,NA,NA,1.060660172,2,8.15,SD,NA,NA,0.494974747,2,0.04,D,None Specified,NA,NA,NA,4,47.9,SD,NA,NA,4.5254834,2,39.7,SD,NA,NA,0.424264069,2,NA,,,NA,NA,NA,NA,"Tobler 2008, https://collections-botany.fieldmuseum.org/catalogue/3956384"
Moutabea aculeata,,,,,,,NA,,NA,NA,NA,NA,9,None Specified,NA,NA,NA,4,5,None Specified,NA,NA,NA,4,NA,,,NA,NA,NA,NA,NA,,NA,NA,NA,NA,NA,,NA,NA,NA,NA,NA,,,NA,NA,NA,NA,"Tobler 2008, https://collections-botany.fieldmuseum.org/catalogue/3956384"
Moutabea guianensis,"Cryptostomum guianense, Cryptostomum coriaceum, Cryptostomum laurifolium",Polygalaceae,N,Yellow,F,I,NA,,NA,NA,NA,NA,21.5,None Specified,NA,NA,NA,1,18.8,None Specified,NA,NA,NA,1,0.93,D,None Specified,NA,NA,NA,17,20,None Specified,NA,NA,NA,0,13,None Specified,NA,NA,NA,0,NA,,,NA,NA,NA,NA,"Hammond 1995, Erard 1989, https://collections-botany.fieldmuseum.org/catalogue/398224"
Moutabea guianensis,,,,,,,NA,,NA,NA,NA,NA,10,None Specified,NA,NA,NA,0,17,None Specified,NA,NA,NA,0,1.84,W,None Specified,NA,NA,NA,17,NA,,NA,NA,NA,NA,NA,,NA,NA,NA,NA,NA,,,NA,NA,NA,NA,"Hammond 1995, Erard 1989, https://collections-botany.fieldmuseum.org/catalogue/398224"
Musa velutina,Musa dasycarpa,Musaceae,Y,Yellow/White/Pink/Brown,F,I,NA,Range,70,80,NA,0,NA,Range,4,6,NA,0,NA,Range,2,3,NA,0,NA,,,NA,NA,NA,NA,68.625,SD,NA,NA,8.243128451,4,27,SD,NA,NA,2.749545417,3,NA,,,NA,NA,NA,NA,"Sabu 2013, Häkkinen 2008"
Musa velutina,,,,,,,NA,Range,80,90,NA,0,NA,,NA,NA,NA,NA,NA,,NA,NA,NA,NA,NA,,,NA,NA,NA,NA,70,None Specified,NA,NA,NA,0,NA,Range,30,40,NA,0,NA,,,NA,NA,NA,NA,"Sabu 2013, Häkkinen 2008"
Myrcia guajavaefolia,,Myrtaceae,N,Black/Purple,F,I,NA,Range,1,3,NA,31,6,None Specified,NA,NA,NA,0,NA,,NA,NA,NA,NA,0.03997,D,SD,NA,NA,0.01369,4,8,None Specified,NA,NA,NA,0,NA,,NA,NA,NA,NA,NA,,,NA,NA,NA,NA,Alves-Costa 2007
Naucleopsis ulei,"Acanthosphaera ulei, Ogcodeia ulei, Uleodendron ulei ",Moraceae,N,Brown,F,I,NA,,NA,NA,NA,NA,8.721052632,SD,NA,NA,1.607820798,19,4.468421053,SD,NA,NA,0.940480156,19,NA,,,NA,NA,NA,NA,51.1,None Specified,NA,NA,NA,1,37.5,None Specified,NA,NA,NA,1,NA,,,NA,NA,NA,NA,"http://legacy.tropicos.org/Image/28599, https://collections-botany.fieldmuseum.org/catalogue/2911763"
Nectandra cuspidata,"Nectandra membranacea, Nectandra gentlei, Nectandra olivacea, Nectandra pichurim, Ocotea cuspidata, Ocotea riparia, Oreodaphne coriacea",Lauraceae,N,Black/Purple,F,I,1,None Specified,NA,NA,NA,7.5,9.9,SD,NA,NA,0.7,18.75,9.9,SD,NA,NA,0.7,18.75,0.74,W,SD,NA,NA,0.14,19,9.67,None Specified,NA,NA,NA,7.5,5.98,None Specified,NA,NA,NA,7.5,0.68,W,None Specified,NA,NA,NA,7.5,"Bosque 1995, García 2020, Pizo 2002"
Nectandra cuspidata,,,,,,,NA,,NA,NA,NA,NA,NA,,NA,NA,NA,NA,NA,,NA,NA,NA,NA,NA,,,NA,NA,NA,NA,23.3,None Specified,NA,NA,NA,10,10.5,SD,NA,NA,0.5,18.75,1.41,W,SD,NA,NA,0.22,18.75,"Bosque 1995, García 2020, Pizo 2002"
Nectandra cuspidata,,,,,,,NA,,NA,NA,NA,NA,NA,,NA,NA,NA,NA,NA,,NA,NA,NA,NA,NA,,,NA,NA,NA,NA,12.4,SD,NA,NA,0.7,18.75,NA,,NA,NA,NA,NA,NA,,,NA,NA,NA,NA,"Bosque 1995, García 2020, Pizo 2002"
Neea laxa,Neea rufula ,Nyctaginaceae,N,Red,F,I,1,None Specified,NA,NA,NA,6,NA,,NA,NA,NA,NA,4,None Specified,NA,NA,NA,6,NA,,,NA,NA,NA,NA,8,None Specified,NA,NA,NA,0,NA,,NA,NA,NA,NA,0.13,D,None Specified,NA,NA,NA,6,"Stevenson 2002, Link 2004"
Neea laxa,,,,,,,NA,,NA,NA,NA,NA,NA,,NA,NA,NA,NA,NA,,NA,NA,NA,NA,NA,,,NA,NA,NA,NA,NA,,NA,NA,NA,NA,NA,,NA,NA,NA,NA,0.8,W,None Specified,NA,NA,NA,6,"Stevenson 2002, Link 2004"
Neea robusta,,Nyctaginaceae,N,Red,F,I,NA,,NA,NA,NA,NA,NA,,NA,NA,NA,NA,NA,,NA,NA,NA,NA,NA,,,NA,NA,NA,NA,20,None Specified,NA,NA,NA,0,10,None Specified,NA,NA,NA,0,NA,,,NA,NA,NA,NA,Steyermark 1987
Nepsera aquatica,"Aciotis aquatica, Melastoma aquaticum, Rhexia aquatica, Spennera aquatica, Tibouchina aquatica, Xeracina aquatica, Aciotis sieberi, Homonoma aridum, Spennera asphalti, Spennera hydrophila, Spennera sieberi ",Melastomataceae,N,Orange,F,I,NA,,NA,NA,NA,NA,NA,,NA,NA,NA,NA,NA,,NA,NA,NA,NA,NA,,,NA,NA,NA,NA,NA,,NA,NA,NA,NA,NA,,NA,NA,NA,NA,NA,,,NA,NA,NA,NA,
Norantea guianensis,Ascium guianense,Marcgraviaceae,N,Orange,F,D,1,None Specified,NA,NA,NA,0,12,None Specified,NA,NA,NA,30,8.2,None Specified,NA,NA,NA,30,0.35,D,None Specified,NA,NA,NA,30,18,None Specified,NA,NA,NA,5,7,None Specified,NA,NA,NA,0,NA,,,NA,NA,NA,NA,"Obregón 2007, Erard 1989"
Norantea guianensis,,,,,,,NA,,NA,NA,NA,NA,3,None Specified,NA,NA,NA,5,2,None Specified,NA,NA,NA,5,NA,,,NA,NA,NA,NA,7,None Specified,NA,NA,NA,0,18,None Specified,NA,NA,NA,5,NA,,,NA,NA,NA,NA,"Obregón 2007, Erard 1989"
Norantea guianensis,,,,,,,NA,,NA,NA,NA,NA,NA,,NA,NA,NA,NA,1,None Specified,NA,NA,NA,0,NA,,,NA,NA,NA,NA,NA,,NA,NA,NA,NA,NA,,NA,NA,NA,NA,NA,,,NA,NA,NA,NA,
Ocotea cernua,Ocotea leptobotra,Lauraceae,N,Black,F,I,1,None Specified,NA,NA,NA,5,10,None Specified,NA,NA,NA,5,6,None Specified,NA,NA,NA,5,NA,,,NA,NA,NA,NA,22,None Specified,NA,NA,NA,5,7,None Specified,NA,NA,NA,5,NA,,,NA,NA,NA,NA,Stevenson 2023
Ocotea oblonga,,Lauraceae,N,Green,F,I,1,None Specified,NA,NA,NA,5,13,None Specified,NA,NA,NA,5,11.55,None Specified,NA,NA,NA,5,0.61,D,None Specified,NA,NA,NA,5,15,None Specified,NA,NA,NA,5,13,None Specified,NA,NA,NA,5,0.85,D,None Specified,NA,NA,NA,5,"Stevenson 2023, Link 2004"
Ocotea oblonga,,,,,,,NA,,NA,NA,NA,NA,NA,,NA,NA,NA,NA,NA,,NA,NA,NA,NA,0.9825,W,None Specified,NA,NA,NA,5,14.5,None Specified,NA,NA,NA,0,NA,,NA,NA,NA,NA,1.5725,W,None Specified,NA,NA,NA,5,"Stevenson 2023, Link 2004"
Ocotea percurrens,,Lauraceae,N,NA,F,I,NA,,NA,NA,NA,NA,12,SE,NA,NA,0.2,10,8,SE,NA,NA,0.1,10,NA,,,NA,NA,NA,NA,NA,Range,9,15,NA,0,NA,Range,5,8,NA,0,NA,,,NA,NA,NA,NA,"Werff 2000, Andresen 2000"
Ocotea tomentosa,,Lauraceae,N,Green,F,I,NA,,NA,NA,NA,NA,NA,,NA,NA,NA,NA,NA,,NA,NA,NA,NA,NA,,,NA,NA,NA,NA,8,None Specified,NA,NA,NA,0,NA,,NA,NA,NA,NA,NA,,,NA,NA,NA,NA,Link 2004
Ocotea wachenheimii,"Ocotea floribunda, Calycodaphne floribunda, Laurus floribunda, Nectandra floribunda, Persea floribunda, Strychnodaphne floribunda, Calycodaphne dysoxylon, Laurus cerifera, Laurus exaltata, Laurus multiglandulosa, Laurus retroflexa, Laurus salicifolia, Ocotea architectorum, Ocotea arenaensis, Ocotea botryophylla, Ocotea caniflora, Ocotea lanceolata, Ocotea multiglandulosa, Ocotea poeppigiana, Oreodaphne domingensis, Oreodaphne floribunda, Oreodaphne poeppigiana, Oreodaphne retroflexa, Oreodaphne willdenoviana, Persea retroflexa  ",Lauraceae,N,Purple,F,I,NA,,NA,NA,NA,NA,13.2,SD,NA,NA,5,0,10.3,SD,NA,NA,3,0,0.71,D,None Specified,NA,NA,NA,0,8.266666667,SD,NA,NA,1.036018018,12,17,None Specified,NA,NA,NA,0,2.94,W,None Specified,NA,NA,NA,0,"Wheelwright 1984, Kattge 2011, https://fm-digital-assets.fieldmuseum.org/601/708/V0170034F.jpg, Guzmán 2011"
Ocotea wachenheimii,,,,,,,NA,,NA,NA,NA,NA,NA,,NA,NA,NA,NA,NA,,NA,NA,NA,NA,0.48,NA,SD,NA,NA,0.2,5,NA,,NA,NA,NA,NA,NA,,NA,NA,NA,NA,NA,,,NA,NA,NA,NA,
Odontocarya emarginata,,Menispermaceae,N,Yellow,F,I,NA,,NA,NA,NA,NA,NA,,NA,NA,NA,NA,NA,,NA,NA,NA,NA,NA,,,NA,NA,NA,NA,17.35,SD,NA,NA,0.858292879,4,13.6,SD,NA,NA,1.732050808,4,NA,,,NA,NA,NA,NA,https://powo.science.kew.org/taxon/urn:lsid:ipni.org:names:172169-2/images (K001106569)
Odontocarya petiolaris,,Menispermaceae,N,Yellow,F,I,NA,,NA,NA,NA,NA,12,None Specified,NA,NA,NA,5,8.55,None Specified,NA,NA,NA,5,NA,,,NA,NA,NA,NA,14.5,None Specified,NA,NA,NA,5,14,None Specified,NA,NA,NA,5,NA,,,NA,NA,NA,NA,Stevenson 2023
Odontocarya tripetala,,Menispermaceae,N,Yellow,F,I,1,None Specified,NA,NA,NA,5,9.5,None Specified,NA,NA,NA,5,5.55,None Specified,NA,NA,NA,5,0.12,W,None Specified,NA,NA,NA,5,9.035483871,SD,NA,NA,0.617278104,31,5.967741935,SD,NA,NA,0.52750172,31,0.53,W,None Specified,NA,NA,NA,5,"Link 2004, https://collections-botany.fieldmuseum.org/catalogue/300002"
Odontocarya tripetala,,,,,,,NA,,NA,NA,NA,NA,NA,,NA,NA,NA,NA,NA,,NA,NA,NA,NA,0.06,D,None Specified,NA,NA,NA,5,9,None Specified,NA,NA,NA,0,9.5,None Specified,NA,NA,NA,5,0.12,D,None Specified,NA,NA,NA,5,"Link 2004, https://collections-botany.fieldmuseum.org/catalogue/300002"
Odontocarya tripetala,,,,,,,NA,,NA,NA,NA,NA,NA,,NA,NA,NA,NA,NA,,NA,NA,NA,NA,NA,,,NA,NA,NA,NA,11,None Specified,NA,NA,NA,5,NA,,NA,NA,NA,NA,NA,,,NA,NA,NA,NA,"Link 2004, https://collections-botany.fieldmuseum.org/catalogue/300002"
Oenocarpus bacaba,"Areca bacaba, Oenocarpus grandis, Oenocarpus hoppii ",Arecaceae,N,Black/Purple,D,I,1,None Specified,NA,NA,NA,0,NA,,NA,NA,NA,NA,NA,,NA,NA,NA,NA,NA,,,NA,NA,NA,NA,NA,Range,13,15,NA,0,NA,Range,13,15,NA,0,NA,,,NA,NA,NA,NA,"Trujillo 2021, Kissling 2019"
Oenocarpus bacaba,,,,,,,NA,,NA,NA,NA,NA,NA,,NA,NA,NA,NA,NA,,NA,NA,NA,NA,NA,,,NA,NA,NA,NA,22,None Specified,NA,NA,NA,0,NA,,NA,NA,NA,NA,NA,,,NA,NA,NA,NA,"Trujillo 2021, Kissling 2019"
Oenocarpus bataua,,Arecaceae,N,Black/Purple,D,I,1,None Specified,NA,NA,NA,6,45.7,None Specified,NA,NA,NA,1,31.4,None Specified,NA,NA,NA,1,7.5,D,None Specified,NA,NA,NA,0,NA,Range,25,45,NA,0,NA,Range,22,25,NA,0,17.975,W,None Specified,NA,NA,NA,6,"Stevenson 2023, Bastos 2017, Trujillo 2021, Kissling 2019, Stevenson 2002, Link 2004, Kattge 2011. Cárdenas 2021"
Oenocarpus bataua,,,,,,,NA,,NA,NA,NA,NA,NA,Range,30,40,NA,0,18,None Specified,NA,NA,NA,0,11.725,W,None Specified,NA,NA,NA,0,NA,Range,40,50,NA,0,35,None Specified,NA,NA,NA,0,13.435,D,None Specified,NA,NA,NA,6,"Stevenson 2023, Bastos 2017, Trujillo 2021, Kissling 2019, Stevenson 2002, Link 2004, Kattge 2011. Cárdenas 2021"
Oenocarpus bataua,,,,,,,NA,,NA,NA,NA,NA,35,None Specified,NA,NA,NA,0,17,None Specified,NA,NA,NA,6,9.65,D,None Specified,NA,NA,NA,0,45,None Specified,NA,NA,NA,0,NA,,NA,NA,NA,NA,NA,,,NA,NA,NA,NA,"Stevenson 2023, Bastos 2017, Trujillo 2021, Kissling 2019, Stevenson 2002, Link 2004, Kattge 2011. Cárdenas 2021"
Oenocarpus bataua,,,,,,,NA,,NA,NA,NA,NA,NA,,NA,NA,NA,NA,NA,,NA,NA,NA,NA,3.91,D,None Specified,NA,NA,NA,5,NA,,NA,NA,NA,NA,NA,,NA,NA,NA,NA,NA,,,NA,NA,NA,NA,"Stevenson 2023, Bastos 2017, Trujillo 2021, Kissling 2019, Stevenson 2002, Link 2004, Kattge 2011. Cárdenas 2021"
Oenocarpus mapora,,Arecaceae,N,Black/Purple,D,I,1,None Specified,NA,NA,NA,6,17.5,None Specified,NA,NA,NA,5,14.5,None Specified,NA,NA,NA,5,2.51,W,None Specified,NA,NA,NA,5,17,None Specified,NA,NA,NA,5,11.5,None Specified,NA,NA,NA,5,2.59,D,None Specified,NA,NA,NA,6,"Stevenson 2023, Kissling 2019, Stevenson 2002"
Oenocarpus mapora,,,,,,,NA,,NA,NA,NA,NA,NA,,NA,NA,NA,NA,14,None Specified,NA,NA,NA,6,1.72,D,None Specified,NA,NA,NA,5,NA,Range,20,30,NA,0,NA,Range,15,25,NA,0,4.35,W,None Specified,NA,NA,NA,6,"Stevenson 2023, Kissling 2019, Stevenson 2002"
Omphalea diandra,"Omphalandria diandra, Hebecocca panamensis, Omphalea cordata, Omphalea elaeophoroides, Omphalea guyanensis, Omphalea megacarpa, Omphalea panamensis ",Euphorbiaceae,N,Green,F,I,3,None Specified,NA,NA,NA,0,45,None Specified,NA,NA,NA,0,37.85,None Specified,NA,NA,NA,0,20.95,W,None Specified,NA,NA,NA,0,90,None Specified,NA,NA,NA,0,90,None Specified,NA,NA,NA,0,NA,,,NA,NA,NA,NA,"Stevenson 2023, Link 2004"
Omphalea diandra,,,,,,,NA,,NA,NA,NA,NA,NA,,NA,NA,NA,NA,NA,,NA,NA,NA,NA,8.31,D,None Specified,NA,NA,NA,0,NA,,NA,NA,NA,NA,NA,,NA,NA,NA,NA,NA,,,NA,NA,NA,NA,"Stevenson 2023, Link 2004"
Opuntia cardiosperma,,Cactaceae,N,Pink,F,I,NA,,NA,NA,NA,NA,NA,,NA,NA,NA,NA,NA,,NA,NA,NA,NA,NA,,,NA,NA,NA,NA,NA,,NA,NA,NA,NA,NA,,NA,NA,NA,NA,NA,,,NA,NA,NA,NA,
Orbignya martiana,"Attalea speciosa, Orbignya phalerata, Orbygnia speciosa",Arecaceae,,,D,I,NA,,NA,NA,NA,NA,NA,,NA,NA,NA,NA,NA,,NA,NA,NA,NA,NA,,,NA,NA,NA,NA,NA,,NA,NA,NA,NA,NA,,NA,NA,NA,NA,NA,,,NA,NA,NA,NA,
Oreopanax capitatum,,Araliaceae,N,Black,F,I,NA,,NA,NA,NA,NA,NA,,NA,NA,NA,NA,NA,,NA,NA,NA,NA,NA,,,NA,NA,NA,NA,NA,,NA,NA,NA,NA,NA,,NA,NA,NA,NA,NA,,,NA,NA,NA,NA,Erard 2007
Ormosia arborea,,Fabaceae,,Orange/Black,D,D,NA,,NA,NA,NA,NA,NA,,NA,NA,NA,NA,NA,,NA,NA,NA,NA,1.005,W,SD,NA,NA,0.15,22,NA,,NA,NA,NA,NA,NA,,NA,NA,NA,NA,NA,,,NA,NA,NA,NA,Galetti 2015
Orthomene schomburgkii,Anomospermum schomburgkii,Menispermaceae,N,Yellow,F,I,1,None Specified,NA,NA,NA,0,NA,Range,23.1,23.2,NA,0,NA,Range,10,11.1,NA,0,NA,,,NA,NA,NA,NA,33.023,SD,NA,NA,5.085391135,3,14.07433333,SD,NA,NA,1.148405997,3,NA,,,NA,NA,NA,NA,"Frédéric 2009, Andel 2000 Part II, Teixeira 2011"
Osteophloeum platyspermum,Palala platysperma,Myristicaceae,N,Green,F,D,1,None Specified,NA,NA,NA,0,24.229,None Specified,NA,NA,NA,1,10.95,None Specified,NA,NA,NA,1,NA,,,NA,NA,NA,NA,36.35,SD,NA,NA,2.61629509,2,27.85,SD,NA,NA,0.919238816,2,NA,,,NA,NA,NA,NA,https://collections-botany.fieldmuseum.org/catalogue/2969151
Oxandra asbecki,,Annonaceae,N,Orange,D,I,NA,,NA,NA,NA,NA,NA,,NA,NA,NA,NA,NA,,NA,NA,NA,NA,NA,,,NA,NA,NA,NA,10.7,None Specified,NA,NA,NA,0,10,None Specified,NA,NA,NA,0,NA,,,NA,NA,NA,NA,Atramentowicz 1988
Oxandra mediocris ,,Annonaceae,N,Purple,D,I,NA,,NA,NA,NA,NA,13.2,None Specified,NA,NA,NA,0,7.5,None Specified,NA,NA,NA,5,0.58,W,None Specified,NA,NA,NA,5,15,None Specified,NA,NA,NA,5,7.5,None Specified,NA,NA,NA,5,0.5674375,D,None Specified,NA,NA,NA,6,"Stevenson 2023, Stevenson 2002, Sánchez 2013"
Oxandra mediocris ,,,,,,,1,None Specified,NA,NA,NA,6,9,None Specified,NA,NA,NA,5,7,None Specified,NA,NA,NA,6,0.32,NA,None Specified,NA,NA,NA,0,22.7,None Specified,NA,NA,NA,0,22.5,None Specified,NA,NA,NA,0,1.3858,W,None Specified,NA,NA,NA,6,"Stevenson 2023, Stevenson 2002, Sánchez 2013"
Oxandra mediocris ,,,,,,,NA,,NA,NA,NA,NA,NA,,NA,NA,NA,NA,NA,,NA,NA,NA,NA,0.37571429,D,None Specified,NA,NA,NA,5,NA,,NA,NA,NA,NA,NA,,NA,NA,NA,NA,7.16,NA,None Specified,NA,NA,NA,0,"Stevenson 2023, Stevenson 2002, Sánchez 2013"
Pacouria guianensis,"Landolphia guianensis, Willughbeia guianensis, Willughbeia scandens",Apocynaceae,N,Yellow,F,I,NA,,NA,NA,NA,NA,NA,,NA,NA,NA,NA,NA,,NA,NA,NA,NA,0.67,D,None Specified,NA,NA,NA,5,NA,,NA,NA,NA,NA,NA,,NA,NA,NA,NA,NA,,,NA,NA,NA,NA,
Pacouria guianensis,,,,,,,5,None Specified,NA,NA,NA,5,18,None Specified,NA,NA,NA,5,15.7,None Specified,NA,NA,NA,5,1.77,W,None Specified,NA,NA,NA,5,120,None Specified,NA,NA,NA,5,110,None Specified,NA,NA,NA,5,NA,,,NA,NA,NA,NA,Stevenson 2023
Panicum elephantipes,"Louisiella elephantipes, Digitaria megapotamica, Echinochloa elephantipes, Panicum firmum, Panicum fistulosum, Panicum sucosum",Poaceae,N,NA,,,NA,,NA,NA,NA,NA,NA,,NA,NA,NA,NA,NA,,NA,NA,NA,NA,NA,,,NA,NA,NA,NA,NA,Range,3,4,NA,0,0.8,None Specified,NA,NA,NA,0,NA,,,NA,NA,NA,NA,"https://books.google.com/books?id=WfN-LQV-cToC&dq=%22Panicum+elephantipes%22+AND+fruit&lr=&source=gbs_navlinks_s, Nash 1915"
Panicum elephantipes,,,,,,,NA,,NA,NA,NA,NA,NA,,NA,NA,NA,NA,NA,,NA,NA,NA,NA,NA,,,NA,NA,NA,NA,2.5,None Specified,NA,NA,NA,0,0.7,None Specified,NA,NA,NA,NA,NA,,,NA,NA,NA,NA,"https://books.google.com/books?id=WfN-LQV-cToC&dq=%22Panicum+elephantipes%22+AND+fruit&lr=&source=gbs_navlinks_s, Nash 1915"
Panicum laxum,Steinchisma laxum,Poaceae,N,Yellow,D,I,NA,,NA,NA,NA,NA,NA,,NA,NA,NA,NA,NA,,NA,NA,NA,NA,1.00E-04,D,None Specified,NA,NA,NA,160,NA,,NA,NA,NA,NA,NA,,NA,NA,NA,NA,NA,,,NA,NA,NA,NA,Uhl 1981
Parahancornia fasciculata,"Couma fasciculata, Macoubea fasciculata, Tabernaemontana fasciculata, Thyrsanthus fasciculatus, Hancornia amapa, Malouetia lactiflua, Parahancornia amapa, Tabernaemontana lactiflua",Apocynaceae,N,Purple,F,I,NA,,NA,NA,NA,NA,12,SE,NA,NA,0.2,30,6.6,SE,NA,NA,0.1,30,NA,,,NA,NA,NA,NA,32.4,SD,NA,NA,4.384062043,2,31.75,SD,NA,NA,5.161879503,2,NA,,,NA,NA,NA,NA,"Feer 1999, http://legacy.tropicos.org/Image/101601227"
Parinari excelsa,,Chrysobalanaceae,Y,Brown,F,I,1,None Specified,NA,NA,NA,12.5,28,None Specified,NA,NA,NA,12.5,16,None Specified,NA,NA,NA,12.5,5.6,W,None Specified,NA,NA,NA,12,39,None Specified,NA,NA,NA,12.5,25,None Specified,NA,NA,NA,12.5,12.9,W,None Specified,NA,NA,NA,12.5,"Galetti 2011, Galetti 2015, Hammond 1995"
Parinari excelsa,,,,,,,NA,,NA,NA,NA,NA,NA,,NA,NA,NA,NA,NA,,NA,NA,NA,NA,6.98,D,None Specified,NA,NA,NA,17,NA,,NA,NA,NA,NA,NA,,NA,NA,NA,NA,NA,,,NA,NA,NA,NA,"Galetti 2011, Galetti 2015, Hammond 1995"
Parinari excelsa,,,,,,,NA,,NA,NA,NA,NA,NA,,NA,NA,NA,NA,NA,,NA,NA,NA,NA,4.327,W,SD,NA,NA,0.94,3,NA,,NA,NA,NA,NA,NA,,NA,NA,NA,NA,NA,,,NA,NA,NA,NA,"Galetti 2011, Galetti 2015, Hammond 1995"
Parinari excelsa,,,,,,,NA,,NA,NA,NA,NA,NA,,NA,NA,NA,NA,NA,,NA,NA,NA,NA,8.22,W,None Specified,NA,NA,NA,17,NA,,NA,NA,NA,NA,NA,,NA,NA,NA,NA,NA,,,NA,NA,NA,NA,"Galetti 2011, Galetti 2015, Hammond 1995"
Parinari obtusifolia,Ferolia obtusifolia,Chrysobalanaceae,N,Brown,F,I,1,None Specified,NA,NA,NA,0,NA,,NA,NA,NA,NA,NA,,NA,NA,NA,NA,2.06,W,None Specified,NA,NA,NA,1,NA,Range,25,40,NA,0,20,None Specified,NA,NA,NA,0,10.2,W,None Specified,NA,NA,NA,0,"Motta-Junior 2002, Prance 2003, Pellizzaro 2016"
Parkia multijuga,Dimorphandra megacarpa,Fabaceae,N,Brown/Black,D,I,21,None Specified,NA,NA,NA,0,40,None Specified,NA,NA,NA,0,13.45,None Specified,NA,NA,NA,0,NA,NA,Range,3.3,7.5,NA,0,230,None Specified,NA,NA,NA,0,95,None Specified,NA,NA,NA,0,NA,,,NA,NA,NA,NA,"Stevenson 2023, Hopkins 1986"
Parkia multijuga,,,,,,,NA,,NA,NA,NA,NA,NA,Range,35,60,NA,0,NA,Range,11,16.5,NA,0,NA,,,NA,NA,NA,NA,NA,Range,80,320,NA,0,NA,Range,100,150,NA,0,NA,,,NA,NA,NA,NA,"Stevenson 2023, Hopkins 1986"
Parkia pendula,"Inga pendula, Mimosa pendula",Fabaceae,N,Green,D,I,NA,Range,17,30,NA,0,10.1,SD,6,12.5,4.6,0,4.9,SD,3,7,2.8,0,0.08,W,None Specified,NA,NA,NA,17,160,SD,85,231,23,0,20.9,SD,15.9,26,1.7,0,NA,,,NA,NA,NA,NA,"Camara 2008, Peres 2000, Hammond 1995, Hopkins 1986"
Parkia pendula,,,,,,,NA,Range,17,25,NA,0,NA,Range,7,11,NA,0,NA,Range,4,6,NA,0,NA,NA,Range,0.06,0.11,NA,0,NA,,NA,NA,NA,NA,NA,,NA,NA,NA,NA,NA,,,NA,NA,NA,NA,"Camara 2008, Peres 2000, Hammond 1995, Hopkins 1986"
Parkia pendula,,,,,,,20,SD,10,26,4.7,0,NA,,NA,NA,NA,NA,NA,,NA,NA,NA,NA,NA,,,NA,NA,NA,NA,NA,,NA,NA,NA,NA,NA,,NA,NA,NA,NA,NA,,,NA,NA,NA,NA,"Camara 2008, Peres 2000, Hammond 1995, Hopkins 1986"
Paspalidium paludivagum,Setaria geminata,Poaceae ,Y,NA,D,I,NA,,NA,NA,NA,NA,NA,,NA,NA,NA,NA,NA,,NA,NA,NA,NA,NA,,,NA,NA,NA,NA,2.2,None Specified,NA,NA,NA,0,1.2,None Specified,NA,NA,NA,0,NA,,,NA,NA,NA,NA,Hitchcock 1931
Paspalum conjugatum,"Digitaria conjugata, Panicum conjugatum, Paspalum tenue, Paspalum africanum, Paspalum bicrurum, Paspalum ciliatum, Paspalum dolichopus, Paspalum longissimum, Paspalum renggeri, Paspalum sieberianum",Poaceae,N,Green,D,I,1,None Specified,NA,NA,NA,5,1.5,None Specified,NA,NA,NA,5,1.4,None Specified,NA,NA,NA,5,NA,,,NA,NA,NA,NA,1.5,None Specified,NA,NA,NA,5,1.5,None Specified,NA,NA,NA,5,NA,,,NA,NA,NA,NA,Stevenson 2023
Paspalum conjugatum,,,,,,,NA,,NA,NA,NA,NA,NA,,NA,NA,NA,NA,NA,,NA,NA,NA,NA,NA,,,NA,NA,NA,NA,NA,,NA,NA,NA,NA,NA,,NA,NA,NA,NA,NA,,,NA,NA,NA,NA,Stevenson 2023
Paspalum distichum,,,,,,,NA,,NA,NA,NA,NA,NA,,NA,NA,NA,NA,NA,,NA,NA,NA,NA,NA,,,NA,NA,NA,NA,NA,,NA,NA,NA,NA,NA,,NA,NA,NA,NA,NA,,,NA,NA,NA,NA,
Passiflora edulis,"Passiflora cuneifolia, Passiflora diaden, Passiflora fragrans, Passiflora incarnata, Passiflora iodocarpa, Passiflora middletoniana, Passiflora pallidiflora, Passiflora perfecta, Passiflora picroderma, Passiflora pomifera, Passiflora rubricaulis, Passiflora vernicosa, Passiflora verrucifera",Passifloraceae,N,Yellow/Purple,F,I,NA,Range,85,134,NA,5,2.713333333,SD,NA,NA,0.18036999,3,1.766666667,SD,NA,NA,0.152752523,3,0.02461,D,SD,NA,NA,0.00132,5,39.9,None Specified,NA,NA,NA,1,36.5,None Specified,NA,NA,NA,1,NA,NA,Range,45,60,NA,0,"Fonseca 2022, He 2020, Alves-Costa 2007, Thokchom 2017, https://fm-digital-assets.fieldmuseum.org/187/688/PASS_pass_edul_2082578.jpg"
Passiflora edulis,,,,,,,NA,,NA,NA,NA,NA,7.5,None Specified,NA,NA,NA,0,NA,,NA,NA,NA,NA,NA,,,NA,NA,NA,NA,NA,Range,35,70,NA,0,NA,Range,35,60,NA,0,NA,NA,Range,80,115,NA,0,"Fonseca 2022, He 2020, Alves-Costa 2007, Thokchom 2017, https://fm-digital-assets.fieldmuseum.org/187/688/PASS_pass_edul_2082578.jpg"
Passiflora edulis,,,,,,,NA,,NA,NA,NA,NA,NA,,NA,NA,NA,NA,NA,,NA,NA,NA,NA,NA,,,NA,NA,NA,NA,NA,Range,80,100,NA,0,NA,Range,50,75,NA,0,35,NA,None Specified,NA,NA,NA,0,"Fonseca 2022, He 2020, Alves-Costa 2007, Thokchom 2017, https://fm-digital-assets.fieldmuseum.org/187/688/PASS_pass_edul_2082578.jpg"
Passiflora edulis,,,,,,,NA,,NA,NA,NA,NA,NA,,NA,NA,NA,NA,NA,,NA,NA,NA,NA,NA,,,NA,NA,NA,NA,NA,Range,40,90,NA,0,NA,Range,35,70,NA,0,NA,,,NA,NA,NA,NA,"Fonseca 2022, He 2020, Alves-Costa 2007, Thokchom 2017, https://fm-digital-assets.fieldmuseum.org/187/688/PASS_pass_edul_2082578.jpg"
Passiflora edulis,,,,,,,NA,,NA,NA,NA,NA,NA,,NA,NA,NA,NA,NA,,NA,NA,NA,NA,NA,,,NA,NA,NA,NA,NA,Range,60,120,NA,0,NA,Range,40,70,NA,0,NA,,,NA,NA,NA,NA,"Fonseca 2022, He 2020, Alves-Costa 2007, Thokchom 2017, https://fm-digital-assets.fieldmuseum.org/187/688/PASS_pass_edul_2082578.jpg"
Passiflora edulis,,,,,,,NA,,NA,NA,NA,NA,NA,,NA,NA,NA,NA,NA,,NA,NA,NA,NA,NA,,,NA,NA,NA,NA,50,None Specified,NA,NA,NA,0,NA,,NA,NA,NA,NA,NA,,,NA,NA,NA,NA,"Fonseca 2022, He 2020, Alves-Costa 2007, Thokchom 2017, https://fm-digital-assets.fieldmuseum.org/187/688/PASS_pass_edul_2082578.jpg"
Passiflora involucrata,"Passiflora quadriglandulosa, Passiflora vitifolia",Passifloraceae,N,Brown/Yellow,F,I,NA,Range,240,330,NA,0,7,None Specified,NA,NA,NA,0,4.5,None Specified,NA,NA,NA,0,NA,,,NA,NA,NA,NA,NA,Range,60,70,NA,0,45,None Specified,NA,NA,NA,0,NA,,,NA,NA,NA,NA,Avila 2021
Paullinia capreolata,Paullinia faginea,Sapindaceae,N,Yellow/Orange,F,D,1,None Specified,NA,NA,NA,5,11,None Specified,NA,NA,NA,5,9,None Specified,NA,NA,NA,5,0.477,W,SD,NA,NA,0.051,10,NA,Range,15,27,NA,0,NA,Range,15,25,NA,0,0.56833333,D,None Specified,NA,NA,NA,5,"Stevenson 2023, Medeiros 2016, Stevenson 2005, Roeder 2013"
Paullinia capreolata,,,,,,,NA,,NA,NA,NA,NA,NA,,NA,NA,NA,NA,NA,,NA,NA,NA,NA,0.19166667,D,None Specified,NA,NA,NA,5,13.8,None Specified,NA,NA,NA,5,12,None Specified,NA,NA,NA,5,1.13,W,None Specified,NA,NA,NA,5,"Stevenson 2023, Medeiros 2016, Stevenson 2005, Roeder 2013"
Paullinia capreolata,,,,,,,NA,,NA,NA,NA,NA,NA,,NA,NA,NA,NA,NA,,NA,NA,NA,NA,0.25666667,W,None Specified,NA,NA,NA,5,NA,,NA,NA,NA,NA,NA,,NA,NA,NA,NA,NA,,,NA,NA,NA,NA,"Stevenson 2023, Medeiros 2016, Stevenson 2005, Roeder 2013"
Paullinia faginea,Paullinia capreolata,Sapindaceae,N,Yellow/Orange,F,D,1,None Specified,NA,NA,NA,0,11,None Specified,NA,NA,NA,0,9,None Specified,NA,NA,NA,0,0.477,W,SD,NA,NA,0.051,10,NA,Range,15,27,NA,0,NA,Range,15,25,NA,0,0.56833333,D,None Specified,NA,NA,NA,0,"Stevenson 2023, Medeiros 2016, Stevenson 2005, Roeder 2013"
Paullinia faginea,,,,,,,NA,,NA,NA,NA,NA,NA,,NA,NA,NA,NA,NA,,NA,NA,NA,NA,0.19166667,D,None Specified,NA,NA,NA,0,13.8,None Specified,NA,NA,NA,0,12,None Specified,NA,NA,NA,0,1.13,W,None Specified,NA,NA,NA,0,"Stevenson 2023, Medeiros 2016, Stevenson 2005, Roeder 2013"
Paullinia faginea,,,,,,,NA,,NA,NA,NA,NA,NA,,NA,NA,NA,NA,NA,,NA,NA,NA,NA,0.25666667,W,None Specified,NA,NA,NA,0,NA,,NA,NA,NA,NA,NA,,NA,NA,NA,NA,NA,,,NA,NA,NA,NA,"Stevenson 2023, Medeiros 2016, Stevenson 2005, Roeder 2013"
Paullinia obovata,Semarillaria obovata,Sapindaceae,N,Orange,F,D,3,None Specified,NA,NA,NA,0,14,None Specified,NA,NA,NA,5,NA,Range,13,16,NA,0,0.46583333,W,None Specified,NA,NA,NA,5,NA,Range,30,40,NA,0,33,None Specified,NA,NA,NA,5,3.42,D,None Specified,NA,NA,NA,6,"Stevenson 2023, Stevenson 2002, Foster 1985, Weckerle 2003, Weckerle 2005, Medeiros 2016"
Paullinia obovata,,,,,,,NA,Range,2,3,NA,0,NA,,NA,NA,NA,NA,8,None Specified,NA,NA,NA,5,0.33384615,D,None Specified,NA,NA,NA,5,NA,Range,25,45,NA,0,NA,Range,15,25,NA,0,NA,,,NA,NA,NA,NA,"Stevenson 2023, Stevenson 2002, Foster 1985, Weckerle 2003, Weckerle 2005, Medeiros 2016"
Paullinia obovata,,,,,,,2.68888889,None Specified,NA,NA,NA,6,NA,Range,18,25,NA,0,6,None Specified,NA,NA,NA,6,0.47,W,None Specified,NA,NA,NA,0,35,None Specified,NA,NA,NA,5,NA,Range,25,35,NA,0,12.31,W,None Specified,NA,NA,NA,6,"Stevenson 2023, Stevenson 2002, Foster 1985, Weckerle 2003, Weckerle 2005, Medeiros 2016"
Paullinia obovata,,,,,,,NA,,NA,NA,NA,NA,NA,,NA,NA,NA,NA,NA,,NA,NA,NA,NA,NA,,,NA,NA,NA,NA,NA,Range,80,90,NA,0,NA,Range,35,50,NA,0,NA,,,NA,NA,NA,NA,"Stevenson 2023, Stevenson 2002, Foster 1985, Weckerle 2003, Weckerle 2005, Medeiros 2016"
Paullinia obovata,,,,,,,NA,,NA,NA,NA,NA,NA,,NA,NA,NA,NA,NA,,NA,NA,NA,NA,NA,,,NA,NA,NA,NA,NA,Range,40,70,NA,0,NA,Range,20,35,NA,0,NA,,,NA,NA,NA,NA,"Stevenson 2023, Stevenson 2002, Foster 1985, Weckerle 2003, Weckerle 2005, Medeiros 2016"
Paullinia obovata,,,,,,,NA,,NA,NA,NA,NA,NA,,NA,NA,NA,NA,NA,,NA,NA,NA,NA,NA,,,NA,NA,NA,NA,NA,Range,35,49,NA,0,NA,Range,25,35,NA,0,NA,,,NA,NA,NA,NA,"Stevenson 2023, Stevenson 2002, Foster 1985, Weckerle 2003, Weckerle 2005, Medeiros 2016"
Paullinia obovata,,,,,,,NA,,NA,NA,NA,NA,NA,,NA,NA,NA,NA,NA,,NA,NA,NA,NA,NA,,,NA,NA,NA,NA,NA,Range,27,37,NA,0,NA,Range,20,25,NA,0,NA,,,NA,NA,NA,NA,"Stevenson 2023, Stevenson 2002, Foster 1985, Weckerle 2003, Weckerle 2005, Medeiros 2016"
Paullinia venosa,,Sapindaceae,N,NA,F,D,NA,,NA,NA,NA,NA,NA,,NA,NA,NA,NA,NA,,NA,NA,NA,NA,NA,,,NA,NA,NA,NA,10.800125,SD,NA,NA,2.595139437,8,9.480142857,SD,NA,NA,1.310719068,7,NA,,,NA,NA,NA,NA,https://fm-digital-assets.fieldmuseum.org/993/381/SAPI_paul_veno_1874585.jpg
Pavonia schiedeana,"Malache rosea, Pavonia rosea, Hibiscus umbellatus, Pavonia begoniifolia, Pavonia brachysepala, Pavonia fruticosa, Pavonia gardneriana, Pavonia lappacea, Pavonia rosea, Pavonia silvatica, Pavonia umbrosa, Typhalea umbrosa",Malvaceae,N,Green,F,D,1,None Specified,NA,NA,NA,0,25.154,None Specified,NA,NA,NA,1,11.838,None Specified,NA,NA,NA,1,1.8,D,SE,NA,NA,0.03,10,20.9564,SD,NA,NA,1.691313188,5,16.222,SD,NA,NA,0.92454313,5,3.5,D,SE,NA,NA,0.06,10,"Castillo-Flores 2002, http://apps.kew.org/herbcat/detailsQuery.do?barcode=K000575116 , https://collections-botany.fieldmuseum.org/catalogue/2969151"
Pera arborea,Perula arborea,Peraceae,N,Green,F,I,NA,,NA,NA,NA,NA,11.1,None Specified,NA,NA,NA,30,6.8,None Specified,NA,NA,NA,30,0.2,D,None Specified,NA,NA,NA,30,10,None Specified,NA,NA,NA,5,10,None Specified,NA,NA,NA,5,NA,,,NA,NA,NA,NA,"Stevenson 2023, Obregón 2007, Paredes 2007"
Pera arborea,,,,,,,NA,,NA,NA,NA,NA,5,None Specified,NA,NA,NA,0,3,None Specified,NA,NA,NA,0,NA,,,NA,NA,NA,NA,NA,,NA,NA,NA,NA,NA,,NA,NA,NA,NA,NA,,,NA,NA,NA,NA,"Stevenson 2023, Obregón 2007, Paredes 2007"
Perebea mollis,"Noyera mollis, Olmedia mollis",Moraceae,N,Yellow,F,I,14,None Specified,NA,NA,NA,6,11,None Specified,NA,NA,NA,5,6.925,None Specified,NA,NA,NA,5,0.17,D,None Specified,NA,NA,NA,5,40,None Specified,NA,NA,NA,5,25,None Specified,NA,NA,NA,5,4.84,D,None Specified,NA,NA,NA,6,"Stevenson 2023, Yumoto et al. 1999, Stevenson 2002"
Perebea mollis,,,,,,,12,None Specified,NA,NA,NA,0,11.2,None Specified,NA,NA,NA,0,9.5,None Specified,NA,NA,NA,0,0.57,W,None Specified,NA,NA,NA,0,39.5,None Specified,NA,NA,NA,0,35.8,None Specified,NA,NA,NA,0,19.8,W,None Specified,NA,NA,NA,0,"Stevenson 2023, Yumoto et al. 1999, Stevenson 2002"
Perebea mollis,,,,,,,NA,,NA,NA,NA,NA,NA,,NA,NA,NA,NA,6,None Specified,NA,NA,NA,6,0.28,W,None Specified,NA,NA,NA,5,NA,,NA,NA,NA,NA,NA,,NA,NA,NA,NA,24.8,W,None Specified,NA,NA,NA,6,"Stevenson 2023, Yumoto et al. 1999, Stevenson 2002"
Perebea xanthochyma,"Maquira granatensis, Castilla markhamiana, Perebea chimiqua, Perebea glabrata, Perebea integrifolia, Perebea laevigata, Perebea markhamiana, Perebea molliflora",Moraceae,N,Red,F,I,12,None Specified,NA,NA,NA,0,11,None Specified,NA,NA,NA,5,5.275,None Specified,NA,NA,NA,6,0.208,D,None Specified,NA,NA,NA,5,33,None Specified,NA,NA,NA,0,NA,Range,6,9.5,NA,0,0.498,D,None Specified,NA,NA,NA,6,"Stevenson 2023, Stevenson 2002, Yumoto et al. 1999, Berg 1972"
Perebea xanthochyma,,,,,,,1,None Specified,NA,NA,NA,6,NA,Range,7,8,NA,0,NA,Range,4,5,NA,0,0.25,W,None Specified,NA,NA,NA,0,NA,Range,8,13,NA,0,28.3,None Specified,NA,NA,NA,0,23.6,W,None Specified,NA,NA,NA,0,"Stevenson 2023, Stevenson 2002, Yumoto et al. 1999, Berg 1972"
Perebea xanthochyma,,,,,,,NA,,NA,NA,NA,NA,NA,,NA,NA,NA,NA,NA,,NA,NA,NA,NA,0.32,W,None Specified,NA,NA,NA,5,23,None Specified,NA,NA,NA,5,12,None Specified,NA,NA,NA,5,1.87,W,None Specified,NA,NA,NA,6,"Stevenson 2023, Stevenson 2002, Yumoto et al. 1999, Berg 1972"
Pereskia aculeata,,Cactaceae,N,Yellow,F,I,NA,,NA,NA,NA,NA,NA,,NA,NA,NA,NA,NA,,NA,NA,NA,NA,0.02354167,D,None Specified,NA,NA,NA,5,27,None Specified,NA,NA,NA,5,NA,,NA,NA,NA,NA,0.39333333,D,None Specified,NA,NA,NA,5,"Stevenson 2023, Link 2004"
Pereskia aculeata,,,,,,,2.33333333,None Specified,NA,NA,NA,5,6,None Specified,NA,NA,NA,5,6,None Specified,NA,NA,NA,5,0.04888889,W,None Specified,NA,NA,NA,5,26.5,None Specified,NA,NA,NA,0,23.1,None Specified,NA,NA,NA,5,6.62333333,W,None Specified,NA,NA,NA,5,"Stevenson 2023, Link 2004"
Peritassa laevigata,"Anthodon laevigatum, Salacia laevigata, Tonsella laevigata",Celastraceae,N,Orange,F,D,NA,Range,2,4,NA,0,20,None Specified,NA,NA,NA,0,13,None Specified,NA,NA,NA,0,NA,,,NA,NA,NA,NA,38.45,SD,NA,NA,2.716001964,4,29.975,SD,NA,NA,5.09599516,3,NA,,,NA,NA,NA,NA,"Smith 1940 (Peritassa), https://fm-digital-assets.fieldmuseum.org/982/892/HPCR_peri_laev_1811417.jpg,https://fm-digital-assets.fieldmuseum.org/179/366/HPCR_peri_laev_per_1865217.jpg "
Peritassa laevigata,,,,,,,NA,,NA,NA,NA,NA,NA,,NA,NA,NA,NA,NA,,NA,NA,NA,NA,NA,,,NA,NA,NA,NA,39.1,SD,NA,NA,2.2627417,2,32.55,SD,NA,NA,0.070710678,2,NA,,,NA,NA,NA,NA,"Smith 1940 (Peritassa), https://fm-digital-assets.fieldmuseum.org/982/892/HPCR_peri_laev_1811417.jpg,https://fm-digital-assets.fieldmuseum.org/179/366/HPCR_peri_laev_per_1865217.jpg "
Philodendron appendiculatum,,Araceae,N,Orange,F,I,NA,,NA,NA,NA,NA,1,None Specified,NA,NA,NA,12.5,0.53,SD,NA,NA,0.07,10,1.00E-04,NA,SD,NA,NA,2.00E-05,10,NA,,NA,NA,NA,NA,NA,Range,2,3,NA,0,NA,,,NA,NA,NA,NA,"Galetti 2011, Sakuragui 2005, Pizo 1999"
Philodendron appendiculatum,,,,,,,NA,,NA,NA,NA,NA,1.33,SD,NA,NA,0.05,10,NA,,NA,NA,NA,NA,NA,,,NA,NA,NA,NA,NA,,NA,NA,NA,NA,NA,,NA,NA,NA,NA,NA,,,NA,NA,NA,NA,"Galetti 2011, Sakuragui 2005, Pizo 1999"
Philodendron corcovadense,"Haumatophyllum corcovadense, Philodendron melanorrhizum",Araceae,N,Yellow/Orange,F,I,1,None Specified,NA,NA,NA,12.5,3,None Specified,NA,NA,NA,12.5,2,None Specified,NA,NA,NA,12.5,0.00219,NA,SD,NA,NA,0.00026,10,9,None Specified,NA,NA,NA,12.5,6,None Specified,NA,NA,NA,12.5,0.2,W,None Specified,NA,NA,NA,12.5,"Galetti 2011, Pizo 1999"
Philodendron corcovadense,,,,,,,NA,,NA,NA,NA,NA,3.41,SD,NA,NA,0.4,10,1.58,SD,NA,NA,0.18,10,NA,,,NA,NA,NA,NA,NA,,NA,NA,NA,NA,NA,,NA,NA,NA,NA,NA,,,NA,NA,NA,NA,"Galetti 2011, Pizo 1999"
Philodendron crassinervium,"Arum lanceolatum, Caladium platynervium, Philodendron lanceolatum, Philodendron planinervium",Araceae,N,Yellow,F,I,NA,,NA,NA,NA,NA,NA,,NA,NA,NA,NA,NA,,NA,NA,NA,NA,NA,,,NA,NA,NA,NA,42.2,None Specified,NA,NA,NA,1,9,None Specified,NA,NA,NA,1,NA,,,NA,NA,NA,NA,https://www.tropicos.org/image/100581260
Philodendron eximium,"Arum amphibium, Philodendron amphibium, Philodendron cardiophyllum, Philodendron sauerianum",Araceae,N,NA,F,I,NA,Range,12,40,NA,0,0.266666667,SD,NA,NA,0.265832027,6,0.1,SD,NA,NA,0,6,NA,,,NA,NA,NA,NA,NA,,NA,NA,NA,NA,1,None Specified,NA,NA,NA,1,NA,,,NA,NA,NA,NA,Sakuragui 2005
Philodendron obliquifolium,,Araceae,N,NA,F,I,NA,,NA,NA,NA,NA,3.214285714,SD,NA,NA,1.074785949,14,1.335714286,SD,NA,NA,0.324883749,14,NA,,,NA,NA,NA,NA,NA,,NA,NA,NA,NA,28.3,None Specified,NA,NA,NA,1,NA,,,NA,NA,NA,NA,http://legacy.tropicos.org/Image/100581355
Phoradendron piperoides,"Loranthus piperoides, Phoradendron dichotomum, Viscum dichotomum, Viscum piperoides, Loranthus granularis, Loranthus torulosus, Phoradendron biolleyi, Phoradendron ficulneum, Phoradendron glaucolutescens, Phoradendron latifolium, Phoradendron laurifolium,  Phoradendron morazanense, Phoradendron saururoides, Phoradendron schottii, Phoradendron tereticaule, Phoradendron torulosum, Viscum buxifolium, Viscum fockeanum, Viscum latifolium, Viscum laurifolium, Viscum saururoides, Viscum schottii, Viscum tereticaule, Viscum toruloides, Viscum torulosum",Santalaceae ,N,Yellow/Orange,F,I,NA,,NA,NA,NA,NA,3,None Specified,NA,NA,NA,0,2,None Specified,NA,NA,NA,0,NA,,,NA,NA,NA,NA,4.0144,SD,NA,NA,0.242539275,5,3.5174,SD,NA,NA,0.142277194,5,NA,,,NA,NA,NA,NA,"Dettke 2014, Reif 2007, Stevenson 2023"
Phoradendron piperoides,,,,,,,NA,,NA,NA,NA,NA,NA,,NA,NA,NA,NA,NA,,NA,NA,NA,NA,NA,,,NA,NA,NA,NA,8,None Specified,NA,NA,NA,5,4.5,None Specified,NA,NA,NA,5,NA,,,NA,NA,NA,NA,"Dettke 2014, Reif 2007, Stevenson 2023"
Phyllanthus attenuatus,,Phyllanthaceae,N,Black/Purple,F,I,NA,Range,3,5,NA,0,NA,,NA,NA,NA,NA,NA,,NA,NA,NA,NA,NA,,,NA,NA,NA,NA,4.733636364,SD ,NA,NA,0.473514577,11,4.168272727,SD,NA,NA,0.459143135,11,NA,,,NA,NA,NA,NA,Webster 2004
Phytelephas aequatorialis,Palandra aequatorialis,Arecaceae,N,Brown,F,I,4.4,SE,NA,NA,0.2,97,50,None Specified,NA,NA,NA,0,31.867,SD,29,39,2.193,0,39.4,D,SE,NA,NA,0.9,266,34.63708333,SD,NA,NA,2.11545703,12,26.48133333,SD,NA,NA,2.394048657,12,NA,,,NA,NA,NA,NA,"Runk 1998, MontÚfar 2022, RODRÍGUEZ 2022, Brokamp 2013, Escobar 2020, https://powo.science.kew.org/taxon/urn:lsid:ipni.org:names:668982-1/images"
Phytelephas aequatorialis,,,,,,,NA,Range,5,7,NA,0,NA,,NA,NA,NA,NA,NA,,NA,NA,NA,NA,36,D,None Specified,NA,NA,NA,0,NA,,NA,NA,NA,NA,NA,,NA,NA,NA,NA,NA,,,NA,NA,NA,NA,"Runk 1998, MontÚfar 2022, RODRÍGUEZ 2022, Brokamp 2013, Escobar 2020, https://powo.science.kew.org/taxon/urn:lsid:ipni.org:names:668982-1/images"
Phytelephas aequatorialis,,,,,,,NA,Range,4,8,NA,0,NA,,NA,NA,NA,NA,NA,,NA,NA,NA,NA,36.3,D,SE,NA,NA,0.5,610,NA,,NA,NA,NA,NA,NA,,NA,NA,NA,NA,NA,,,NA,NA,NA,NA,"Runk 1998, MontÚfar 2022, RODRÍGUEZ 2022, Brokamp 2013, Escobar 2020, https://powo.science.kew.org/taxon/urn:lsid:ipni.org:names:668982-1/images"
Phytelephas aequatorialis,,,,,,,4.7,SE,NA,NA,0.2,65,39.767,SD,36,46,2.445,0,NA,,NA,NA,NA,NA,31.3,D,SE,NA,NA,1,76,NA,,NA,NA,NA,NA,NA,,NA,NA,NA,NA,NA,,,NA,NA,NA,NA,"Runk 1998, MontÚfar 2022, RODRÍGUEZ 2022, Brokamp 2013, Escobar 2020, https://powo.science.kew.org/taxon/urn:lsid:ipni.org:names:668982-1/images"
Phytelephas aequatorialis,,,,,,,6,SE,NA,NA,0.1,137,NA,,NA,NA,NA,NA,NA,,NA,NA,NA,NA,NA,,,NA,NA,NA,NA,NA,,NA,NA,NA,NA,NA,,NA,NA,NA,NA,NA,,,NA,NA,NA,NA,"Runk 1998, MontÚfar 2022, RODRÍGUEZ 2022, Brokamp 2013, Escobar 2020, https://powo.science.kew.org/taxon/urn:lsid:ipni.org:names:668982-1/images"
Phytelephas aequatorialis,,,,,,,5.8,SE,NA,NA,0.1,145,NA,,NA,NA,NA,NA,NA,,NA,NA,NA,NA,25.69,NA,SD,21.6,30.9,2.02,0,NA,,NA,NA,NA,NA,NA,,NA,NA,NA,NA,NA,,,NA,NA,NA,NA,"Runk 1998, MontÚfar 2022, RODRÍGUEZ 2022, Brokamp 2013, Escobar 2020, https://powo.science.kew.org/taxon/urn:lsid:ipni.org:names:668982-1/images"
Phytelephas aequatorialis,,,,,,,5.2,SE,NA,NA,0.1,285,NA,,NA,NA,NA,NA,NA,,NA,NA,NA,NA,34.7,D,SE,NA,NA,0.6,268,NA,,NA,NA,NA,NA,NA,,NA,NA,NA,NA,NA,,,NA,NA,NA,NA,"Runk 1998, MontÚfar 2022, RODRÍGUEZ 2022, Brokamp 2013, Escobar 2020, https://powo.science.kew.org/taxon/urn:lsid:ipni.org:names:668982-1/images"
Piper aduncum ,"Steffensia adunca, Artanthe adunca",Piperaceae,N,Green,F,I,1,None Specified,NA,NA,NA,5,0.923076923,SD,NA,NA,0.124711205,65,0.746153846,SD,NA,NA,0.111910851,65,NA,,,NA,NA,NA,NA,118.3,None Specified,NA,NA,10.7,0,3.5,None Specified,NA,NA,0.4,0,NA,,,NA,NA,NA,NA,"Laurindo 2020, Susanto 2018, Stevenson 2023"
Piper aduncum ,,,,,,,NA,,NA,NA,NA,NA,NA,,NA,NA,NA,NA,0.8,None Specified,NA,NA,NA,0,NA,,,NA,NA,NA,NA,NA,,NA,NA,NA,NA,3,None Specified,NA,NA,NA,0,NA,,,NA,NA,NA,NA,"Laurindo 2020, Susanto 2018, Stevenson 2023"
Piper glandulosissimum,,Piperaceae,N,NA,F,I,NA,,NA,NA,NA,NA,NA,,NA,NA,NA,NA,NA,,NA,NA,NA,NA,NA,,,NA,NA,NA,NA,NA,,NA,NA,NA,NA,NA,,NA,NA,NA,NA,NA,,,NA,NA,NA,NA,
Pithecellobium dulce,,Fabaceae,N,White/Red,F,D,NA,Range,5,12,NA,0,NA,,NA,NA,NA,NA,NA,,NA,NA,NA,NA,0.064,D,None Specified,NA,NA,NA,0,NA,Range,100,150,NA,0,15,None Specified,NA,NA,NA,0,NA,,,NA,NA,NA,NA,"Wall-Medrano 2016, Roselin 2022, Kattge 2011, https://www.botswanaflora.com/speciesdata/literature-display.php?literature_id=523"
Pithecellobium dulce,,,,,,,NA,Range,5,6,NA,0,NA,,NA,NA,NA,NA,NA,,NA,NA,NA,NA,NA,,,NA,NA,NA,NA,NA,,NA,NA,NA,NA,NA,,NA,NA,NA,NA,NA,,,NA,NA,NA,NA,"Wall-Medrano 2016, Roselin 2022, Kattge 2011, https://www.botswanaflora.com/speciesdata/literature-display.php?literature_id=523"
Pleurisanthes emarginata,,Icacinaceae,N,NA,F,I,NA,,NA,NA,NA,NA,NA,,NA,NA,NA,NA,NA,,NA,NA,NA,NA,NA,,,NA,NA,NA,NA,NA,,NA,NA,NA,NA,NA,,NA,NA,NA,NA,NA,,,NA,NA,NA,NA,
Polygonum punctatum,"Persicaria hydropiperoides, Persicaria lapathifolia, Persicaria maculosa, Persicaria nepalensis, Persicaria punctata, Persicaria robustior, Peutalis punctata, Polygonum acre, Polygonum antihaemorrhoidale, Polygonum hydropiper, Polygonum maritimum, Polygonum robustius",Polygonaceae,N,Yellow/Green,F,I,NA,,NA,NA,NA,NA,NA,,NA,NA,NA,NA,NA,,NA,NA,NA,NA,0.001,D,None Specified,NA,NA,NA,0,NA,,NA,NA,NA,NA,NA,,NA,NA,NA,NA,NA,,,NA,NA,NA,NA,Jones 1966
Polygonum punctatum,,,,,,,NA,,NA,NA,NA,NA,NA,,NA,NA,NA,NA,NA,,NA,NA,NA,NA,0.00225,D,None Specified,NA,NA,NA,5140,NA,,NA,NA,NA,NA,NA,,NA,NA,NA,NA,NA,,,NA,NA,NA,NA,Stevens 1957
Polypogon chilensis,"Agrostis muricata, Agrostis pectinata, Chaetotropis chilensis, Chaetotropis latifolia, Polypogon affinis,  Polypogon chaetotropis, Vilfa muricata",Poaceae,N,NA,D,I,NA,,NA,NA,NA,NA,NA,,NA,NA,NA,NA,NA,,NA,NA,NA,NA,NA,,,NA,NA,NA,NA,NA,,NA,NA,NA,NA,NA,,NA,NA,NA,NA,NA,,,NA,NA,NA,NA,
Poraqueiba guianensis,Barreria guianensis,Metteniusaceae,N,Green,F,I,1,None Specified,NA,NA,NA,0,NA,,NA,NA,NA,NA,NA,,NA,NA,NA,NA,5.2,D,None Specified,NA,NA,NA,40,25,None Specified,NA,NA,NA,0,NA,Range,13,16,NA,0,NA,,,NA,NA,NA,NA,"Woodson 1976, Baraloto 2007"
Posoqueria latifolia,"Solena latifolia, Tocoyena latifolia",Rubiaceae,N,Yellow,F,I,1,None Specified,NA,NA,NA,7.5,12,None Specified,NA,NA,NA,12.5,12,None Specified,NA,NA,NA,12.5,0.35,W,None Specified,NA,NA,NA,0,49,None Specified,NA,NA,NA,12.5,36,None Specified,NA,NA,NA,12.5,29.2,W,None Specified,NA,NA,NA,12.5,"Galetti 2011, Knörr 2010, García 2020, Sousa 2013, https://eol.org/pages/1095440/data"
Posoqueria latifolia,,,,,,,2,None Specified,NA,NA,NA,12.5,NA,Range,8,10,NA,0,NA,Range,6,5,NA,0,0.2,D,None Specified,NA,NA,NA,0,NA,Range,45,60,NA,0,NA,Range,25,40,NA,0,NA,,,NA,NA,NA,NA,"Galetti 2011, Knörr 2010, García 2020, Sousa 2013, https://eol.org/pages/1095440/data"
Posoqueria latifolia,,,,,,,NA,,NA,NA,NA,NA,14.12,SD,NA,NA,1.966468917,5,9.766666667,SD,NA,NA,0.977070451,6,0.8,W,None Specified,NA,NA,NA,12,NA,,NA,NA,NA,NA,NA,,NA,NA,NA,NA,NA,,,NA,NA,NA,NA,"Galetti 2011, Knörr 2010, García 2020, Sousa 2013, https://eol.org/pages/1095440/data"
Pourouma bicolor,,Urticaceae,N,Purple,F,I,1,None Specified,NA,NA,NA,6,12.5,None Specified,NA,NA,NA,5,7,None Specified,NA,NA,NA,6,0.485,W,None Specified,NA,NA,NA,5,14.2,None Specified,NA,NA,NA,0,11.5,None Specified,NA,NA,NA,5,0.5225,D,None Specified,NA,NA,NA,6,"Stevenson 2023, Stevenson 2007, Stevenson 2002, Stevenson et al. 2002, Yumoto et al. 1999"
Pourouma bicolor,,,,,,,NA,,NA,NA,NA,NA,NA,Range,8,17,NA,0,8.5,None Specified,NA,NA,NA,0,0.49,W,None Specified,NA,NA,NA,0,NA,Range,13,18,NA,0,14,None Specified,NA,NA,NA,0,1.6,W,None Specified,NA,NA,NA,0,"Stevenson 2023, Stevenson 2007, Stevenson 2002, Stevenson et al. 2002, Yumoto et al. 1999"
Pourouma bicolor,,,,,,,NA,,NA,NA,NA,NA,14.7,None Specified,NA,NA,NA,0,7.775,None Specified,NA,NA,NA,5,0.55,W,None Specified,NA,NA,NA,0,21,None Specified,NA,NA,NA,5,NA,,NA,NA,NA,NA,1.8,W,None Specified,NA,NA,NA,6,"Stevenson 2023, Stevenson 2007, Stevenson 2002, Stevenson et al. 2002, Yumoto et al. 1999"
Pourouma bicolor,,,,,,,NA,,NA,NA,NA,NA,NA,,NA,NA,NA,NA,NA,,NA,NA,NA,NA,0.2925,D,None Specified,NA,NA,NA,5,NA,,NA,NA,NA,NA,NA,,NA,NA,NA,NA,NA,,,NA,NA,NA,NA,"Stevenson 2023, Stevenson 2007, Stevenson 2002, Stevenson et al. 2002, Yumoto et al. 1999"
Pourouma guianensis,,Urticaceae,N,Black,F,I,1,None Specified,NA,NA,NA,12.5,NA,,NA,NA,NA,NA,NA,,NA,NA,NA,NA,0.41,D,SD,NA,NA,0.14,10,21,SD,NA,NA,1,0,18,SD,NA,NA,2.5,0,3.3,W,None Specified,NA,NA,NA,12.5,"Galetti 2011, Galetti 2015, Oliveira 2000, Vargas 2013"
Pourouma guianensis,,,,,,,NA,,NA,NA,NA,NA,NA,,NA,NA,NA,NA,NA,,NA,NA,NA,NA,1.2,W,None Specified,NA,NA,NA,12,18,None Specified,NA,NA,NA,12.5,17,None Specified,NA,NA,NA,12.5,NA,,,NA,NA,NA,NA,"Galetti 2011, Galetti 2015, Oliveira 2000, Vargas 2013"
Pourouma guianensis,,,,,,,NA,,NA,NA,NA,NA,NA,,NA,NA,NA,NA,NA,,NA,NA,NA,NA,0.404,W,SD,NA,NA,0.14,9,NA,,NA,NA,NA,NA,NA,,NA,NA,NA,NA,NA,,,NA,NA,NA,NA,"Galetti 2011, Galetti 2015, Oliveira 2000, Vargas 2013"
Pourouma melinoni,Pourouma melinonii,Urticaceae,N,Green,F,I,NA,,NA,NA,NA,NA,NA,,NA,NA,NA,NA,NA,,NA,NA,NA,NA,NA,,,NA,NA,NA,NA,19.15916667,SD,NA,NA,1.001282284,30,10.07682143,SD,NA,NA,0.99266402,28,NA,,,NA,NA,NA,NA,https://collections-botany.fieldmuseum.org/catalogue/2954450
Pourouma minor,"Coussapoa emarginata, Pourouma aurea, Pourouma cuatrecasasii, Pourouma folleata, Pourouma isophlebia, Pourouma subplicata, Pourouma umbellata, Pourouma umbellifera",Urticaceae,N,Black/Purple,F,I,NA,,NA,NA,NA,NA,18,SE,NA,NA,0.2,10,10,None Specified,NA,NA,NA,6,0.19,D,None Specified,NA,NA,NA,5,25,None Specified,NA,NA,NA,5,14,None Specified,NA,NA,NA,5,0.29,D,None Specified,NA,NA,NA,6,"Stevenson 2023, Stevenson 2002, Anderson 2000, Hammel 1986, Andersen 2004"
Pourouma minor,,,,,,,1,None Specified,NA,NA,NA,6,NA,Range,13,18,NA,0,11.25,None Specified,NA,NA,NA,6,0.87,W,None Specified,NA,NA,NA,5,NA,Range,15,25,NA,0,15,None Specified,NA,NA,NA,0,1.95,W,None Specified,NA,NA,NA,6,"Stevenson 2023, Stevenson 2002, Anderson 2000, Hammel 1986, Andersen 2004"
Pourouma minor,,,,,,,NA,,NA,NA,NA,NA,12,SE,NA,NA,0.2,10,10,SE,NA,NA,0.1,10,NA,,,NA,NA,NA,NA,20,None Specified,NA,NA,NA,0,NA,,NA,NA,NA,NA,NA,,,NA,NA,NA,NA,"Stevenson 2023, Stevenson 2002, Anderson 2000, Hammel 1986, Andersen 2004"
Pourouma minor,,,,,,,NA,,NA,NA,NA,NA,15,SE,NA,NA,0.2,20,9,SE,NA,NA,0.1,10,NA,,,NA,NA,NA,NA,NA,,NA,NA,NA,NA,NA,,NA,NA,NA,NA,NA,,,NA,NA,NA,NA,"Stevenson 2023, Stevenson 2002, Anderson 2000, Hammel 1986, Andersen 2004"
Pourouma minor,,,,,,,NA,,NA,NA,NA,NA,17,None Specified,NA,NA,NA,5,NA,,NA,NA,NA,NA,NA,,,NA,NA,NA,NA,NA,,NA,NA,NA,NA,NA,,NA,NA,NA,NA,NA,,,NA,NA,NA,NA,"Stevenson 2023, Stevenson 2002, Anderson 2000, Hammel 1986, Andersen 2004"
Pourouma mollis,,Urticaceae,N,Black/Purple,F,I,1,None Specified,NA,NA,NA,6,11.5,None Specified,NA,NA,NA,5,7,None Specified,NA,NA,NA,6,0.60111111,W,None Specified,NA,NA,NA,5,20,None Specified,NA,NA,NA,5,11.5,None Specified,NA,NA,NA,5,1.91555556,W,None Specified,NA,NA,NA,6,"Stevenson 2023, Stevenson 2002"
Pourouma mollis,,,,,,,NA,,NA,NA,NA,NA,NA,,NA,NA,NA,NA,8.05,None Specified,NA,NA,NA,5,0.42666667,D,None Specified,NA,NA,NA,5,NA,,NA,NA,NA,NA,NA,,NA,NA,NA,NA,0.69444444,D,None Specified,NA,NA,NA,6,"Stevenson 2023, Stevenson 2002"
Pourouma petiolulata,,Urticaceae,N,Purple,F,I,1,None Specified,NA,NA,NA,6,11.5,None Specified,NA,NA,NA,5,7,None Specified,NA,NA,NA,6,0.42666667,D,None Specified,NA,NA,NA,5,15.5,None Specified,NA,NA,NA,0,11.5,None Specified,NA,NA,NA,5,0.83125,D,None Specified,NA,NA,NA,6,"Stevenson 2023, Stevenson 2002, Yumoto et al. 1999"
Pourouma petiolulata,,,,,,,NA,,NA,NA,NA,NA,NA,Range,9,14,NA,0,9.1,None Specified,NA,NA,NA,0,0.56,W,None Specified,NA,NA,NA,0,NA,Range,13,18,NA,0,15.5,None Specified,NA,NA,NA,0,1.7,W,None Specified,NA,NA,NA,0,"Stevenson 2023, Stevenson 2002, Yumoto et al. 1999"
Pourouma petiolulata,,,,,,,NA,,NA,NA,NA,NA,15,None Specified,NA,NA,NA,0,8.35,None Specified,NA,NA,NA,5,0.60125,W,None Specified,NA,NA,NA,5,17,None Specified,NA,NA,NA,5,NA,,NA,NA,NA,NA,2.00625,W,None Specified,NA,NA,NA,6,"Stevenson 2023, Stevenson 2002, Yumoto et al. 1999"
Pourouma petiolulata,,,,,,,NA,,NA,NA,NA,NA,NA,,NA,NA,NA,NA,NA,,NA,NA,NA,NA,NA,,,NA,NA,NA,NA,NA,,NA,NA,NA,NA,NA,,NA,NA,NA,NA,NA,,,NA,NA,NA,NA,"Stevenson 2023, Stevenson 2002, Yumoto et al. 1999"
Pourouma tomentosa,,Urticaceae,N,Green,F,I,1,None Specified,NA,NA,NA,3,11.5,None Specified,NA,NA,NA,3,8.5,None Specified,NA,NA,NA,3,NA,,,NA,NA,NA,NA,15.7,None Specified,NA,NA,NA,3,10.6,None Specified,NA,NA,NA,3,NA,,,NA,NA,NA,NA,Todeschini et al. 2020
Pourouma tomentosa,,,,,,,1,None Specified,NA,NA,NA,2,11,None Specified,NA,NA,NA,2,8.2,None Specified,NA,NA,NA,2,NA,,,NA,NA,NA,NA,17,None Specified,NA,NA,NA,2,12.3,None Specified,NA,NA,NA,2,NA,,,NA,NA,NA,NA,Todeschini et al. 2020
Pourouma villosa,Pourouma laevis,Urticaceae,N,Green,F,I,NA,,NA,NA,NA,NA,NA,,NA,NA,NA,NA,NA,,NA,NA,NA,NA,NA,,,NA,NA,NA,NA,17.32423529,SD,NA,NA,1.080612993,17,8.944176471,SD,NA,NA,0.590316995,17,NA,,,NA,NA,NA,NA,https://fm-digital-assets.fieldmuseum.org/976/527/CECR_pour_vill_1836486.jpg
Pouteria ambelaniifolia,"Chrysophyllum ambelaniifolium, Oxythece ambelaniifolia, Pseudoxythece ambelaniifolia",Sapotaceae,N,Yellow,F,I,NA,Range,1,2,NA,0,NA,,NA,NA,NA,NA,NA,,NA,NA,NA,NA,NA,,,NA,NA,NA,NA,25.072,None Specified,NA,NA,NA,1,21.626,None Specified,NA,NA,NA,1,NA,,,NA,NA,NA,NA,"Roosmalen 2000, https://fm-digital-assets.fieldmuseum.org/954/113/V0324493F.jpg"
Pouteria aubrevillei,Eremoluma wurdackii,Sapotaceae,N,Green,F,I,1,None Specified,NA,NA,NA,0,NA,,NA,NA,NA,NA,NA,,NA,NA,NA,NA,NA,,,NA,NA,NA,NA,NA,,NA,NA,NA,NA,NA,,NA,NA,NA,NA,NA,,,NA,NA,NA,NA,https://floradobrasil.jbrj.gov.br/reflora/PrincipalUC/PrincipalUC.do;jsessionid=D3D007A712974100E749CC70B926502D
Pouteria bapeba,,Sapotaceae,N,Brown,F,I,NA,Range,1,2,NA,0,18,None Specified,NA,NA,NA,0,13,None Specified,NA,NA,NA,0,NA,,,NA,NA,NA,NA,39.294,SD,NA,NA,2.83832662,2,31.1,SD,NA,NA,0.851356565,2,NA,,,NA,NA,NA,NA,"Moura 2007, Alves-Araújo 2014, https://fm-digital-assets.fieldmuseum.org/993/630/SAPO_pout_bape_1187495.jpg"
Pouteria bilocularis,"Labatia bilocularis, Pseudocladia neblinaensis",Sapotaceae,N,Yellow,F,I,1,None Specified,NA,NA,NA,0,NA,Range,18,25,NA,0,NA,Range,2,3,NA,0,NA,,,NA,NA,NA,NA,42.1,SD,NA,NA,2.7,14,19.8,SD,NA,NA,1.2,14,NA,,,NA,NA,NA,NA,"Pennington 2006 Sapotaceae, http://legacy.tropicos.org/Image/101781369"
Pouteria brachyandra,Radlkoferella brachyandra,Sapotaceae,N,NA,F,I,NA,,NA,NA,NA,NA,NA,,NA,NA,NA,NA,NA,,NA,NA,NA,NA,NA,,,NA,NA,NA,NA,NA,,NA,NA,NA,NA,NA,,NA,NA,NA,NA,NA,,,NA,NA,NA,NA,
Pouteria caimito ,"Achras caimito, Caleatia caimito, Guapeba caimito, Labatia caimito, Lucuma caimito, Achras guapeda, Guapeba lasiocarpa, Guapeba laurifolia, Guapebeira brasiliensis, Guapebeira laurifolia, Labatia lasiocarpa, Labatia reticulata, Lucuma lasiocarpa, Lucuma laurifolia, Lucuma temare, Pouteria lasiocarpa, Pouteria laurifolia, Pouteria leucophaea, Pouteria temare, Richardella temare",Sapotaceae,N,Orange,F,I,NA,Range,1,4,NA,0,22.5,None Specified,NA,NA,NA,5,NA,Range,12,17,NA,0,NA,NA,Range,2.7,5.9,NA,0,NA,Range,50,100,NA,0,NA,Range,51,80,NA,0,4.225,D,None Specified,NA,NA,NA,6,"Stevenson 2023, Galetti 2011, Guimarães 2008, Stevenson 2007, Stevenson 2002. Pilz 1981, Vasconcelos 2017"
Pouteria caimito ,,,,,,,NA,Range,1,3,NA,0,NA,,NA,NA,NA,NA,12.075,None Specified,NA,NA,NA,5,1.75857143,W,None Specified,NA,NA,NA,5,NA,Range,52,76,NA,0,28,None Specified,NA,NA,NA,5,NA,NA,Range,73,264,NA,0,"Stevenson 2023, Galetti 2011, Guimarães 2008, Stevenson 2007, Stevenson 2002. Pilz 1981, Vasconcelos 2017"
Pouteria caimito ,,,,,,,1.18888889,None Specified,NA,NA,NA,6,NA,Range,25,44,NA,0,11,None Specified,NA,NA,NA,6,1.76,W,None Specified,NA,NA,NA,0,40,None Specified,NA,NA,NA,5,NA,Range,40,80,NA,0,14.08375,W,None Specified,NA,NA,NA,6,"Stevenson 2023, Galetti 2011, Guimarães 2008, Stevenson 2007, Stevenson 2002. Pilz 1981, Vasconcelos 2017"
Pouteria caimito ,,,,,,,3,None Specified,NA,NA,NA,12.5,35,None Specified,NA,NA,NA,0,15,None Specified,NA,NA,NA,0,3.5,NA,None Specified,NA,NA,NA,0,80,None Specified,NA,NA,NA,0,60,None Specified,NA,NA,NA,0,3.8,W,None Specified,NA,NA,NA,12.5,"Stevenson 2023, Galetti 2011, Guimarães 2008, Stevenson 2007, Stevenson 2002. Pilz 1981, Vasconcelos 2017"
Pouteria caimito ,,,,,,,NA,,NA,NA,NA,NA,NA,,NA,NA,NA,NA,NA,,NA,NA,NA,NA,1.13857143,D,None Specified,NA,NA,NA,5,NA,,NA,NA,NA,NA,NA,,NA,NA,NA,NA,NA,,,NA,NA,NA,NA,"Stevenson 2023, Galetti 2011, Guimarães 2008, Stevenson 2007, Stevenson 2002. Pilz 1981, Vasconcelos 2017"
Pouteria campanulata,,Sapotaceae,N,Black,F,I,1,None Specified,NA,NA,NA,0,17.52,None Specified,NA,NA,NA,1,9.945,None Specified,NA,NA,NA,1,NA,,,NA,NA,NA,NA,27.346,SD,NA,NA,2.445187314,3,21.00166667,SD,NA,NA,1.742754812,3,NA,,,NA,NA,NA,NA,"Roosmalen 2000, https://fm-digital-assets.fieldmuseum.org/993/652/SAPO_pout_camp_1775053.jpg"
Pouteria cayennensis,"Chrysophyllum cayennense, Richardella cayennensis",Sapotaceae,N,Yellow,F,I,1,None Specified,NA,NA,NA,0,26.5155,SD,NA,NA,3.0865211,2,14.08,SD,NA,NA,1.183696752,2,NA,,,NA,NA,NA,NA,35,None Specified,NA,NA,NA,0,20,None Specified,NA,NA,NA,0,NA,,,NA,NA,NA,NA,"Van Roosmalen 2000, https://fm-digital-assets.fieldmuseum.org/993/658/SAPO_pout_caye_1345102.jpg"
Pouteria congestifolia,Chromolucuma congestifolia,Sapotaceae,N,Yellow,F,I,2,None Specified,NA,NA,NA,0,NA,,NA,NA,NA,NA,NA,,NA,NA,NA,NA,NA,,,NA,NA,NA,NA,NA,,NA,NA,NA,NA,NA,,NA,NA,NA,NA,NA,,,NA,NA,NA,NA,Alves-Araújo 2012
Pouteria cuspidata,"Sideroxylon cuspidatum, Bumelia amazonica, Neoxythece schulzii, Pouteria albiflora, Pouteria dura, Pouteria elegans, Pouteria robusta",Sapotaceae,N,Green/Brown,F,I,NA,Range,1,2,NA,0,NA,Range,12,16,NA,0,NA,Range,9,12,NA,0,0.65,NA,None Specified,NA,NA,NA,0,NA,Range,18,33,NA,0,22.5,None Specified,NA,NA,NA,5,1.875,D,None Specified,NA,NA,NA,6,"Stevenson 2023, Defler 1996, Roosmalen 2000, Grubb 1997, Alves-Araújo 2014, Stevenson 2002, Sánchez 2013"
Pouteria cuspidata,,,,,,,1,None Specified,NA,NA,NA,6,15,None Specified,NA,NA,NA,0,10.3,None Specified,NA,NA,NA,6,0.34,D,SE,NA,NA,0.033,10,23,None Specified,NA,NA,NA,5,NA,Range,15,20,NA,0,4.545,W,None Specified,NA,NA,NA,6,"Stevenson 2023, Defler 1996, Roosmalen 2000, Grubb 1997, Alves-Araújo 2014, Stevenson 2002, Sánchez 2013"
Pouteria cuspidata,,,,,,,NA,,NA,NA,NA,NA,14.1,None Specified,NA,NA,NA,0,11,None Specified,NA,NA,NA,0,0.88,W,None Specified,NA,NA,NA,5,26,None Specified,NA,NA,NA,0,20,None Specified,NA,NA,NA,0,2.34,NA,None Specified,NA,NA,NA,0,"Stevenson 2023, Defler 1996, Roosmalen 2000, Grubb 1997, Alves-Araújo 2014, Stevenson 2002, Sánchez 2013"
Pouteria cuspidata,,,,,,,NA,,NA,NA,NA,NA,18,None Specified,NA,NA,NA,5,10.4,None Specified,NA,NA,NA,0,0.55,D,None Specified,NA,NA,NA,5,16.6,None Specified,NA,NA,NA,0,15.8,None Specified,NA,NA,NA,0,NA,,,NA,NA,NA,NA,"Stevenson 2023, Defler 1996, Roosmalen 2000, Grubb 1997, Alves-Araújo 2014, Stevenson 2002, Sánchez 2013"
Pouteria cuspidata,,,,,,,NA,,NA,NA,NA,NA,NA,Range,21,27,NA,0,NA,Range,12,13,NA,0,NA,,,NA,NA,NA,NA,NA,Range,28,48,NA,0,NA,Range,16,22,NA,0,NA,,,NA,NA,NA,NA,"Stevenson 2023, Defler 1996, Roosmalen 2000, Grubb 1997, Alves-Araújo 2014, Stevenson 2002, Sánchez 2013"
Pouteria cuspidata,,,,,,,NA,,NA,NA,NA,NA,NA,,NA,NA,NA,NA,NA,,NA,NA,NA,NA,NA,,,NA,NA,NA,NA,NA,,NA,NA,NA,NA,NA,,NA,NA,NA,NA,NA,,,NA,NA,NA,NA,"https://eol.org/pages/1152170/data , "
Pouteria durlandii,Peteniodendron durlandii,Sapotaceae,N,Yellow,F,I,NA,Range,1,5,NA,0,34.9,None Specified,NA,NA,NA,1,24.1,None Specified,NA,NA,NA,1,NA,,,NA,NA,NA,NA,64.1,None Specified,NA,NA,NA,1,63.6,None Specified,NA,NA,NA,1,NA,,,NA,NA,NA,NA,"Alves-Araújo 2014, Roosmalen 2000, Piz 1981, Andresen 2000"
Pouteria durlandii,,,,,,,NA,Range,1,2,NA,0,27,SE,NA,NA,0.7,10,11,SE,NA,NA,0.1,10,NA,,,NA,NA,NA,NA,NA,,NA,NA,NA,NA,NA,,NA,NA,NA,NA,NA,,,NA,NA,NA,NA,"Alves-Araújo 2014, Roosmalen 2000, Piz 1981, Andresen 2000"
Pouteria durlandii,,,,,,,NA,Range,1,3,NA,0,NA,,NA,NA,NA,NA,NA,,NA,NA,NA,NA,NA,,,NA,NA,NA,NA,NA,,NA,NA,NA,NA,NA,,NA,NA,NA,NA,NA,,,NA,NA,NA,NA,"Alves-Araújo 2014, Roosmalen 2000, Piz 1981, Andresen 2000"
Pouteria egregia,Sandwithiodoxa egregia,Sapotaceae,N,Yellow,F,I,1,None Specified,NA,NA,NA,0,14.1,None Specified,NA,NA,NA,1,10.1,None Specified,NA,NA,NA,1,NA,,,NA,NA,NA,NA,22.76666667,SD,NA,NA,3.035347317,3,18.56666667,SD,NA,NA,2.602562839,3,NA,,,NA,NA,NA,NA,"Alves-Araújo 2014, Rodriguésia 2006"
Pouteria egregia,,,,,,,NA,,NA,NA,NA,NA,NA,,NA,NA,NA,NA,NA,,NA,NA,NA,NA,NA,,,NA,NA,NA,NA,NA,,NA,NA,NA,NA,NA,,NA,NA,NA,NA,NA,,,NA,NA,NA,NA,"Alves-Araújo 2014, Rodriguésia 2006"
Pouteria engleri,"Chrysophyllum alnifolium, Nemaluma engleri",Sapotaceae,N,Yellow/Orange,F,I,NA,Range,1,5,NA,0,NA,Range,18,21,NA,0,11,None Specified,NA,NA,NA,0,NA,,,NA,NA,NA,NA,NA,Range,20,33,NA,0,NA,Range,15,29,NA,0,NA,,,NA,NA,NA,NA,"Pilz 1981, Van Roosmalen 2000, Rodriguésia 2006"
Pouteria engleri,,,,,,,1,None Specified,NA,NA,NA,0,NA,Range,18,21,NA,0,11,None Specified,NA,NA,NA,0,NA,,,NA,NA,NA,NA,NA,Range,20,33,NA,0,NA,Range,15,29,NA,0,NA,,,NA,NA,NA,NA,"Pilz 1981, Van Roosmalen 2000, Rodriguésia 2006"
Pouteria filipes,Pseudolabatia filipes,Sapotaceae,N,Green,F,I,2,None Specified,NA,NA,NA,0,NA,,NA,NA,NA,NA,NA,,NA,NA,NA,NA,NA,,,NA,NA,NA,NA,20.5056,SD,NA,NA,5.267650169,5,16.5116,SD,NA,NA,4.348366739,5,NA,,,NA,NA,NA,NA,"Montiero 2007, https://collections-botany.fieldmuseum.org/catalogue/3061253"
Pouteria gardneri,"Chrysophyllum gardneri, Discoluma gardneri, Lucuma gardneri, Lucuma catocladantha, Lucuma paraguariensis, Lucuma peduncularis, Pouteria catocladantha, Pouteria peduncularis, Vitellaria catocladantha",Sapotaceae,N,Purple,F,I,1,None Specified,NA,NA,NA,0,10,None Specified,NA,NA,NA,0,7,None Specified,NA,NA,NA,0,0.44,D,None Specified,NA,NA,NA,0,15.7,Unknown +/-,NA,NA,3.1,30,11.9,Unknown +/-,NA,NA,2.3,30,1.4,W,Unknown +/-,NA,NA,0.4,30,"Knörr 2010, Donatti 2007,Rodriguésia 2006, Gerais 2018"
Pouteria gardneri,,,,,,,1,None Specified,NA,NA,NA,0,10,None Specified,NA,NA,NA,0,7,None Specified,NA,NA,NA,0,0.44,D,None Specified,NA,NA,NA,0,20.5,None Specified,NA,NA,NA,0,18.5,None Specified,NA,NA,NA,0,1.4,W,Unknown +/-,NA,NA,0.4,30,"Knörr 2010, Donatti 2007,Rodriguésia 2006, Gerais 2018"
Pouteria glomerata,"Guapeba glomerata, Labatia glomorata, Lucuma glomerata",Sapotaceae,N,Yellow,F,I,NA,Range,1,4,NA,0,20.188,SD,NA,NA,2.032225,2,12.4625,SD,NA,NA,0.08838835,2,0.81,D,None Specified,NA,NA,NA,0,35.125,SD,NA,NA,10.74658861,4,29.1,SD,NA,NA,10.83482041,4,8.18,D,SE,NA,NA,1.18,3,"Roosmalen 2000, Melo 2015, https://eol.org/pages/1152122/data, Parolin 2003, Parolin 2000, http://legacy.tropicos.org/Image/100928007"
Pouteria glomerata,,,,,,,NA,Range,1,4,NA,0,20.188,SD,NA,NA,2.032225,2,12.4625,SD,NA,NA,0.08838835,2,0.33,D,SE,NA,NA,0.005,3,35.125,SD,NA,NA,10.74658861,4,29.1,SD,NA,NA,10.83482041,4,8.18,D,SE,NA,NA,1.18,3,"Roosmalen 2000, Melo 2015, https://eol.org/pages/1152122/data, Parolin 2003, Parolin 2000, http://legacy.tropicos.org/Image/100928007"
Pouteria glomerata,,,,,,,NA,Range,1,4,NA,0,20.188,SD,NA,NA,2.032225,2,12.4625,SD,NA,NA,0.08838835,2,0.3,NA,None Specified,NA,NA,NA,0,35.125,SD,NA,NA,10.74658861,4,29.1,SD,NA,NA,10.83482041,4,8.18,D,SE,NA,NA,1.18,3,"Roosmalen 2000, Melo 2015, https://eol.org/pages/1152122/data, Parolin 2003, Parolin 2000, http://legacy.tropicos.org/Image/100928007"
Pouteria guianensis,"Pouteria trichopoda, Pouteria tovarensis, Pouteria torta, Pouteria solimoesensis, Pouteria pedunculata, Pouteria obidensis, Pouteria jenmanii, Pouteria hispida, Pouteria hartii, Pouteria gutta, Pouteria glazioviana, Pouteria cuatrecasasii, Pouteria caimito, Pouteria benoistii, Lucuma psammophila, Lucuma jenmanii, Lucuma huallagae, Lucuma hartii, Lucuma gutta, Lucuma dolichophylla, Labatia tovarensis, Labatia pedunculata, Krugella hartii, Chaetocarpus pouteria",Sapotaceae,N,Yellow/Orange,F,I,3,None Specified,NA,NA,NA,7.5,28,None Specified,NA,NA,NA,0,15,None Specified,NA,NA,NA,0,2.35,D,None Specified,NA,NA,NA,17,39,None Specified,NA,NA,NA,7.5,37,None Specified,NA,NA,NA,7.5,20,W,None Specified,NA,NA,NA,7.5,"Anderson 2000, Hammond 1995, Alves-Araújo 2014"
Pouteria guianensis,,,,,,,NA,Range,1,4,NA,0,11,SE,NA,NA,0.8,10,7,SE,NA,NA,0.3,10,4.58,W,None Specified,NA,NA,NA,17,60,None Specified,NA,NA,NA,0,32.5,None Specified,NA,NA,NA,0,20,W,None Specified,NA,NA,NA,7.5,"Anderson 2000, Hammond 1995, Alves-Araújo 2014"
Pouteria hispida,"Pouteria guianensis, Pouteria trichopoda, Pouteria tovarensis, Pouteria torta, Pouteria solimoesensis, Pouteria pedunculata, Pouteria obidensis, Pouteria jenmanii, Pouteria hispida, Pouteria hartii, Pouteria gutta, Pouteria glazioviana, Pouteria cuatrecasasii, Pouteria caimito, Pouteria benoistii, Lucuma psammophila, Lucuma jenmanii, Lucuma huallagae, Lucuma hartii, Lucuma gutta, Lucuma dolichophylla, Labatia tovarensis, Labatia pedunculata, Krugella hartii, Chaetocarpus pouteria",Sapotaceae,N,Yellow/Orange,F,I,3,None Specified,NA,NA,NA,7.5,28,None Specified,NA,NA,NA,0,15,None Specified,NA,NA,NA,0,2.35,D,None Specified,NA,NA,NA,17,39,None Specified,NA,NA,NA,7.5,37,None Specified,NA,NA,NA,7.5,20,W,None Specified,NA,NA,NA,7.5,"Anderson 2000, Hammond 1995, Alves-Araújo 2014"
Pouteria hispida,,,,,,,NA,Range,1,4,NA,0,11,SE,NA,NA,0.8,10,7,SE,NA,NA,0.3,10,4.58,W,None Specified,NA,NA,NA,17,60,None Specified,NA,NA,NA,0,32.5,None Specified,NA,NA,NA,0,20,W,None Specified,NA,NA,NA,7.5,"Anderson 2000, Hammond 1995, Alves-Araújo 2014"
Pouteria laevigata,"Guapeba laevigata, Labatia laevigata, Lucuma laevigata",Sapotaceae,N,Yellow,F,I,NA,Range,2,6,NA,0,NA,Range,30,37,NA,0,NA,Range,20,23,NA,0,NA,NA,Range,5.5,8.2,NA,0,NA,Range,63,82,NA,0,NA,Range,63,81,NA,0,NA,NA,None Specified,129,255,NA,0,"Defler 1996, Feer 1999, Kattge 2011, Vasconcelos 2017, https://fm-digital-assets.fieldmuseum.org/954/728/V0325109F.jpg"
Pouteria laevigata,,,,,,,NA,,NA,NA,NA,NA,45.5,SE,NA,NA,0.8,22,21.8,SE,NA,NA,0.4,22,6,D,None Specified,NA,NA,NA,0,28.1135,SD,NA,NA,1.545515772,3,26.51,SD,NA,NA,1.836382313,4,NA,,,NA,NA,NA,NA,"Defler 1996, Feer 1999, Kattge 2011, Vasconcelos 2017, https://fm-digital-assets.fieldmuseum.org/954/728/V0325109F.jpg"
Pouteria oblanceolata,,Sapotaceae,N,Yellow,F,I,1,None Specified,NA,NA,NA,0,NA,Range,28,36,NA,0,NA,Range,14,15,NA,0,NA,,,NA,NA,NA,NA,NA,Range,43,51,NA,0,NA,Range,29,31,NA,0,28.78,W,None Specified,NA,NA,NA,1,"Ronchi-Teles 2011, Roosmalen 2000 "
Pouteria procera,"Calocarpum procerum, Lucuma procera, Urbanella procera, Vitellaria procera, Achras buchananiifolia, Lucuma buchananiifolia, Lucuma excelsa, Lucuma oblonga, Pouteria excelsa, Urbanella buchananiifolia, Urbanella cuspidata, Urbanella excelsa",Sapotaceae,N,Yellow/Green,F,I,1,None Specified,NA,NA,NA,6,22.5,None Specified,NA,NA,NA,5,17.5,None Specified,NA,NA,NA,6,1.88666667,D,None Specified,NA,NA,NA,5,38,None Specified,NA,NA,NA,5,24.5,None Specified,NA,NA,NA,5,5.48333333,D,None Specified,NA,NA,NA,6,"Stevenson 2023, Link 2004, Stevenson 2002, https://fm-digital-assets.fieldmuseum.org/1462/853/V0325263F_a.jpg"
Pouteria procera,,,,,,,NA,,NA,NA,NA,NA,NA,,NA,NA,NA,NA,NA,,NA,NA,NA,NA,4.13666667,W,None Specified,NA,NA,NA,5,37.5,None Specified,NA,NA,NA,0,NA,,NA,NA,NA,NA,13.5633333,W,None Specified,NA,NA,NA,6,"Stevenson 2023, Link 2004, Stevenson 2002, https://fm-digital-assets.fieldmuseum.org/1462/853/V0325263F_a.jpg"
Pouteria reticulata,"Chrysophyllum reticulatum, Franchetella reticulata, Franchetella anibifolia, Franchetella unilocularis, Lucuma anibifolia, Lucuma minutiflora, Pouteria anibifolia, Pouteria cearensis, Pouteria hondurensis, Pouteria meyeri, Pouteria reticulata, Pouteria unilocularis, Sideroxylon hondurense, Sideroxylon meyeri, Sideroxylon uniloculare",Sapotaceae,N,Purple,F,I,2,None Specified,NA,NA,NA,69,17.5,None Specified,NA,NA,NA,5,10.275,None Specified,NA,NA,NA,5,0.431,D,None Specified,NA,NA,NA,0,28,None Specified,NA,NA,NA,5,13.5,None Specified,NA,NA,NA,5,0.6275,D,None Specified,NA,NA,NA,6,"Stevenson 2023, Stevenson 2002, https://eol.org/pages/1151995/data, Svenning & Wright 2005, Van Roosmalen 2000"
Pouteria reticulata,,,,,,,1,None Specified,NA,NA,NA,6,NA,Range,15,20,NA,0,11,None Specified,NA,NA,NA,6,0.58,D,None Specified,NA,NA,NA,0,NA,Range,23,30,NA,0,NA,Range,13,14,NA,0,1.6675,W,None Specified,NA,NA,NA,6,"Stevenson 2023, Stevenson 2002, https://eol.org/pages/1151995/data, Svenning & Wright 2005, Van Roosmalen 2000"
Pouteria reticulata,,,,,,,NA,,NA,NA,NA,NA,NA,,NA,NA,NA,NA,NA,,NA,NA,NA,NA,0.3675,D,None Specified,NA,NA,NA,5,NA,,NA,NA,NA,NA,NA,,NA,NA,NA,NA,NA,,,NA,NA,NA,NA,"Stevenson 2023, Stevenson 2002, https://eol.org/pages/1151995/data, Svenning & Wright 2005, Van Roosmalen 2000"
Pouteria reticulata,,,,,,,NA,,NA,NA,NA,NA,NA,,NA,NA,NA,NA,NA,,NA,NA,NA,NA,0.6275,W,None Specified,NA,NA,NA,5,NA,Range,16,21,NA,0,NA,,NA,NA,NA,NA,NA,,,NA,NA,NA,NA,"Stevenson 2023, Stevenson 2002, https://eol.org/pages/1151995/data, Svenning & Wright 2005, Van Roosmalen 2000"
Pouteria robusta,Pouteria cuspidata,Sapotaceae,N,Green/Brown,F,I,1,None Specified,NA,NA,NA,6,15,None Specified,NA,NA,NA,0,10.3,None Specified,NA,NA,NA,6,0.34,D,None Specified,NA,NA,NA,0,23,None Specified,NA,NA,NA,0,NA,Range,15,20,NA,0,4.545,W,None Specified,NA,NA,NA,6,"https://eol.org/pages/1152170/data , "
Pouteria robusta,"Sideroxylon cuspidatum, Bumelia amazonica, Neoxythece schulzii, Pouteria albiflora, Pouteria dura, Pouteria elegans, Pouteria robusta",,,,,,NA,Range,1,2,NA,0,NA,Range,12,16,NA,0,NA,Range,9,12,NA,0,0.34,D,SE,NA,NA,0.033,10,NA,Range,18,33,NA,0,22.5,None Specified,NA,NA,NA,0,1.875,D,None Specified,NA,NA,NA,6,"Stevenson 2023, Defler 1996, Roosmalen 2000, Grubb 1997, Alves-Araújo 2014, Stevenson 2002, Sánchez 2013"
Pouteria robusta,,,,,,,NA,,NA,NA,NA,NA,14.1,None Specified,NA,NA,NA,0,11,None Specified,NA,NA,NA,0,0.65,NA,None Specified,NA,NA,NA,0,26,None Specified,NA,NA,NA,0,20,None Specified,NA,NA,NA,0,2.34,NA,None Specified,NA,NA,NA,0,"Stevenson 2023, Defler 1996, Roosmalen 2000, Grubb 1997, Alves-Araújo 2014, Stevenson 2002, Sánchez 2013"
Pouteria robusta,,,,,,,NA,,NA,NA,NA,NA,NA,Range,21,27,NA,0,NA,Range,12,13,NA,0,0.55,D,None Specified,NA,NA,NA,0,NA,Range,28,48,NA,0,NA,Range,16,22,NA,0,NA,,,NA,NA,NA,NA,"Stevenson 2023, Defler 1996, Roosmalen 2000, Grubb 1997, Alves-Araújo 2014, Stevenson 2002, Sánchez 2013"
Pouteria robusta,,,,,,,NA,,NA,NA,NA,NA,18,None Specified,NA,NA,NA,0,10.4,None Specified,NA,NA,NA,0,0.88,W,None Specified,NA,NA,NA,0,16.6,None Specified,NA,NA,NA,0,15.8,None Specified,NA,NA,NA,0,NA,,,NA,NA,NA,NA,"Stevenson 2023, Defler 1996, Roosmalen 2000, Grubb 1997, Alves-Araújo 2014, Stevenson 2002, Sánchez 2013"
Pouteria robusta,,,,,,,NA,,NA,NA,NA,NA,NA,,NA,NA,NA,NA,NA,,NA,NA,NA,NA,NA,,,NA,NA,NA,NA,NA,,NA,NA,NA,NA,NA,,NA,NA,NA,NA,NA,,,NA,NA,NA,NA,"Stevenson 2023, Defler 1996, Roosmalen 2000, Grubb 1997, Alves-Araújo 2014, Stevenson 2002, Sánchez 2013"
Pouteria sapota,"Sideroxylon sapota, Calocarpum sapota, Achras mammosa, Bassia jussaei, Calocarpum huastecanum, Calocarpum mammosum, Calospermum parvum, Lucuma bonplandii, Sapota mammosa",Sapotaceae,N,Red/Brown,F,I,1,None Specified,NA,NA,NA,0,NA,Range,80,100,NA,0,NA,Range,30,60,NA,0,NA,NA,Range,30,60,NA,0,200,None Specified,NA,NA,NA,0,NA,Range,70,120,NA,0,NA,NA,Range,250,900,NA,0,"Luis 2011, Brewer 1999, Moreno 2010, Daws 2005, https://rngr.net/publications/ttsm/species/PDF.2004-03-16.4601/?searchterm=Pouteria%20sapota"
Pouteria sapota,,,,,,,1,None Specified,NA,NA,NA,0,NA,Range,80,100,NA,0,NA,Range,30,60,NA,0,13.04,D,None Specified,NA,NA,NA,10,200,None Specified,NA,NA,NA,0,NA,Range,70,120,NA,0,NA,NA,Range,250,900,NA,0,"Luis 2011, Brewer 1999, Moreno 2010, Daws 2005, https://rngr.net/publications/ttsm/species/PDF.2004-03-16.4601/?searchterm=Pouteria%20sapota"
Pouteria sapota,,,,,,,1,None Specified,NA,NA,NA,0,200,None Specified,NA,NA,NA,0,120,None Specified,NA,NA,NA,0,13.04,D,None Specified,NA,NA,NA,10,200,None Specified,NA,NA,NA,0,NA,Range,70,120,NA,0,NA,NA,Range,250,900,NA,0,"Luis 2011, Brewer 1999, Moreno 2010, Daws 2005, https://rngr.net/publications/ttsm/species/PDF.2004-03-16.4601/?searchterm=Pouteria%20sapota"
Pouteria speciosa,"Richardella speciosa, Lucuma speciosa, Englerella speciosa",Sapotaceae,N,Purple,F,I,1,None Specified,NA,NA,NA,0,NA,Range,60,90,NA,0,NA,Range,50,60,NA,0,81.96,D,None Specified,NA,NA,NA,17,110,None Specified,NA,NA,NA,0,NA,Range,70,80,NA,0,NA,,,NA,NA,NA,NA,"Guimarães 2008, Food and Agriculture Organization 1986, Roosmalen 2000, Hammond n1995"
Pouteria speciosa,,,,,,,1,None Specified,NA,NA,NA,0,NA,Range,60,90,NA,0,NA,Range,50,60,NA,0,81.96,D,None Specified,NA,NA,NA,17,120,None Specified,NA,NA,NA,0,80,None Specified,NA,NA,NA,0,NA,,,NA,NA,NA,NA,"Guimarães 2008, Food and Agriculture Organization 1986, Roosmalen 2000, Hammond n1995"
Pouteria speciosa,,,,,,,1,None Specified,NA,NA,NA,0,NA,Range,60,90,NA,0,NA,Range,50,60,NA,0,145.47,W,None Specified,NA,NA,NA,17,NA,Range,100,120,NA,0,NA,Range,70,80,NA,0,NA,,,NA,NA,NA,NA,"Guimarães 2008, Food and Agriculture Organization 1986, Roosmalen 2000, Hammond n1995"
Pouteria torta,"Pouteria trichopoda, Pouteria tovarensis, Pouteria guianensis, Pouteria solimoesensis, Pouteria pedunculata, Pouteria obidensis, Pouteria jenmanii, Pouteria hispida, Pouteria hartii, Pouteria gutta, Pouteria glazioviana, Pouteria cuatrecasasii, Pouteria caimito, Pouteria benoistii, Lucuma psammophila, Lucuma jenmanii, Lucuma huallagae, Lucuma hartii, Lucuma gutta, Lucuma dolichophylla, Labatia tovarensis, Labatia pedunculata, Krugella hartii, Chaetocarpus pouteria",Sapotaceae,N,Yellow/Orange,F,I,1.3,None Specified,NA,NA,NA,0,11,SE,NA,NA,0.8,10,7,SE,NA,NA,0.3,10,2.35,D,None Specified,NA,NA,NA,12,39,None Specified,NA,NA,NA,7.5,37,None Specified,NA,NA,NA,7.5,15,W,None Specified,NA,NA,NA,0,"Guimarães 2008, García 2020, Anderson 2000, Hammond 1995, Alves-Araújo 2014, Motta-Junior 2002"
Pouteria torta,,,,,,,NA,Range,1,4,NA,0,11,SE,NA,NA,0.8,10,7,SE,NA,NA,0.3,10,4.58,W,None Specified,NA,NA,NA,12,60,None Specified,NA,NA,NA,0,32.5,None Specified,NA,NA,NA,0,20,W,None Specified,NA,NA,NA,7.5,"Guimarães 2008, García 2020, Anderson 2000, Hammond 1995, Alves-Araújo 2014, Motta-Junior 2002"
Pouteria torta,,,,,,,3,None Specified,NA,NA,NA,7.5,28,None Specified,NA,NA,NA,0,15,None Specified,NA,NA,NA,0,3.03,NA,None Specified,NA,NA,NA,0,39,None Specified,NA,NA,NA,7.5,37,None Specified,NA,NA,NA,7.5,20,W,None Specified,NA,NA,NA,7.5,"Guimarães 2008, García 2020, Anderson 2000, Hammond 1995, Alves-Araújo 2014, Motta-Junior 2002"
Pouteria vernicosa,,Sapotaceae,N,Brown,F,I,1,None Specified,NA,NA,NA,0,NA,Range,20,23,NA,0,NA,,NA,NA,NA,NA,NA,,,NA,NA,NA,NA,40.397,None Specified,NA,NA,NA,1,32.351,None Specified,NA,NA,NA,1,NA,,,NA,NA,NA,NA,"Pennington 2006 Sapotaceae, https://fm-digital-assets.fieldmuseum.org/249/576/V0325643F.jpg"
Pradosia cochlearia,"Chrysophyllum cochlearium, Ecclinusa cochlearia",Sapotaceae,N,Yellow/Green,F,I,1,None Specified,NA,NA,NA,100,NA,Range,11,30,NA,100,NA,Range,10,13,NA,100,NA,NA,Range,1.5,2.5,NA,100,NA,,NA,NA,NA,NA,NA,,NA,NA,NA,NA,NA,,,NA,NA,NA,NA,Forget 2001
Pradosia ptychandra,"Neopometia ptychandra, Pouteria ptychandra",Sapotaceae,N,Yellow/Orange,F,I,NA,,NA,NA,NA,NA,NA,,NA,NA,NA,NA,NA,,NA,NA,NA,NA,NA,,,NA,NA,NA,NA,NA,,NA,NA,NA,NA,NA,,NA,NA,NA,NA,NA,,,NA,NA,NA,NA,
Pradosia surinamensis,Pouteria surinamensis,Sapotaceae,N,Yellow/Green,F,I,NA,,NA,NA,NA,NA,NA,,NA,NA,NA,NA,NA,,NA,NA,NA,NA,NA,,,NA,NA,NA,NA,NA,,NA,NA,NA,NA,NA,,NA,NA,NA,NA,NA,,,NA,NA,NA,NA,
Prockia crucis,"Trilix crucis, Kellettia odorata, Prockia acuta, Prockia bahiensis, Prockia completa, Prockia crucifolia, Prockia glabra, Prockia grandiflora, Prockia hassleri, Prockia lobata, Prockia lutea, Prockia macrostachya, Prockia mexicana, Prockia morifolia, Prockia septemnervia, Prockia subcordata, Prockia tomentosa, Prockia villosa, Tinea triplinervia, Trilix auriculata, Trilix lutea",Salicaceae,N,Red,F,I,NA,Range,4,6,NA,0,1.5,None Specified,NA,NA,NA,0,2,None Specified,NA,NA,NA,0,0.000404,NA,None Specified,NA,NA,NA,0,7.870666667,SD,NA,NA,1.587586008,12,6.95825,SD,NA,NA,1.799856465,12,NA,,,NA,NA,NA,NA,"Moura 2007, https://data.kew.org/sid/SidServlet?ID=60075&Num=wAI,https://collections-botany.fieldmuseum.org/catalogue/231297, https://books.google.com/books?id=WNknAAAAYAAJ&pg=PA929&lpg=PA929&dq=%22Kellettia+odorata%22+AND+number+of+seeds+per+fruit&source=bl&ots=z2Bpr_2LTV&sig=ACfU3U29r7md-PmJUam3A7qfjtrms5zhFg&hl=en&sa=X&ved=2ahUKEwiJrM-k0db7AhVCFlkFHW8QDDUQ6AF6BAgIEAM#v=onepage&q=odorata&f=false, http://www.worldfloraonline.org/organisation/FloraPanama"
Protium amazonicum,"Paraprotium amazonicum, Protium fimbriatum",Burseraceae,N,Red,F,D,NA,,NA,NA,NA,NA,NA,,NA,NA,NA,NA,NA,,NA,NA,NA,NA,NA,,,NA,NA,NA,NA,20.56666667,SD,NA,NA,2.154839515,3,12.73333333,SD,NA,NA,1.006644591,3,NA,,,NA,NA,NA,NA,http://legacy.tropicos.org/Image/100501298
Protium apiculatum,Protium firmum,Burseraceae,N,Red,F,D,NA,,NA,NA,NA,NA,16,None Specified,NA,NA,NA,0,8,None Specified,NA,NA,NA,0,NA,,,NA,NA,NA,NA,NA,Range,19,22.6,NA,0,NA,Range,16.4,35.4,NA,0,NA,,,NA,NA,NA,NA,"Melo 2007, Erard 1989"
Protium apiculatum,,,,,,,NA,,NA,NA,NA,NA,NA,,NA,NA,NA,NA,NA,,NA,NA,NA,NA,NA,,,NA,NA,NA,NA,21,None Specified,NA,NA,NA,0,17,None Specified,NA,NA,NA,0,NA,,,NA,NA,NA,NA,"Melo 2007, Erard 1989"
Protium crenatum,,Burseraceae,N,Red,F,D,1.2,None Specified,NA,NA,NA,6,15,None Specified,NA,NA,NA,5,8.4,None Specified,NA,NA,NA,5,0.12666667,D,None Specified,NA,NA,NA,5,23,None Specified,NA,NA,NA,5,NA,,NA,NA,NA,NA,0.796,D,None Specified,NA,NA,NA,6,"Stevenson 2023, Stevenson 2002, Stevenson et al. 2002"
Protium crenatum,,,,,,,NA,Range,1,3,NA,0,NA,Range,13,17,NA,0,9,None Specified,NA,NA,NA,6,0.20333333,W,None Specified,NA,NA,NA,5,NA,Range,20,25,NA,0,20,None Specified,NA,NA,NA,5,2.636,W,None Specified,NA,NA,NA,6,"Stevenson 2023, Stevenson 2002, Stevenson et al. 2002"
Protium crenatum,,,,,,,1.6,None Specified,NA,NA,NA,5,NA,,NA,NA,NA,NA,NA,,NA,NA,NA,NA,NA,,,NA,NA,NA,NA,NA,,NA,NA,NA,NA,NA,,NA,NA,NA,NA,NA,,,NA,NA,NA,NA,"Stevenson 2023, Stevenson 2002, Stevenson et al. 2002"
Protium ferrugineum,"Icicopsis ferruginea, Paraprotium ferrineum, Tinguloga ferruginea, Protium pedicellatum",Burseraceae,N,Red,F,D,NA,,NA,NA,NA,NA,NA,,NA,NA,NA,NA,NA,,NA,NA,NA,NA,NA,,,NA,NA,NA,NA,20.73766667,SD,NA,NA,3.005663232,6,15.26833333,SD,NA,NA,2.833022532,6,NA,,,NA,NA,NA,NA,https://www.tropicos.org/image/100501186
Protium glabrescens,Protium marthae,Burseraceae,N,Red,F,D,1.1,None Specified,NA,NA,NA,6,NA,Range,13,17,NA,0,6,None Specified,NA,NA,NA,6,0.374,W,None Specified,NA,NA,NA,5,23,None Specified,NA,NA,NA,5,NA,,NA,NA,NA,NA,0.65777778,D,None Specified,NA,NA,NA,6,"Stevenson 2023, Stevenson 2002, Norford Under Review, Echeverry unpublished"
Protium glabrescens,,,,,,,NA,Range,1,2,NA,0,15,None Specified,NA,NA,NA,7.5,6.65,None Specified,NA,NA,NA,7.5,0.229411765,NA,None Specified,NA,NA,NA,0,NA,Range,20,25,NA,0,12,None Specified,NA,NA,NA,5,2.29777778,W,None Specified,NA,NA,NA,6,"Stevenson 2023, Stevenson 2002, Norford Under Review, Echeverry unpublished"
Protium glabrescens,,,,,,,1.301851852,None Specified,NA,NA,NA,5,NA,,NA,NA,NA,NA,NA,,NA,NA,NA,NA,0.23,D,None Specified,NA,NA,NA,5,NA,,NA,NA,NA,NA,NA,,NA,NA,NA,NA,NA,,,NA,NA,NA,NA,"Stevenson 2023, Stevenson 2002, Norford Under Review, Echeverry unpublished"
Protium heptaphyllum,"Icica heptaphylla, Tingulonga heptaphylla",Burseraceae,N,Red,F,D,NA,,NA,NA,NA,NA,10.2,None Specified,NA,NA,NA,30,6.4,None Specified,NA,NA,NA,30,NA,,,NA,NA,NA,NA,21,Unknown +/-,NA,NA,1.4,30,15.4,Unknown +/-,NA,NA,1.1,30,2,W,Unknown +/-,NA,NA,0.5,30,"Obregón 2007, Alves-Costa 2007, Donatti 2007"
Protium heptaphyllum,,,,,,,NA,,NA,NA,NA,NA,12,None Specified,NA,NA,NA,0,NA,,NA,NA,NA,NA,0.09,D,None Specified,NA,NA,NA,30,NA,,NA,NA,NA,NA,NA,,NA,NA,NA,NA,NA,,,NA,NA,NA,NA,"Obregón 2007, Alves-Costa 2007, Donatti 2007"
Protium llanorum,,Burseraceae,N,Red,F,D,NA,,NA,NA,NA,NA,NA,,NA,NA,NA,NA,NA,,NA,NA,NA,NA,NA,,,NA,NA,NA,NA,13.286,None Specified,NA,NA,NA,1,11.05,None Specified,NA,NA,NA,1,NA,,,NA,NA,NA,NA,http://legacy.tropicos.org/Image/100501370
Protium neglectum,"Protium tenuifolium, Icicopsis tenuifolia",Burseraceae,N,Brown/Black,F,D,NA,,NA,NA,NA,NA,NA,,NA,NA,NA,NA,NA,,NA,NA,NA,NA,0.113,W,None Specified,NA,NA,NA,0,17.03488889,SD,NA,NA,2.599745057,9,11.82133333,SD,NA,NA,2.674867053,9,NA,,,NA,NA,NA,NA,"Foster 1985, http://legacy.tropicos.org/Image/100501549"
Protium opacum,,Burseraceae,N,Red,F,D,NA,,NA,NA,NA,NA,NA,,NA,NA,NA,NA,NA,,NA,NA,NA,NA,NA,,,NA,NA,NA,NA,18.46,SD,NA,NA,1.170384552,4,15.02,SD,NA,NA,1.077404288,4,NA,,,NA,NA,NA,NA,https://fm-digital-assets.fieldmuseum.org/1546/291/V0317765F.jpg
Protium rhoifolium,,Burseraceae,N,NA,F,D,NA,,NA,NA,NA,NA,NA,,NA,NA,NA,NA,NA,,NA,NA,NA,NA,0.34020833,W,None Specified,NA,NA,NA,5,NA,,NA,NA,NA,NA,NA,,NA,NA,NA,NA,0.25333333,D,None Specified,NA,NA,NA,5,"Stevenson 2023, Echeverry unpublished"
Protium rhoifolium,,,,,,,1.5,None Specified,NA,NA,NA,5,12.5,None Specified,NA,NA,NA,5,7.85,None Specified,NA,NA,NA,5,0.2,NA,None Specified,NA,NA,NA,0,23,None Specified,NA,NA,NA,5,20,None Specified,NA,NA,NA,5,3.39,W,None Specified,NA,NA,NA,5,"Stevenson 2023, Echeverry unpublished"
Protium rhoifolium,,,,,,,NA,,NA,NA,NA,NA,NA,,NA,NA,NA,NA,NA,,NA,NA,NA,NA,0.2125,D,None Specified,NA,NA,NA,5,NA,,NA,NA,NA,NA,NA,,NA,NA,NA,NA,NA,,,NA,NA,NA,NA,"Stevenson 2023, Echeverry unpublished"
Protium robustum,,Burseraceae,N,Red,F,D,2.8,None Specified,NA,NA,NA,6,NA,,NA,NA,NA,NA,NA,,NA,NA,NA,NA,NA,,,NA,NA,NA,NA,30.4,None Specified,NA,NA,NA,0,NA,,NA,NA,NA,NA,2.4,D,None Specified,NA,NA,NA,6,"Stevenson 2002, Link 2004, Yumoto et al. 1999, Stevenson et al. 2002"
Protium robustum,Protium neglectum,,,,,,NA,Range,1,5,NA,0,NA,Range,13,17,NA,0,7.9,None Specified,NA,NA,NA,0,0.29,W,None Specified,NA,NA,NA,0,NA,Range,19,25,NA,0,25.8,None Specified,NA,NA,NA,0,12.6,W,None Specified,NA,NA,NA,6,"Stevenson 2002, Link 2004, Yumoto et al. 1999, Stevenson et al. 2002"
Protium robustum,,,,,,,3,None Specified,NA,NA,NA,0,14.2,None Specified,NA,NA,NA,0,6,None Specified,NA,NA,NA,6,NA,,,NA,NA,NA,NA,17,None Specified,NA,NA,NA,0,NA,,NA,NA,NA,NA,11.3,W,None Specified,NA,NA,NA,6,"Stevenson 2002, Link 2004, Yumoto et al. 1999, Stevenson et al. 2002"
Protium sagotianum ,,Burseraceae,N,Red,F,D,1.8,None Specified,NA,NA,NA,6,17,None Specified,NA,NA,NA,5,7.925,None Specified,NA,NA,NA,5,0.45866667,W,None Specified,NA,NA,NA,5,26.5,None Specified,NA,NA,NA,0,NA,,NA,NA,NA,NA,2.26909091,D,None Specified,NA,NA,NA,6,"Stevenson 2023, Stevenson 2007, Stevenson 2002, Yumoto et al. 1999"
Protium sagotianum ,,,,,,,NA,Range,1,5,NA,0,NA,Range,14,20,NA,0,9.2,None Specified,NA,NA,NA,0,0.46,W,None Specified,NA,NA,NA,0,32,None Specified,NA,NA,NA,5,28,None Specified,NA,NA,NA,5,6.1,W,None Specified,NA,NA,NA,0,"Stevenson 2023, Stevenson 2007, Stevenson 2002, Yumoto et al. 1999"
Protium sagotianum ,,,,,,,2,None Specified,NA,NA,NA,0,16,None Specified,NA,NA,NA,0,7,None Specified,NA,NA,NA,6,0.61,W,None Specified,NA,NA,NA,0,NA,Range,25,30,NA,0,21.1,None Specified,NA,NA,NA,0,7.88,W,None Specified,NA,NA,NA,6,"Stevenson 2023, Stevenson 2007, Stevenson 2002, Yumoto et al. 1999"
Protium sagotianum ,,,,,,,2.391666667,None Specified,NA,NA,NA,5,NA,,NA,NA,NA,NA,NA,,NA,NA,NA,NA,0.2832,D,None Specified,NA,NA,NA,5,NA,,NA,NA,NA,NA,NA,,NA,NA,NA,NA,NA,,,NA,NA,NA,NA,"Stevenson 2023, Stevenson 2007, Stevenson 2002, Yumoto et al. 1999"
Prunus brasiliensis,"Cerasus brasiliensis, Lauro-cerasus brasiliensis, Prunus sphaerocarpa",Rosaceae,N,Yellow,F,I,NA,,NA,NA,NA,NA,NA,,NA,NA,NA,NA,NA,,NA,NA,NA,NA,0.23,NA,None Specified,NA,NA,NA,0,NA,,NA,NA,NA,NA,NA,,NA,NA,NA,NA,NA,,,NA,NA,NA,NA,Souza 2015
Prunus debilis,"Prunus sana, Prunus vana, Prunus williamsii",Rosaceae,N,Black/Purple/Red,F,I,NA,,NA,NA,NA,NA,NA,,NA,NA,NA,NA,NA,,NA,NA,NA,NA,NA,,,NA,NA,NA,NA,24.055,SD,NA,NA,0.035355339,2,18.455,SD,NA,NA,0.714177849,2,NA,,,NA,NA,NA,NA,http://legacy.tropicos.org/Image/101268819
Prunus myrtifolia ,"Lauro-cerasus myrtifolia, Prunus acutissima, Prunus pleuradenia, Prunus sphaerocarpa, Cerasus sphaerocarpa, Lauro-cerasus sphaerocarpa, Prunus tikalana, Celastrus myrtifolius, Laurocerasus myrtifolia, Laurocerasus sphaerocarpa",Rosaceae,N,Purple,F,I,NA,,NA,NA,NA,NA,9.7,None Specified,NA,NA,NA,0,11,None Specified,NA,NA,NA,1,NA,,,NA,NA,NA,NA,10.9,None Specified,NA,NA,NA,0,9.3,None Specified,NA,NA,NA,1,NA,,,NA,NA,NA,NA,"Zabala 2022, Alves-Costa 2007, https://www.tropicos.org/image/100369076, https://collections-botany.fieldmuseum.org/catalogue/2361537"
Prunus myrtifolia ,,,,,,,NA,,NA,NA,NA,NA,10.55,SD,NA,NA,1.343502884,2,NA,,NA,NA,NA,NA,NA,,,NA,NA,NA,NA,NA,Range,8,12,NA,0,NA,Range,8,11,NA,0,NA,,,NA,NA,NA,NA,"Zabala 2022, Alves-Costa 2007, https://www.tropicos.org/image/100369076, https://collections-botany.fieldmuseum.org/catalogue/2361537"
Prunus sellowii,"Prunus reflexa, Cerasus reflexa, Lauro-cerasus reflexa, Prunus myrtifolia",Rosaceae,N,Purple,F,I,NA,,NA,NA,NA,NA,NA,,NA,NA,NA,NA,NA,,NA,NA,NA,NA,NA,,,NA,NA,NA,NA,6.947555556,SD,NA,NA,0.428669777,9,6.246666667,SD,NA,NA,0.383936193,9,NA,,,NA,NA,NA,NA,https://collections-botany.fieldmuseum.org/catalogue/309571
Psammisia falcata,"Thibaudia falcata, Psammisia cyathifera, Thibaudia cyathifera",Vacciniaceae,N,Red/Pink,F,I,NA,,NA,NA,NA,NA,NA,,NA,NA,NA,NA,NA,,NA,NA,NA,NA,NA,,,NA,NA,NA,NA,NA,,NA,NA,NA,NA,NA,,NA,NA,NA,NA,NA,,,NA,NA,NA,NA,
Pseudolmedia hirsuta,,Moraceae,N,Red,F,I,1,None Specified,NA,NA,NA,5,13,None Specified,NA,NA,NA,7.5,6.6,None Specified,NA,NA,NA,7.5,0.352,D,None Specified,NA,NA,NA,5,23,None Specified,NA,NA,NA,5,14,None Specified,NA,NA,NA,5,0.73428571,D,None Specified,NA,NA,NA,5,"Stevenson 2023, Norford 2023"
Pseudolmedia hirsuta,,,,,,,NA,,NA,NA,NA,NA,NA,,NA,NA,NA,NA,NA,,NA,NA,NA,NA,0.514,W,None Specified,NA,NA,NA,5,NA,,NA,NA,NA,NA,NA,,NA,NA,NA,NA,2.28888889,W,None Specified,NA,NA,NA,5,"Stevenson 2023, Norford 2023"
Pseudolmedia laevigata,,Moraceae,N,Red,F,I,NA,,NA,NA,NA,NA,7.5,None Specified,NA,NA,NA,5,5.475,None Specified,NA,NA,NA,5,0.249375,W,None Specified,NA,NA,NA,5,13,None Specified,NA,NA,NA,5,NA,,NA,NA,NA,NA,0.253125,D,None Specified,NA,NA,NA,6,"Stevenson 2023, Stevenson 2007, Stevenson 2002, Yumoto et al. 1999, Stevenson et al. 2002"
Pseudolmedia laevigata,,,,,,,1,None Specified,NA,NA,NA,6,NA,Range,6,9,NA,0,7.3,None Specified,NA,NA,NA,0,0.25,W,None Specified,NA,NA,NA,72,NA,Range,11,15,NA,0,11.8,None Specified,NA,NA,NA,0,1,W,None Specified,NA,NA,NA,0,"Stevenson 2023, Stevenson 2007, Stevenson 2002, Yumoto et al. 1999, Stevenson et al. 2002"
Pseudolmedia laevigata,,,,,,,NA,,NA,NA,NA,NA,9.4,None Specified,NA,NA,NA,0,5,None Specified,NA,NA,NA,6,0.4,W,None Specified,NA,NA,NA,0,12.8,None Specified,NA,NA,NA,0,10,None Specified,NA,NA,NA,5,0.713125,W,None Specified,NA,NA,NA,6,"Stevenson 2023, Stevenson 2007, Stevenson 2002, Yumoto et al. 1999, Stevenson et al. 2002"
Pseudolmedia laevigata,,,,,,,NA,,NA,NA,NA,NA,NA,,NA,NA,NA,NA,NA,,NA,NA,NA,NA,0.1675,D,None Specified,NA,NA,NA,5,NA,,NA,NA,NA,NA,NA,,NA,NA,NA,NA,NA,,,NA,NA,NA,NA,"Stevenson 2023, Stevenson 2007, Stevenson 2002, Yumoto et al. 1999, Stevenson et al. 2002"
Pseudolmedia laevis ,,Moraceae,N,Red/Brown,F,I,1,None Specified,NA,NA,NA,6,8,None Specified,NA,NA,NA,5,5.48,None Specified,NA,NA,NA,7.5,0.435,W,None Specified,NA,NA,NA,0,11,None Specified,NA,NA,NA,5,NA,Range,5,8,NA,0,0.237,D,None Specified,NA,NA,NA,6,"Stevenson 2023, Berg 1972, Foster 1985, Yumoto et al. 1999, Wallace 2005, Stevenson 2002, Norford Under Review, Kattge 2011, Terborgh 2011, Stevenson et al. 2002"
Pseudolmedia laevis ,,,,,,,NA,,NA,NA,NA,NA,NA,Range,7,9,NA,0,NA,Range,4,5,NA,0,0.11,D,None Specified,NA,NA,NA,0,NA,Range,8,14,NA,0,11,None Specified,NA,NA,NA,0,1.2,NA,None Specified,NA,NA,NA,0,"Stevenson 2023, Berg 1972, Foster 1985, Yumoto et al. 1999, Wallace 2005, Stevenson 2002, Norford Under Review, Kattge 2011, Terborgh 2011, Stevenson et al. 2002"
Pseudolmedia laevis ,,,,,,,NA,,NA,NA,NA,NA,NA,Range,6,9,NA,0,6.2,None Specified,NA,NA,NA,0,0.38,D,None Specified,NA,NA,NA,0,NA,Range,8,13,NA,0,10,None Specified,NA,NA,NA,5,0.9,W,None Specified,NA,NA,NA,0,"Stevenson 2023, Berg 1972, Foster 1985, Yumoto et al. 1999, Wallace 2005, Stevenson 2002, Norford Under Review, Kattge 2011, Terborgh 2011, Stevenson et al. 2002"
Pseudolmedia laevis ,,,,,,,NA,,NA,NA,NA,NA,7.5,None Specified,NA,NA,NA,7.5,5,None Specified,NA,NA,NA,6,0.22,W,None Specified,NA,NA,NA,0,12.7,None Specified,NA,NA,NA,0,NA,,NA,NA,NA,NA,0.834,W,None Specified,NA,NA,NA,6,"Stevenson 2023, Berg 1972, Foster 1985, Yumoto et al. 1999, Wallace 2005, Stevenson 2002, Norford Under Review, Kattge 2011, Terborgh 2011, Stevenson et al. 2002"
Pseudolmedia laevis ,,,,,,,NA,,NA,NA,NA,NA,NA,,NA,NA,NA,NA,5.775,None Specified,NA,NA,NA,5,0.12625,D,None Specified,NA,NA,NA,5,NA,,NA,NA,NA,NA,NA,,NA,NA,NA,NA,NA,,,NA,NA,NA,NA,"Stevenson 2023, Berg 1972, Foster 1985, Yumoto et al. 1999, Wallace 2005, Stevenson 2002, Norford Under Review, Kattge 2011, Terborgh 2011, Stevenson et al. 2002"
Pseudolmedia laevis ,,,,,,,NA,,NA,NA,NA,NA,NA,,NA,NA,NA,NA,NA,,NA,NA,NA,NA,0.209,W,None Specified,NA,NA,NA,5,NA,,NA,NA,NA,NA,NA,,NA,NA,NA,NA,NA,,,NA,NA,NA,NA,"Stevenson 2023, Berg 1972, Foster 1985, Yumoto et al. 1999, Wallace 2005, Stevenson 2002, Norford Under Review, Kattge 2011, Terborgh 2011, Stevenson et al. 2002"
Pseudolmedia obliqua,"Maquira coriacea, Pseudolmedia coriacea, Olmedia laurina Baill, Olmedia maxima Ducke, Olmedia obliqua, Olmediophaena coriacea, Olmediophanena, Olmediophaena maxima",Moraceae,N,Yellow/Orange,F,I,NA,,NA,NA,NA,NA,NA,,NA,NA,NA,NA,NA,,NA,NA,NA,NA,NA,,,NA,NA,NA,NA,NA,Range,20,25,NA,0,NA,,NA,NA,NA,NA,0.73,D,None Specified,NA,NA,NA,6," Link 2004, Stevenson 2002, Stevenson et al. 2002"
Pseudolmedia obliqua,,,,,,,1,None Specified,NA,NA,NA,6,NA,Range,12,14,NA,0,6,None Specified,NA,NA,NA,6,NA,,,NA,NA,NA,NA,14,None Specified,NA,NA,NA,0,NA,,NA,NA,NA,NA,2.3,W,None Specified,NA,NA,NA,6," Link 2004, Stevenson 2002, Stevenson et al. 2002"
Pseudolmedia rigida,Olmedia rigida,Moraceae,N,Red,F,I,NA,,NA,NA,NA,NA,6.1,None Specified,NA,NA,NA,1,3.5,None Specified,NA,NA,NA,1,NA,,,NA,NA,NA,NA,NA,Range,7,15,NA,0,NA,Range,4,7,NA,0,NA,,,NA,NA,NA,NA,Berg 1972
Pseudomalmea diclina,Malmea diclina,Annonaceae,N,Red,F,I,NA,,NA,NA,NA,NA,NA,,NA,NA,NA,NA,NA,,NA,NA,NA,NA,1.18230769,D,None Specified,NA,NA,NA,5,NA,,NA,NA,NA,NA,NA,,NA,NA,NA,NA,2.37615385,D,None Specified,NA,NA,NA,5,"Stevenson 2023, Stevenson 2007, https://fm-digital-assets.fieldmuseum.org/195/711/ANNO_pseu_dicl_ecu_2239172.jpg"
Pseudomalmea diclina,,,,,,,1,None Specified,NA,NA,NA,5,17.5,None Specified,NA,NA,NA,5,10.675,None Specified,NA,NA,NA,5,1.84153846,W,None Specified,NA,NA,NA,5,26.267,SD,NA,NA,1.376572555,7,17,None Specified,NA,NA,NA,5,5.21615385,W,None Specified,NA,NA,NA,5,"Stevenson 2023, Stevenson 2007, https://fm-digital-assets.fieldmuseum.org/195/711/ANNO_pseu_dicl_ecu_2239172.jpg"
Psidium guajava,"Loranthus leonensis, Tapinanthus leonensis",Myrtaceae,N,Yellow/Orange,F,I,NA,,NA,NA,NA,NA,NA,,NA,NA,NA,NA,NA,,NA,NA,NA,NA,4.3,NA,None Specified,NA,NA,NA,0,NA,,NA,NA,NA,NA,NA,,NA,NA,NA,NA,45,NA,None Specified,NA,NA,NA,0,"Purbajanti 2016, BCI 2980A, Daws 2005, Aluja 2003, Lazure 2010, Motta-Junior 2002, Castro 2011, https://fm-digital-assets.fieldmuseum.org/1213/618/V0349172F.jpg"
Psidium guajava,,,,,,,166.5,None Specified,NA,NA,NA,0,4,None Specified,NA,NA,NA,0,6,Cotyledon,NA,NA,NA,1,4.5,NA,None Specified,NA,NA,NA,0,13.42,SD,NA,NA,4.178755796,5,11,SD,NA,NA,3.014133375,5,39.8,W,SD,NA,NA,11.72,0,"Purbajanti 2016, BCI 2980A, Daws 2005, Aluja 2003, Lazure 2010, Motta-Junior 2002, Castro 2011, https://fm-digital-assets.fieldmuseum.org/1213/618/V0349172F.jpg"
Psidium guajava,,,,,,,NA,,NA,NA,NA,NA,NA,,NA,NA,NA,NA,NA,,NA,NA,NA,NA,3.3,NA,None Specified,NA,NA,NA,0,NA,,NA,NA,NA,NA,NA,,NA,NA,NA,NA,45.1,W,None Specified,NA,NA,NA,0,"Purbajanti 2016, BCI 2980A, Daws 2005, Aluja 2003, Lazure 2010, Motta-Junior 2002, Castro 2011, https://fm-digital-assets.fieldmuseum.org/1213/618/V0349172F.jpg"
Psidium guajava,,,,,,,NA,,NA,NA,NA,NA,NA,,NA,NA,NA,NA,NA,,NA,NA,NA,NA,0.008,D,None Specified,NA,NA,NA,10,NA,,NA,NA,NA,NA,NA,,NA,NA,NA,NA,NA,,,NA,NA,NA,NA,"Purbajanti 2016, BCI 2980A, Daws 2005, Aluja 2003, Lazure 2010, Motta-Junior 2002, Castro 2011, https://fm-digital-assets.fieldmuseum.org/1213/618/V0349172F.jpg"
Psidium guajava,,,,,,,NA,,NA,NA,NA,NA,NA,,NA,NA,NA,NA,NA,,NA,NA,NA,NA,4,NA,None Specified,NA,NA,NA,0,NA,,NA,NA,NA,NA,NA,,NA,NA,NA,NA,NA,,,NA,NA,NA,NA,"Purbajanti 2016, BCI 2980A, Daws 2005, Aluja 2003, Lazure 2010, Motta-Junior 2002, Castro 2011, https://fm-digital-assets.fieldmuseum.org/1213/618/V0349172F.jpg"
Psidium guajava,,,,,,,NA,,NA,NA,NA,NA,NA,,NA,NA,NA,NA,NA,,NA,NA,NA,NA,3.9,NA,None Specified,NA,NA,NA,0,NA,,NA,NA,NA,NA,NA,,NA,NA,NA,NA,NA,,,NA,NA,NA,NA,"Purbajanti 2016, BCI 2980A, Daws 2005, Aluja 2003, Lazure 2010, Motta-Junior 2002, Castro 2011, https://fm-digital-assets.fieldmuseum.org/1213/618/V0349172F.jpg"
Psidium guajava,,,,,,,NA,,NA,NA,NA,NA,NA,,NA,NA,NA,NA,NA,,NA,NA,NA,NA,3.95,NA,None Specified,NA,NA,NA,0,NA,,NA,NA,NA,NA,NA,,NA,NA,NA,NA,NA,,,NA,NA,NA,NA,"Purbajanti 2016, BCI 2980A, Daws 2005, Aluja 2003, Lazure 2010, Motta-Junior 2002, Castro 2011, https://fm-digital-assets.fieldmuseum.org/1213/618/V0349172F.jpg"
Psidium guajava,,,,,,,NA,,NA,NA,NA,NA,NA,,NA,NA,NA,NA,NA,,NA,NA,NA,NA,4.35,NA,None Specified,NA,NA,NA,0,NA,,NA,NA,NA,NA,NA,,NA,NA,NA,NA,NA,,,NA,NA,NA,NA,"Purbajanti 2016, BCI 2980A, Daws 2005, Aluja 2003, Lazure 2010, Motta-Junior 2002, Castro 2011, https://fm-digital-assets.fieldmuseum.org/1213/618/V0349172F.jpg"
Psidium guajava,,,,,,,NA,,NA,NA,NA,NA,NA,,NA,NA,NA,NA,NA,,NA,NA,NA,NA,3.83,NA,None Specified,NA,NA,NA,0,NA,,NA,NA,NA,NA,NA,,NA,NA,NA,NA,NA,,,NA,NA,NA,NA,"Purbajanti 2016, BCI 2980A, Daws 2005, Aluja 2003, Lazure 2010, Motta-Junior 2002, Castro 2011, https://fm-digital-assets.fieldmuseum.org/1213/618/V0349172F.jpg"
Psidium guajava,,,,,,,NA,,NA,NA,NA,NA,NA,,NA,NA,NA,NA,NA,,NA,NA,NA,NA,3.8,NA,None Specified,NA,NA,NA,0,NA,,NA,NA,NA,NA,NA,,NA,NA,NA,NA,NA,,,NA,NA,NA,NA,"Purbajanti 2016, BCI 2980A, Daws 2005, Aluja 2003, Lazure 2010, Motta-Junior 2002, Castro 2011, https://fm-digital-assets.fieldmuseum.org/1213/618/V0349172F.jpg"
Psidium guajava,,,,,,,NA,,NA,NA,NA,NA,NA,,NA,NA,NA,NA,NA,,NA,NA,NA,NA,4.23,NA,None Specified,NA,NA,NA,0,NA,,NA,NA,NA,NA,NA,,NA,NA,NA,NA,NA,,,NA,NA,NA,NA,"Purbajanti 2016, BCI 2980A, Daws 2005, Aluja 2003, Lazure 2010, Motta-Junior 2002, Castro 2011, https://fm-digital-assets.fieldmuseum.org/1213/618/V0349172F.jpg"
Psidium guineensis,Psidium guineense,Myrtaceae,N,Yellow/Orange,F,I,NA,,NA,NA,NA,NA,NA,,NA,NA,NA,NA,NA,,NA,NA,NA,NA,NA,,,NA,NA,NA,NA,NA,,NA,NA,NA,NA,NA,,NA,NA,NA,NA,NA,,,NA,NA,NA,NA,
Psidium nutans,"Guajava nutans, Psidium campicola, Psidium mattogrossense, Psidium popenoei, Psidium verrucosum",Myrtaceae,N,Yellow,F,I,50,None Specified,NA,NA,NA,0,NA,,NA,NA,NA,NA,NA,,NA,NA,NA,NA,NA,,,NA,NA,NA,NA,30.1,Unknown +/-,NA,NA,5.2,30,26.4,Unknown +/-,NA,NA,4.4,30,13,W,Unknown +/-,NA,NA,4.6,30,"Donatti 2007, Landrum 2017"
Psychotria capitata,"Cephaelis peruviana, Psychotria chlorotica",Rubiaceae,N,NA,F,I,NA,,NA,NA,NA,NA,2,None Specified,NA,NA,NA,23,NA,,NA,NA,NA,NA,NA,,,NA,NA,NA,NA,NA,,NA,NA,NA,NA,NA,,NA,NA,NA,NA,NA,,,NA,NA,NA,NA,Lessa 2013
Psychotria carthagenesis,,Rubiaceae,N,Red,F,I,2,Unknown +/-,NA,NA,0.1,100,4.2,Unknown +/-,NA,NA,0.3,100,3.5,Unknown +/-,NA,NA,0.2,100,NA,D,Range,0.004761905,0.036842105,NA,100,5.7,Unknown +/-,NA,NA,0.6,160,5.7,Unknown +/-,NA,NA,0.4,160,0.16,D,Unknown +/-,NA,NA,0.04,160,"Stevenson 2023, Maruyama 2019, Donatti 2007"
Psychotria carthagenesis,,,,,,,2,None Specified,NA,NA,NA,5,4.5,None Specified,NA,NA,NA,5,4,None Specified,NA,NA,NA,5,NA,,,NA,NA,NA,NA,5.9,Unknown +/-,NA,NA,0.5,30,5.8,Unknown +/-,NA,NA,0.5,30,0.1,W,Unknown +/-,NA,NA,0.03,30,"Stevenson 2023, Maruyama 2019, Donatti 2007"
Psychotria carthagenesis,,,,,,,NA,,NA,NA,NA,NA,NA,,NA,NA,NA,NA,NA,,NA,NA,NA,NA,NA,,,NA,NA,NA,NA,7.5,None Specified,NA,NA,NA,5,7.5,None Specified,NA,NA,NA,5,NA,,,NA,NA,NA,NA,"Stevenson 2023, Maruyama 2019, Donatti 2007"
Psychotria hoffmannseggiana,"Carapichea patrisii, Cephaelis dichotoma, Cephaelis hoffmannseggiana, Cephaelis microcephala, Cephaelis patrisii, Cephaelis rubra, Palicourea furcata, Palicourea hoffmannseggiana, Psychotria barbiflora, Psychotria biattenuata, Psychotria erythrophylla, Psychotria flavicans, Psychotria furcata, Psychotria microcephala, Psychotria rubra, Psychotria tenuiramea, Psychotria villosa, Uragoga carapichea",Rubiaceae,N,Black/Purple,F,I,NA,,NA,NA,NA,NA,4,None Specified,NA,NA,NA,4,NA,,NA,NA,NA,NA,NA,,,NA,NA,NA,NA,NA,,NA,NA,NA,NA,NA,,NA,NA,NA,NA,NA,,,NA,NA,NA,NA,Lessa 2013
Psychotria kappleri,Eumachia kappleri,Rubiaceae,N,Red,F,I,NA,,NA,NA,NA,NA,NA,,NA,NA,NA,NA,NA,,NA,NA,NA,NA,NA,,,NA,NA,NA,NA,6.75,SD,NA,NA,0.494974747,2,4.8,SD,NA,NA,0.989949494,2,NA,,,NA,NA,NA,NA,https://www.tropicos.org/image/100154848
Psychotria mapourioides,"Mapouria chionantha, Mapouria guianensis, Mapouria langsdorffiana, Mapouria opaca, Palicourea chionantha, Psychotria chionantha, Psychotria floribunda, Psychotria luschnathii, Psychotria nitida, Psychotria tobagensis, Psychotria trinitensis, Psychotria yobagoensis",Rubiaceae,N,Yellow/Red,F,I,2,None Specified,NA,NA,NA,12.5,3,None Specified,NA,NA,NA,12.5,2,None Specified,NA,NA,NA,12.5,NA,,,NA,NA,NA,NA,6,None Specified,NA,NA,NA,12.5,5,None Specified,NA,NA,NA,12.5,0.1,W,None Specified,NA,NA,NA,12.5,"Galetti 2011, Pizo 2002"
Psychotria mapourioides,,,,,,,NA,,NA,NA,NA,NA,NA,,NA,NA,NA,NA,NA,,NA,NA,NA,NA,NA,,,NA,NA,NA,NA,5,None Specified,NA,NA,NA,10,NA,,NA,NA,NA,NA,NA,,,NA,NA,NA,NA,"Galetti 2011, Pizo 2002"
Psychotria poeppigiana,Palicourea tomentosa,Rubiaceae,N,Red/Purple,F,I,NA,,NA,NA,NA,NA,NA,,NA,NA,NA,NA,NA,,NA,NA,NA,NA,NA,,,NA,NA,NA,NA,NA,Range,20,30,NA,13,NA,Range,15,20,NA,13,NA,,,NA,NA,NA,NA,Schnittler 2002
Psychotria suterella,"Psychotria suterela, Uragoga suterella, Psychotria estrellana, Suteria parviflora, Uragoga estrellana",Rubiaceae,N,Purple,F,I,2,None Specified,NA,NA,NA,12.5,4,None Specified,NA,NA,NA,12.5,3,None Specified,NA,NA,NA,12.5,NA,,,NA,NA,NA,NA,13,None Specified,NA,NA,NA,12.5,11,None Specified,NA,NA,NA,12.5,0.8,W,None Specified,NA,NA,NA,12.5,"Galetti 2011, Pizo 2002, Santos 2021, Bieber 2013, Manhães 2010"
Psychotria suterella,,,,,,,2,None Specified,NA,NA,NA,8,4.05,SD,NA,NA,0.070710678,2,2.2,SD,NA,NA,0.141421356,2,NA,,,NA,NA,NA,NA,9.7,None Specified,NA,NA,NA,10,NA,,NA,NA,NA,NA,NA,,,NA,NA,NA,NA,"Galetti 2011, Pizo 2002, Santos 2021, Bieber 2013, Manhães 2010"
Psychotria suterella,,,,,,,NA,,NA,NA,NA,NA,4.85,SD,NA,NA,0.45,10,2.35,SD,NA,NA,0.12,10,NA,,,NA,NA,NA,NA,NA,,NA,NA,NA,NA,NA,,NA,NA,NA,NA,NA,,,NA,NA,NA,NA,"Galetti 2011, Pizo 2002, Santos 2021, Bieber 2013, Manhães 2010"
Psychotria suterella,,,,,,,NA,,NA,NA,NA,NA,3.1,None Specified,NA,NA,NA,1,2.4,None Specified,NA,NA,NA,1,NA,,,NA,NA,NA,NA,NA,,NA,NA,NA,NA,NA,,NA,NA,NA,NA,NA,,,NA,NA,NA,NA,"Galetti 2011, Pizo 2002, Santos 2021, Bieber 2013, Manhães 2010"
Quercus humboldtii        ,"Erythrobalanus humboldtii, Erythrobalanus lindenii , Erythrobalanus tolimensis, Quercus almaguerensis, Quercus boyacensis, Quercus colombiana, Quercus lindenii, Quercus tolimensis",Fagaceae,N,Brown,D,I,NA,,NA,NA,NA,NA,14.35,SD,NA,NA,3.606244584,2,14.7,None Specified,NA,NA,NA,1,NA,,,NA,NA,NA,NA,22.6,None Specified,NA,NA,NA,1,16.1,None Specified,NA,NA,NA,1,NA,,,NA,NA,NA,NA,https://powo.science.kew.org/taxon/urn:lsid:ipni.org:names:296268-1/images (K000575037)
Quiina obovata,"Quiina albiflora, Quiina decaisneana, Quiina oblanceolata",Quiinaceae,N,Orange,F,I,NA,,NA,NA,NA,NA,NA,,NA,NA,NA,NA,NA,,NA,NA,NA,NA,NA,,,NA,NA,NA,NA,NA,,NA,NA,NA,NA,NA,,NA,NA,NA,NA,NA,,,NA,NA,NA,NA,
Randia hondensis ,,Rubiaceae,N,Yellow,F,I,45,None Specified,NA,NA,NA,5,10,None Specified,NA,NA,NA,5,8.9,None Specified,NA,NA,NA,5,NA,,,NA,NA,NA,NA,30,None Specified,NA,NA,NA,5,21.93333333,SD,NA,NA,2.122105872,3,NA,,,NA,NA,NA,NA,"Stevenson 2023, https://powo.science.kew.org/taxon/urn:lsid:ipni.org:names:764152-1/images (K001438988)"
Randia hondensis ,,,,,,,NA,,NA,NA,NA,NA,NA,,NA,NA,NA,NA,NA,,NA,NA,NA,NA,NA,,,NA,NA,NA,NA,NA,,NA,NA,NA,NA,23.5,None Specified,NA,NA,NA,5,NA,,,NA,NA,NA,NA,"Stevenson 2023, https://powo.science.kew.org/taxon/urn:lsid:ipni.org:names:764152-1/images (K001438988)"
Rauvolfia paraensis,,Apocynaceae,N,Yellow,F,I,2,None Specified,NA,NA,NA,0,34.3,None Specified,NA,NA,NA,1,16,None Specified,NA,NA,NA,1,NA,,,NA,NA,NA,NA,43.8,None Specified,NA,NA,NA,1,34.6,None Specified,NA,NA,NA,1,NA,,,NA,NA,NA,NA,Rao 1956
Rauvolfia sellowii,Aspidosperma spegazinii ,Apocynaceae,N,Black,F,I,NA,,NA,NA,NA,NA,8.8,None Specified,NA,NA,NA,1,3.7,None Specified,NA,NA,NA,1,NA,,,NA,NA,NA,NA,10.7,SD,NA,NA,0.141421356,2,6.3,SD,NA,NA,0.282842713,2,NA,,,NA,NA,NA,NA,Simões 2002
Restos vegetais,,,,,,,NA,,NA,NA,NA,NA,NA,,NA,NA,NA,NA,NA,,NA,NA,NA,NA,NA,,,NA,NA,NA,NA,NA,,NA,NA,NA,NA,NA,,NA,NA,NA,NA,NA,,,NA,NA,NA,NA,
Rheedia macrophylla,"Garcinia macrophylla, Rheedia benthamiantha, Rheedia magnifolia, Rheedia sagotiana",Clusiaceae,N,Yellow,F,I,2.7,None Specified,NA,NA,NA,6,27.5,None Specified,NA,NA,NA,0,12,None Specified,NA,NA,NA,6,4.73385417,D,None Specified,NA,NA,NA,6,65,None Specified,NA,NA,NA,0,69.94,SD,NA,NA,4.270924958,2,22.5769444,D,None Specified,NA,NA,NA,6,"Stevenson 2023, Stevenson 2007, Stevenson 2002, https://books.google.com/books?hl=en&lr=&id=RdWR42f-RTEC&oi=fnd&pg=PR1&dq=%22Rheedia+macrophylla%22+AND+fruits&ots=u8BBrZLh6r&sig=cpnnhsyLIENXOESavnBwutJjikg#v=onepage&q=%22Rheedia%20macrophylla%22%20AND%20fruits&f=false"
Rheedia macrophylla,,,,,,,3.34537037,None Specified,NA,NA,NA,0,48,None Specified,NA,NA,NA,1,14.15,None Specified,NA,NA,NA,0,NA,,,NA,NA,NA,NA,89.52,SD,NA,NA,1.71119841,2,NA,,NA,NA,NA,NA,NA,,,NA,NA,NA,NA,"Stevenson 2023, Stevenson 2007, Stevenson 2002, https://books.google.com/books?hl=en&lr=&id=RdWR42f-RTEC&oi=fnd&pg=PR1&dq=%22Rheedia+macrophylla%22+AND+fruits&ots=u8BBrZLh6r&sig=cpnnhsyLIENXOESavnBwutJjikg#v=onepage&q=%22Rheedia%20macrophylla%22%20AND%20fruits&f=false"
Rheedia macrophylla,,,,,,,4,None Specified,NA,NA,NA,0,NA,Range,25,30,NA,0,11,None Specified,NA,NA,NA,6,5.956875,W,None Specified,NA,NA,NA,6,NA,Range,50,80,NA,0,50,None Specified,NA,NA,NA,0,70.7905556,W,None Specified,NA,NA,NA,6,"Stevenson 2023, Stevenson 2007, Stevenson 2002, https://books.google.com/books?hl=en&lr=&id=RdWR42f-RTEC&oi=fnd&pg=PR1&dq=%22Rheedia+macrophylla%22+AND+fruits&ots=u8BBrZLh6r&sig=cpnnhsyLIENXOESavnBwutJjikg#v=onepage&q=%22Rheedia%20macrophylla%22%20AND%20fruits&f=false"
Rheedia macrophylla,,,,,,,NA,,NA,NA,NA,0,NA,,NA,NA,NA,NA,18,None Specified,NA,NA,NA,1,NA,,,NA,NA,NA,NA,NA,,NA,NA,NA,NA,NA,,NA,NA,NA,NA,NA,,,NA,NA,NA,NA,"Stevenson 2023, Stevenson 2007, Stevenson 2002, https://books.google.com/books?hl=en&lr=&id=RdWR42f-RTEC&oi=fnd&pg=PR1&dq=%22Rheedia+macrophylla%22+AND+fruits&ots=u8BBrZLh6r&sig=cpnnhsyLIENXOESavnBwutJjikg#v=onepage&q=%22Rheedia%20macrophylla%22%20AND%20fruits&f=false"
Rhodostemonodaphne grandis,"Endlicheria grandis, Nectandra grandis, Nectandra praeclara",Lauraceae,N,Black,F,I,NA,,NA,NA,NA,NA,NA,,NA,NA,NA,NA,NA,,NA,NA,NA,NA,NA,,,NA,NA,NA,NA,NA,,NA,NA,NA,NA,NA,,NA,NA,NA,NA,NA,,,NA,NA,NA,NA,
Rhodostemonodaphne synandra,,Lauraceae,N,Black,F,I,1,None Specified,NA,NA,NA,5,32,None Specified,NA,NA,NA,5,11.5,None Specified,NA,NA,NA,5,NA,,,NA,NA,NA,NA,32,None Specified,NA,NA,NA,5,17,None Specified,NA,NA,NA,5,2.85,D,None Specified,NA,NA,NA,5,Stevenson 2023
Rhynchospora pubera,Dichromena pubera,Cyperaceae,N,Orange,D,I,NA,,NA,NA,NA,NA,NA,,NA,NA,NA,NA,NA,,NA,NA,NA,NA,NA,,,NA,NA,NA,NA,NA,,NA,NA,NA,NA,NA,,NA,NA,NA,NA,NA,,,NA,NA,NA,NA,
Rollinia dolichopetala,Annona dolichopetala,Annonaceae,N,Yellow/Green,F,I,NA,,NA,NA,NA,NA,4.6684,SD,NA,NA,1.211780838,5,3.7488,SD,NA,NA,0.784315434,5,NA,,,NA,NA,NA,NA,23.85,SD,NA,NA,0.636396103,2,21.25,SD,NA,NA,0.494974747,2,NA,,,NA,NA,NA,NA,https://fm-digital-assets.fieldmuseum.org/187/863/ANNO_roll_doli_ecu_2097731.jpg
Rollinia edulis,,Annonaceae,N,Green,F,I,NA,,NA,NA,NA,NA,7.39,None Specified,NA,NA,NA,0,7,None Specified,NA,NA,NA,6,0.2215,D,None Specified,NA,NA,NA,0,NA,Range,29,31,NA,0,NA,,NA,NA,NA,NA,12.2,D,None Specified,NA,NA,NA,6,"Obregón 2007, Link 2004, Stevenson 2002, Sánchez 2013, Stevenson 2023"
Rollinia edulis,,,,,,,17.5,None Specified,NA,NA,NA,6,5.6,None Specified,NA,NA,NA,30,3.6,None Specified,NA,NA,NA,30,0.31642857,W,None Specified,NA,NA,NA,0,50,None Specified,NA,NA,NA,0,NA,Range,20.3,22.3,NA,0,49.5,W,None Specified,NA,NA,NA,6,"Obregón 2007, Link 2004, Stevenson 2002, Sánchez 2013, Stevenson 2023"
Rollinia edulis,,,,,,,NA,,NA,NA,NA,NA,16.5,None Specified,NA,NA,NA,0,7.275,None Specified,NA,NA,NA,0,0.37,NA,None Specified,NA,NA,NA,0,NA,,NA,NA,NA,NA,NA,,NA,NA,NA,NA,NA,NA,Range,19.4,20.1,NA,0,"Obregón 2007, Link 2004, Stevenson 2002, Sánchez 2013, Stevenson 2023"
Rollinia edulis,,,,,,,NA,,NA,NA,NA,NA,NA,,NA,NA,NA,NA,4.49,None Specified,NA,NA,NA,0,0.02,D,None Specified,NA,NA,NA,30,NA,,NA,NA,NA,NA,NA,,NA,NA,NA,NA,NA,,,NA,NA,NA,NA,"Obregón 2007, Link 2004, Stevenson 2002, Sánchez 2013, Stevenson 2023"
Rollinia mucosa ,Annona mucosa,Annonaceae,N,Yellow,F,I,NA,Range,70,114,NA,0,10,None Specified,NA,NA,NA,0,5,None Specified,NA,NA,NA,0,NA,,,NA,NA,NA,NA,NA,Range,100,200,NA,0,NA,Range,70,200,NA,0,NA,NA,Range,300,1700,NA,0,"Guimarães 2008, Araujo 2021"
Rollinia mucosa ,,,,,,,NA,,NA,NA,NA,NA,NA,,NA,NA,NA,NA,NA,,NA,NA,NA,NA,NA,,,NA,NA,NA,NA,NA,Range,100,150,NA,0,NA,Range,50,80,NA,0,NA,NA,Range,200,1000,NA,0,
Rollinia sericea,"Annona dolabripetala, Annona neosericea, Rollinia dolabripetala",Annonaceae,N,Yellow,F,I,NA,,NA,NA,NA,NA,8,None Specified,NA,NA,NA,12.5,5,None Specified,NA,NA,NA,12.5,NA,W,None Specified,NA,NA,NA,12,34,None Specified,NA,NA,NA,12.5,33,None Specified,NA,NA,NA,12.5,20,W,None Specified,NA,NA,NA,12.5,Galetti 2011
Roucheria columbiana,"Hebepetalum punctatum, Roucheria punctata",Linaceae,N,Green,F,I,NA,,NA,NA,NA,NA,4.96,SD,NA,NA,0.41,50,NA,,NA,NA,NA,NA,NA,,,NA,NA,NA,NA,12.43,SD,NA,NA,0.67,50,NA,,NA,NA,NA,NA,0.379,W,SD,NA,NA,0.046,50,"Parrado-Rossellini 2002, Costa 2023"
Roucheria columbiana,,,,,,,NA,,NA,NA,NA,NA,7.78,None Specified,NA,NA,NA,1,NA,,NA,NA,NA,NA,NA,,,NA,NA,NA,NA,NA,,NA,NA,NA,NA,NA,,NA,NA,NA,NA,NA,,,NA,NA,NA,NA,
Roucheria schomburgkii,Hebepetalum schomburgkii,Linaceae,N,Yellow/Red,F,I,1,None Specified,NA,NA,NA,0,NA,,NA,NA,NA,NA,NA,,NA,NA,NA,NA,NA,,,NA,NA,NA,NA,NA,,NA,NA,NA,NA,NA,,NA,NA,NA,NA,NA,,,NA,NA,NA,NA,Jardim 1999
Ruizodendron ovale ,,Annonaceae,N,Black,F,I,NA,,NA,NA,NA,NA,13,None Specified,NA,NA,NA,5,11.85,None Specified,NA,NA,NA,5,1.1375,W,None Specified,NA,NA,NA,5,NA,Range,15,20,NA,0,17.25,None Specified,NA,NA,NA,5,0.9775,D,None Specified,NA,NA,NA,5,"Stevenson 2023, Erkens 2017, Terborgh 2011"
Ruizodendron ovale ,,,,,,,1,None Specified,NA,NA,NA,5,NA,Range,14,22,NA,0,NA,Range,9,13,NA,0,0.79,D,None Specified,NA,NA,NA,0,18,None Specified,NA,NA,NA,5,NA,Range,10,16,NA,0,2.505,W,None Specified,NA,NA,NA,5,"Stevenson 2023, Erkens 2017, Terborgh 2011"
Ruizodendron ovale ,,,,,,,NA,,NA,NA,NA,NA,NA,,NA,NA,NA,NA,NA,,NA,NA,NA,NA,0.6875,D,None Specified,NA,NA,NA,5,NA,,NA,NA,NA,NA,NA,,NA,NA,NA,NA,NA,,,NA,NA,NA,NA,"Stevenson 2023, Erkens 2017, Terborgh 2011"
Sacoglottis cydonioides,,Humiriaceae,N,Red,F,I,NA,,NA,NA,NA,NA,NA,,NA,NA,NA,NA,NA,,NA,NA,NA,NA,NA,,,NA,NA,NA,NA,12.1,None Specified,NA,NA,NA,1,10.7,None Specified,NA,NA,NA,1,NA,,,NA,NA,NA,NA,https://collections-botany.fieldmuseum.org/catalogue/2986823
Salacia cordata,"Thermophila cordata, Salacia acreana",Celastraceae,N,Brown,F,D,NA,Range,3,4,NA,0,40,None Specified,NA,NA,NA,0,25,None Specified,NA,NA,NA,0,NA,,,NA,NA,NA,NA,57.359,SD,NA,NA,6.670775967,3,43.76033333,SD,NA,NA,6.112462215,3,NA,,,NA,NA,NA,NA,"Smith 1940 (Salacia), https://collections-botany.fieldmuseum.org/catalogue/2985476"
Salacia elliptica,"Anthodon ellipticum, Raddia elliptica, Tonsella elliptica, Tontelea elliptica, Anthodon glomeratum, Pyramidostylium parviflorum, Raddia fasciculata, Raddia firmifolia, Raddia glomerata, Raddia lacunosa, Raddia oblongifolia, Salacia affinis, Salacia amygdalina, ",Celastraceae,N,Orange,F,D,2,None Specified,NA,NA,NA,12.5,NA,,NA,NA,NA,NA,NA,,NA,NA,NA,NA,NA,,,NA,NA,NA,NA,38,None Specified,NA,NA,NA,12.5,35,None Specified,NA,NA,NA,12.5,26,W,None Specified,NA,NA,NA,12.5,"Galetti 2011, Donatti 2007"
Salacia elliptica,,,,,,,2,None Specified,NA,NA,NA,12.5,NA,,NA,NA,NA,NA,NA,,NA,NA,NA,NA,NA,,,NA,NA,NA,NA,53.2,Unknown +/-,NA,NA,7.3,30,46,Unknown +/-,NA,NA,5,30,66.1,W,Unknown +/-,NA,NA,21.2,30,"Galetti 2011, Donatti 2007"
Sapium stylare,"Excoecaria stylaris,Sapium cuatrecasasii, Sapium myrmecophilum,Sapium putumayense,Sapium solisii,Sapium thomsonii, Sapium tolimense, ",Euphorbiaceae,N,,D,D,3,None Specified,NA,NA,NA,0,NA,Range,7,8,NA,0,5,None Specified,NA,NA,NA,0,NA,,,NA,NA,NA,NA,NA,,NA,NA,NA,NA,10.89075,SD,NA,NA,1.405658653,4,NA,,,NA,NA,NA,NA,"Ramírez et al. 2013, Croizat 1943"
Sarcaulus brasiliensis ,,Sapotaceae,N,Yellow/Orange,F,I,1,None Specified,NA,NA,NA,6,NA,Range,15,20,NA,0,10,None Specified,NA,NA,NA,6,0.792,W,None Specified,NA,NA,NA,5,22.5,None Specified,NA,NA,NA,0,20,None Specified,NA,NA,NA,5,1.41,D,None Specified,NA,NA,NA,6,"Stevenson 2023, Link 2004, Stevenson 2002, Norford Under Review, Echeverry unpublished"
Sarcaulus brasiliensis ,,,,,,,NA,,NA,NA,NA,NA,17.5,None Specified,NA,NA,NA,7.5,9.8,None Specified,NA,NA,NA,7.5,0.597931035,NA,None Specified,NA,NA,NA,0,NA,Range,20,25,NA,0,NA,,NA,NA,NA,NA,3.194,W,None Specified,NA,NA,NA,6,"Stevenson 2023, Link 2004, Stevenson 2002, Norford Under Review, Echeverry unpublished"
Sarcaulus brasiliensis ,,,,,,,NA,,NA,NA,NA,NA,NA,,NA,NA,NA,NA,NA,,NA,NA,NA,NA,0.598,D,None Specified,NA,NA,NA,5,23,None Specified,NA,NA,NA,5,NA,,NA,NA,NA,NA,NA,,,NA,NA,NA,NA,"Stevenson 2023, Link 2004, Stevenson 2002, Norford Under Review, Echeverry unpublished"
Saurauia brachybotrys,"Saurauia goudotiana, Saurauia peduncularis",Actinidiaceae,N,NA,F,I,152,None Specified,NA,NA,NA,0,NA,,NA,NA,NA,NA,NA,,NA,NA,NA,NA,NA,,,NA,NA,NA,NA,9.65,SD,NA,NA,0.741619849,4,8.825,SD,NA,NA,0.838152731,4,NA,,,NA,NA,NA,NA,"Ramírez et al. 2013, https://fm-digital-assets.fieldmuseum.org/882/568/V0275957F.jpg"
Scheelea attaleoides,,Arecaceae,,,F,I,NA,,NA,NA,NA,NA,NA,,NA,NA,NA,NA,NA,,NA,NA,NA,NA,NA,,,NA,NA,NA,NA,NA,,NA,NA,NA,NA,NA,,NA,NA,NA,NA,NA,,,NA,NA,NA,NA,
Scheelea zonensis,Attalea butyracea,Arecaceae,N,Yellow,F,I,NA,Range,1,3,NA,0,45,None Specified,NA,NA,NA,0,23,None Specified,NA,NA,NA,0,13,W,None Specified,NA,NA,NA,0,60,None Specified,NA,NA,NA,0,30,None Specified,NA,NA,NA,0,NA,,,NA,NA,NA,NA,"Howard 2001, Gompper 1996, Gálvez 2011"
Schefflera decaphylla,Didymopanax decaphyllus,Araliaceae,N,NA,F,I,NA,,NA,NA,NA,NA,NA,,NA,NA,NA,NA,NA,,NA,NA,NA,NA,NA,,,NA,NA,NA,NA,10.30357143,SD,NA,NA,0.842607128,26,9.533333333,SD,NA,NA,0.949088632,26,NA,,,NA,NA,NA,NA,https://fm-digital-assets.fieldmuseum.org/974/152/ARAL_sche_deca_1814459.jpg
Schefflera paraensis,Didymopanax decaphyllus,Araliaceae,N,Purple,F,I,NA,,NA,NA,NA,NA,9,SE,NA,NA,0.1,15,5.4,SE,NA,NA,0.1,15,NA,,,NA,NA,NA,NA,14,None Specified,NA,NA,NA,0,14,None Specified,NA,NA,NA,0,NA,,,NA,NA,NA,NA,"Erard 1989, Feer 1999"
Schinus terebinthifolius,,Anacardiaceae,N,Red,F,I,NA,Range,3,5,NA,0,3.6,SE,NA,NA,0.1,11.5,NA,,NA,NA,NA,NA,5.9,W,None Specified,NA,NA,NA,12,4.7,SE,NA,NA,0.2,11.6,3.791752577,SD,NA,NA,0.625278289,96,33,W,SE,NA,NA,5,11.5,"Mandon-Dalger 2004, Shiels 2011, https://fm-digital-assets.fieldmuseum.org/715/129/V0204864F.jpg"
Schinus terebinthifolius,,,,,,,1,None Specified,NA,NA,NA,11.5,NA,,NA,NA,NA,NA,NA,,NA,NA,NA,NA,NA,,,NA,NA,NA,NA,NA,,NA,NA,NA,NA,NA,,NA,NA,NA,NA,NA,,,NA,NA,NA,NA,"Mandon-Dalger 2004, Shiels 2011, https://fm-digital-assets.fieldmuseum.org/715/129/V0204864F.jpg"
Schlegelia ramizii,Schlegelia parviflora,Schlegeliaceae,N,Red,F,I,45,None Specified,NA,NA,NA,12.5,2.8,None Specified,NA,NA,NA,10,1.1,None Specified,NA,NA,NA,10,0.0015,NA,None Specified,NA,NA,NA,10,9,None Specified,NA,NA,NA,12.5,8,None Specified,NA,NA,NA,12.5,0.3,W,None Specified,NA,NA,NA,12.5,"Pizo 2005, Galetti 2011"
Schlegelia ramizii,,,,,,,NA,,NA,NA,NA,NA,3,None Specified,NA,NA,NA,12.5,1,None Specified,NA,NA,NA,12.5,NA,,,NA,NA,NA,NA,NA,,NA,NA,NA,NA,NA,,NA,NA,NA,NA,NA,,,NA,NA,NA,NA,"Pizo 2005, Galetti 2011"
Scleria melaleuca,Scleria gaertneri,Cyperaceae,N,Red/Purple/ White,D,I,NA,,NA,NA,NA,NA,1.8,None Specified,NA,NA,NA,1,1.795,None Specified,NA,NA,NA,1,0.0068368,NA,None Specified,NA,NA,NA,0,2.066666667,SD,NA,NA,0.081649658,6,1.9,SD,NA,NA,0.154919334,6,NA,,,NA,NA,NA,NA,"Simpson 2006, Díaz 2021, https://ser-sid.org/species/9e6b27e3-69dd-403b-a2e3-441296b76c1a"
Scleria melaleuca,,,,,,,NA,,NA,NA,NA,NA,NA,,NA,NA,NA,NA,NA,,NA,NA,NA,NA,0.0087548,NA,None Specified,NA,NA,NA,0,2.5,None Specified,NA,NA,NA,0,2,None Specified,NA,NA,NA,0,NA,,,NA,NA,NA,NA,"Simpson 2006, Díaz 2021, https://ser-sid.org/species/9e6b27e3-69dd-403b-a2e3-441296b76c1a"
Senna macranthera,Cassia macranthera,Fabaceae,N,Black/Purple,D,D,NA,,NA,NA,NA,NA,NA,,NA,NA,NA,NA,NA,,NA,NA,NA,NA,0.052,W,Unknown +/-,NA,NA,0.003,10,NA,Range,230,400,NA,0,NA,Range,7,10,NA,0,1.154545455,D,None Specified,NA,NA,1.598976946,11,"Souza 2001, Pikart 2010, Aquila 2012, Paula 2012, Oliveira 2021"
Senna macranthera,,,,,,,NA,,NA,NA,NA,NA,NA,Range,5,6,NA,0,NA,Range,4,5,NA,0,0.03088,NA,SE,NA,NA,0.00131,40,215.9,SD,NA,NA,123.6944713,10,6.785,SD,NA,NA,3.634407334,10,8.2,W,SD,NA,NA,11.89584428,10,"Souza 2001, Pikart 2010, Aquila 2012, Paula 2012, Oliveira 2021"
Senna macranthera,,,,,,,NA,,NA,NA,NA,NA,NA,,NA,NA,NA,NA,NA,,NA,NA,NA,NA,0.041,NA,None Specified,NA,NA,NA,0,NA,,NA,NA,NA,NA,NA,,NA,NA,NA,NA,NA,,,NA,NA,NA,NA,"Souza 2001, Pikart 2010, Aquila 2012, Paula 2012, Oliveira 2021"
Sesbania rostrata,Sesbania hirticalyx,Fabaceae,Y,NA,D,D,NA,Range,13,51,NA,0,NA,Range,3,3.5,NA,0,NA,Range,2.5,3,NA,0,0.01,D,None Specified,NA,NA,NA,0,NA,Range,150,220,NA,0,NA,Range,3.5,5,NA,0,NA,,,NA,NA,NA,NA,"Lewis 1998, Kattge 2011"
Setaria geniculata,"Cenchrus parviflorus, Chaetochloa corrugata, Chaetochloa flava, Chaetochloa geniculata, Chaetochloa geniculata, Chaetochloa gracilis, Chaetochloa imberbis, Chaetochloa laevigata, Chaetochloa occidentalis, Chaetochloa penicillata, Chaetochloa perennis, Chaetochloa purpurascens, Chaetochloa ventenatii, Chaetochloa versicolor, Chaetochloa viridis, Chamaeraphis glauca, Chamaeraphis imberbis, Chamaeraphis penicillata, Chamaeraphis ventenatii. Echinochloa geniculata, Ixophorus glaucus, Panicum berteronianum, Panicum dasyurum, Panicum flavum, Panicum fuscescens, Panicum geniculatum, Panicum glaberrimum, Panicum glaucum, Panicum imberbe, Panicum imberbe, Panicum laevigatum, Panicum lutescens, Panicum medium , Panicum occidentale, Panicum penicillatum, Panicum tejucense, Panicum ventenatii, Panicum versicolor, Pennisetum geniculatum, Pennisetum laevigatum, Setaria affinis, Setaria berteroniana, Setaria flava, Setaria glauca, Setaria gracilis, Setaria imberbis, Setaria laevigata, Setaria penicillata, Setaria perennis, Setaria purpurascens , Setaria stipaeculmis, Setaria streptobotrys, Setaria tejucensis, Setaria ventenatii",Poaceae,N,Yellow/Green,D,I,1,None Specified,NA,NA,NA,1,2.3,None Specified,NA,NA,NA,1,1.1,None Specified,NA,NA,NA,1,0.000676,W,None Specified,NA,NA,NA,8,2.8,None Specified,NA,NA,NA,1,0.8,None Specified,NA,NA,NA,1,NA,,,NA,NA,NA,NA,"Marco 2018, Rabinowitz 1981"
Setaria geniculata,,,,,,,NA,,NA,NA,NA,NA,NA,,NA,NA,NA,NA,NA,,NA,NA,NA,NA,0.001763,W,SE,NA,NA,2.50E-05,50,NA,,NA,NA,NA,NA,NA,,NA,NA,NA,NA,NA,,,NA,NA,NA,NA,"Marco 2018, Rabinowitz 1981"
Sextonia rubra,"Nectandra rubra, Ocotea rubra",Lauraceae,N,Green,F,I,1,None Specified,NA,NA,NA,0,NA,,NA,NA,NA,NA,NA,,NA,NA,NA,NA,1.2,D,None Specified,NA,NA,NA,40,16.86466667,SD,NA,NA,1.654065396,3,11.63333333,SD,NA,NA,0.210383776,3,NA,,,NA,NA,NA,NA,"Veron 2005, Baraloto 2007, https://collections-botany.fieldmuseum.org/catalogue/294114"
Simarouba amara,,Simaroubaceae,N,Black,F,I,NA,,NA,NA,NA,NA,NA,,NA,NA,NA,NA,NA,,NA,NA,NA,NA,0.105,D,None Specified,NA,NA,NA,10,16.9,None Specified,NA,NA,NA,0,NA,,NA,NA,NA,NA,0.7,D,None Specified,NA,NA,NA,5,"Stevenson 2023, Stevenson 2002, Sánchez 2013, Daws 2005"
Simarouba amara,,,,,,,1,None Specified,NA,NA,NA,5,NA,Range,12,16,NA,0,8.7,None Specified,NA,NA,NA,0,0.36,W,None Specified,NA,NA,NA,5,NA,Range,14,18,NA,0,11.98,None Specified,NA,NA,NA,0,2.11,NA,None Specified,NA,NA,NA,0,"Stevenson 2023, Stevenson 2002, Sánchez 2013, Daws 2005"
Simarouba amara,,,,,,,NA,,NA,NA,NA,NA,14,None Specified,NA,NA,NA,5,7.95,None Specified,NA,NA,NA,5,0.275,D,None Specified,NA,NA,NA,5,17,None Specified,NA,NA,NA,5,10,None Specified,NA,NA,NA,5,1.345,W,None Specified,NA,NA,NA,5,"Stevenson 2023, Stevenson 2002, Sánchez 2013, Daws 2005"
Sloanea guianensis,,Elaeocarpaceae,N,Red,D,D,1,None Specified,NA,NA,NA,12.5,11,None Specified,NA,NA,NA,12.5,6,None Specified,NA,NA,NA,12.5,0.2,W,None Specified,NA,NA,NA,12,12,None Specified,NA,NA,NA,12.5,7,None Specified,NA,NA,NA,12.5,0.3,W,None Specified,NA,NA,NA,12.5,"Stevenson 2023, Galetti 2011, Foster 1985"
Sloanea guianensis,,,,,,,1,None Specified,NA,NA,NA,5,11,None Specified,NA,NA,NA,5,5.65,None Specified,NA,NA,NA,0,0.154,W,None Specified,NA,NA,NA,0,28,None Specified,NA,NA,NA,5,10,None Specified,NA,NA,NA,5,NA,,,NA,NA,NA,NA,"Stevenson 2023, Galetti 2011, Foster 1985"
Sloanea guianensis,,,,,,,NA,,NA,NA,NA,NA,NA,,NA,NA,NA,NA,6,None Specified,NA,NA,NA,5,NA,,,NA,NA,NA,NA,NA,,NA,NA,NA,NA,NA,,NA,NA,NA,NA,NA,,,NA,NA,NA,NA,
Socratea exorrhiza,,Arecaceae,N,Yellow/Green,F,I,1,None Specified,NA,NA,NA,6,30,None Specified,NA,NA,NA,69,17.5,None Specified,NA,NA,NA,69,3.6,NA,SD,NA,NA,0.6,69,NA,Range,30,35,NA,0,22.5,None Specified,NA,NA,NA,5,4.98,D,None Specified,NA,NA,NA,6,"Stevenson 2023, Stevenson 2002, Trujillo 2021, Kissling 2019, Kuprewicz 2013, Paine 2016, Paine 2007"
Socratea exorrhiza,,,,,,,NA,,NA,NA,NA,NA,NA,Range,15,25,NA,0,16.75,None Specified,NA,NA,NA,6,3.44,W,None Specified,NA,NA,NA,30,NA,Range,25,35,NA,0,NA,Range,15,20,NA,0,9.455,W,None Specified,NA,NA,NA,6,"Stevenson 2023, Stevenson 2002, Trujillo 2021, Kissling 2019, Kuprewicz 2013, Paine 2016, Paine 2007"
Socratea exorrhiza,,,,,,,NA,,NA,NA,NA,NA,20,None Specified,NA,NA,NA,5,18,None Specified,NA,NA,NA,6,3.52,D,None Specified,NA,NA,NA,5,33,None Specified,NA,NA,NA,5,NA,,NA,NA,NA,NA,NA,,,NA,NA,NA,NA,"Stevenson 2023, Stevenson 2002, Trujillo 2021, Kissling 2019, Kuprewicz 2013, Paine 2016, Paine 2007"
Socratea exorrhiza,,,,,,,NA,,NA,NA,NA,NA,NA,,NA,NA,NA,NA,NA,,NA,NA,NA,NA,3.4,W,SD,NA,NA,0.6,10,NA,,NA,NA,NA,NA,NA,,NA,NA,NA,NA,NA,,,NA,NA,NA,NA,"Stevenson 2023, Stevenson 2002, Trujillo 2021, Kissling 2019, Kuprewicz 2013, Paine 2016, Paine 2007"
Socratea exorrhiza,,,,,,,NA,,NA,NA,NA,NA,NA,,NA,NA,NA,NA,NA,,NA,NA,NA,NA,4.63,W,None Specified,NA,NA,NA,5,NA,,NA,NA,NA,NA,NA,,NA,NA,NA,NA,NA,,,NA,NA,NA,NA,"Stevenson 2023, Stevenson 2002, Trujillo 2021, Kissling 2019, Kuprewicz 2013, Paine 2016, Paine 2007"
Solanum barbeyanum,"Solanum megistophyllidium, Solanum viridipes, Solanum yapacaniense",Solanaceae,N,Orange/Red,F,I,NA,,NA,NA,NA,NA,NA,,NA,NA,NA,NA,NA,,NA,NA,NA,NA,NA,,,NA,NA,NA,NA,NA,,NA,NA,NA,NA,NA,,NA,NA,NA,NA,NA,,,NA,NA,NA,NA,
Solanum buddleiaefolium,,Solanaceae,N,NA,F,I,NA,,NA,NA,NA,NA,NA,,NA,NA,NA,NA,NA,,NA,NA,NA,NA,NA,,,NA,NA,NA,NA,NA,,NA,NA,NA,NA,NA,,NA,NA,NA,NA,NA,,,NA,NA,NA,NA,
Solanum viarum,"Solanum ambrosiacum, Solanum chloranthum, Solanum khasianum, Solanum viridiflorum",Solanaceae,Y,Green,F,I,NA,,NA,NA,NA,NA,NA,,NA,NA,NA,NA,NA,,NA,NA,NA,NA,0.02164,NA,None Specified,NA,NA,NA,0,34.5,Unknown +/-,NA,NA,4.8,30,33.3,Unknown +/-,NA,NA,1.5,30,15.3,W,Unknown +/-,NA,NA,4.8,30,"Donatti 2007, https://ser-sid.org/species/652eb49b-2d06-4004-a625-eb02de007686"
Solanum viarum,,,,,,,NA,,NA,NA,NA,NA,NA,,NA,NA,NA,NA,NA,,NA,NA,NA,NA,0.024432,NA,None Specified,NA,NA,NA,0,NA,,NA,NA,NA,NA,NA,,NA,NA,NA,NA,NA,,,NA,NA,NA,NA,
Solanum viarum,,,,,,,NA,,NA,NA,NA,NA,NA,,NA,NA,NA,NA,NA,,NA,NA,NA,NA,0.020368,NA,None Specified,NA,NA,NA,0,NA,,NA,NA,NA,NA,NA,,NA,NA,NA,NA,NA,,,NA,NA,NA,NA,
Solanum viarum,,,,,,,NA,,NA,NA,NA,NA,NA,,NA,NA,NA,NA,NA,,NA,NA,NA,NA,0.025176,NA,None Specified,NA,NA,NA,0,NA,,NA,NA,NA,NA,NA,,NA,NA,NA,NA,NA,,,NA,NA,NA,NA,
Solanum viarum,,,,,,,NA,,NA,NA,NA,NA,NA,,NA,NA,NA,NA,NA,,NA,NA,NA,NA,0.021784,NA,None Specified,NA,NA,NA,0,NA,,NA,NA,NA,NA,NA,,NA,NA,NA,NA,NA,,,NA,NA,NA,NA,
Solanum viarum,,,,,,,NA,,NA,NA,NA,NA,NA,,NA,NA,NA,NA,NA,,NA,NA,NA,NA,0.0251,NA,None Specified,NA,NA,NA,0,NA,,NA,NA,NA,NA,NA,,NA,NA,NA,NA,NA,,,NA,NA,NA,NA,
Sorocea pubivena,"Clarisia mollis, Sorocea cufodontii, Sorocea hirtella, Sorocea opima, Trophis macrostachya",Moraceae,N,Yellow/Orange/Red/Green,F,I,NA,,NA,NA,NA,NA,NA,,NA,NA,NA,NA,NA,,NA,NA,NA,NA,NA,,,NA,NA,NA,NA,NA,,NA,NA,NA,NA,NA,,NA,NA,NA,NA,NA,,,NA,NA,NA,NA,
Sorocea steinbachii,,Moraceae,N,Blue/Purple,F,I,1,None Specified,NA,NA,NA,5,6,None Specified,NA,NA,NA,5,5,None Specified,NA,NA,NA,5,0.11,W,None Specified,NA,NA,NA,5,12.5,None Specified,NA,NA,NA,5,10.5,None Specified,NA,NA,NA,5,0.1025,D,None Specified,NA,NA,NA,5,"Stevenson 2023, Foster 1985"
Sorocea steinbachii,,,,,,,NA,,NA,NA,NA,NA,NA,,NA,NA,NA,NA,NA,,NA,NA,NA,NA,0.2,W,None Specified,NA,NA,NA,0,NA,,NA,NA,NA,NA,NA,,NA,NA,NA,NA,0.5425,W,None Specified,NA,NA,NA,5,"Stevenson 2023, Foster 1985"
Sorocea steinbachii,,,,,,,NA,,NA,NA,NA,NA,NA,,NA,NA,NA,NA,NA,,NA,NA,NA,NA,0.0425,D,None Specified,NA,NA,NA,5,NA,,NA,NA,NA,NA,NA,,NA,NA,NA,NA,NA,,,NA,NA,NA,NA,"Stevenson 2023, Foster 1985"
Souroubea bicolor,"Ruyschia bicolor, Souroubea guianensis, Souroubea aubletii",Marcgraviaceae,N,Yellow,F,D,NA,,NA,NA,NA,NA,NA,,NA,NA,NA,NA,NA,,NA,NA,NA,NA,0.00212766,NA,None Specified,NA,NA,NA,0,NA,,NA,NA,NA,NA,NA,,NA,NA,NA,NA,NA,,,NA,NA,NA,NA,Echeverry unpublished
Souroubea guianensis,"Loghania pentacrina, Ruyschia amazonica, Ruyschia guianensis, Ruyschia lepidota, Ruyschia souroubea, Souroubea auriculata, Souroubea guianensis, Souroubea lepidota, Souroubea bicolor",Marcgraviaceae,N,Yellow,F,D,NA,,NA,NA,NA,NA,NA,,NA,NA,NA,NA,NA,,NA,NA,NA,NA,0.00212766,NA,None Specified,NA,NA,NA,0,NA,,NA,NA,NA,NA,NA,,NA,NA,NA,NA,NA,,,NA,NA,NA,NA,Echeverry unpublished
Souroubea sympetala ,,Marcgraviaceae,N,Green,F,D,NA,,NA,NA,NA,NA,NA,,NA,NA,NA,NA,NA,,NA,NA,NA,NA,0.00523148,W,None Specified,NA,NA,NA,5,NA,,NA,NA,NA,NA,NA,,NA,NA,NA,NA,0.44466667,D,None Specified,NA,NA,NA,6,"Stevenson 2023, Stevenson 2002, Daws 2005"
Souroubea sympetala ,,,,,,,19.3111111,None Specified,NA,NA,NA,6,3,None Specified,NA,NA,NA,5,1.65,None Specified,NA,NA,NA,6,0.003,D,None Specified,NA,NA,NA,10,20,None Specified,NA,NA,NA,5,18,None Specified,NA,NA,NA,5,2.89333333,W,None Specified,NA,NA,NA,6,"Stevenson 2023, Stevenson 2002, Daws 2005"
Souroubea sympetala ,,,,,,,NA,,NA,NA,NA,NA,NA,,NA,NA,NA,NA,NA,,NA,NA,NA,NA,0.00201389,D,None Specified,NA,NA,NA,5,NA,,NA,NA,NA,NA,NA,,NA,NA,NA,NA,NA,,,NA,NA,NA,NA,"Stevenson 2023, Stevenson 2002, Daws 2005"
Spermacoce ocymifolia,"Borreria alternans, Borreria ocymifolia, Diodia ocymifolia, Hemidiodia ocymifolia, Spermacoce alternans, Spermacoce portoricensis",Rubiaceae,N,Brown,F,D,NA,,NA,NA,NA,NA,NA,,NA,NA,NA,NA,NA,,NA,NA,NA,NA,NA,,,NA,NA,NA,NA,NA,,NA,NA,NA,NA,NA,,NA,NA,NA,NA,NA,,,NA,NA,NA,NA,
Spondias mombin,,Anacardiaceae,N,Yellow,F,I,NA,Range,3,4,NA,0,25.1,None Specified,NA,NA,NA,5,15,None Specified,NA,NA,NA,0,3.98,W,None Specified,NA,NA,NA,17,28,None Specified,NA,NA,NA,5,25,None Specified,NA,NA,NA,5,2.19,D,None Specified,NA,NA,NA,6,"Stevenson 2023, Stevenson 2007, Stevenson 2002, Stevenson et al. 2002, Benítez-Malvido 2014, Wallace 2005, Foster 1985, Luis 2011, Hammond 1995, Ibarra-Manríquez 2010"
Spondias mombin,,,,,,,1,None Specified,NA,NA,NA,6,NA,Range,20,25,NA,0,16.4,None Specified,NA,NA,NA,5,3.13,W,None Specified,NA,NA,NA,5,NA,Range,25,35,NA,0,NA,,NA,NA,NA,NA,7.4,NA,None Specified,NA,NA,NA,0,"Stevenson 2023, Stevenson 2007, Stevenson 2002, Stevenson et al. 2002, Benítez-Malvido 2014, Wallace 2005, Foster 1985, Luis 2011, Hammond 1995, Ibarra-Manríquez 2010"
Spondias mombin,,,,,,,NA,,NA,NA,NA,NA,30,None Specified,NA,NA,NA,0,17.5,Range,NA,NA,NA,0,3.84,W,None Specified,NA,NA,NA,0,NA,,NA,NA,NA,NA,NA,,NA,NA,NA,NA,8.34,W,None Specified,NA,NA,NA,6,"Stevenson 2023, Stevenson 2007, Stevenson 2002, Stevenson et al. 2002, Benítez-Malvido 2014, Wallace 2005, Foster 1985, Luis 2011, Hammond 1995, Ibarra-Manríquez 2010"
Spondias mombin,,,,,,,NA,,NA,NA,NA,NA,32.5,Range,NA,NA,NA,0,NA,,NA,NA,NA,NA,1.58,D,None Specified,NA,NA,NA,17,NA,,NA,NA,NA,NA,NA,,NA,NA,NA,NA,NA,,,NA,NA,NA,NA,"Stevenson 2023, Stevenson 2007, Stevenson 2002, Stevenson et al. 2002, Benítez-Malvido 2014, Wallace 2005, Foster 1985, Luis 2011, Hammond 1995, Ibarra-Manríquez 2010"
Spondias mombin,,,,,,,NA,,NA,NA,NA,NA,NA,,NA,NA,NA,NA,NA,,NA,NA,NA,NA,1.88,D,None Specified,NA,NA,NA,5,NA,,NA,NA,NA,NA,NA,,NA,NA,NA,NA,NA,,,NA,NA,NA,NA,"Stevenson 2023, Stevenson 2007, Stevenson 2002, Stevenson et al. 2002, Benítez-Malvido 2014, Wallace 2005, Foster 1985, Luis 2011, Hammond 1995, Ibarra-Manríquez 2010"
Spondias venulosa ,,Anacardiaceae,N,Yellow,F,I,1,None Specified,NA,NA,NA,6,22.4,None Specified,NA,NA,NA,5,17.6,None Specified,NA,NA,NA,6,1.73,D,None Specified,NA,NA,NA,5,28,None Specified,NA,NA,NA,5,25,None Specified,NA,NA,NA,5,4.42,D,None Specified,NA,NA,NA,6,"Stevenson 2023, Stevenson 2002, Stevenson et al. 2002"
Spondias venulosa ,,,,,,,NA,,NA,NA,NA,NA,NA,Range,20,25,NA,0,NA,,NA,NA,NA,NA,3.06,W,None Specified,NA,NA,NA,5,NA,Range,25,35,NA,0,NA,,NA,NA,NA,NA,7.38,W,None Specified,NA,NA,NA,6,"Stevenson 2023, Stevenson 2002, Stevenson et al. 2002"
Stachys petiolosa,"Stachys gilliesii, Stachys boliviana",Lamiaceae,N,NA,D,D,NA,,NA,NA,NA,NA,NA,,NA,NA,NA,NA,NA,,NA,NA,NA,NA,0.0017892,NA,None Specified,NA,NA,NA,0,NA,,NA,NA,NA,NA,NA,,NA,NA,NA,NA,NA,,,NA,NA,NA,NA,https://ser-sid.org/species/ee8057e9-f34a-466f-86fd-947e8316f68f
Steirachne diandra,Steirachne pilosa,Poaceae,N,NA,D,I,NA,,NA,NA,NA,NA,NA,,NA,NA,NA,NA,NA,,NA,NA,NA,NA,NA,,,NA,NA,NA,NA,NA,,NA,NA,NA,NA,NA,,NA,NA,NA,NA,NA,,,NA,NA,NA,NA,
Sterculia apetala,,Malvaceae,,Brown,D,D,4,None Specified,NA,NA,NA,6,NA,,NA,NA,NA,NA,12.5,None Specified,NA,NA,NA,6,NA,,,NA,NA,NA,NA,15,None Specified,NA,NA,NA,0,23.6,Unknown +/-,NA,NA,0.8,30,56,D,None Specified,NA,NA,NA,6,"Link 2004, Donatti 2007, Stevenson 2002"
Sterculia apetala,,Malvaceae,,Brown,,,4,None Specified,NA,NA,NA,6,NA,,NA,NA,NA,NA,12.5,None Specified,NA,NA,NA,6,NA,,,NA,NA,NA,NA,25.5,Unknown +/-,NA,NA,1.3,30,23.6,Unknown +/-,NA,NA,0.8,30,56,D,None Specified,NA,NA,NA,6,"Link 2004, Donatti 2007, Stevenson 2002"
Sterculia apetala,,Malvaceae,,Brown,,,4,None Specified,NA,NA,NA,6,NA,,NA,NA,NA,NA,12.5,None Specified,NA,NA,NA,6,NA,,,NA,NA,NA,NA,25.5,Unknown +/-,NA,NA,1.3,30,23.6,Unknown +/-,NA,NA,0.8,30,61.6,W,None Specified,NA,NA,NA,6,"Link 2004, Donatti 2007, Stevenson 2002"
Sterculia chicha,Sterculia apetala,Malvaceae,,,D,D,NA,,NA,NA,NA,NA,NA,,NA,NA,NA,NA,NA,,NA,NA,NA,NA,NA,,,NA,NA,NA,NA,NA,,NA,NA,NA,NA,54,,NA,NA,NA,NA,NA,,,NA,NA,NA,NA,
Sterculia frondosa,Clompanus frondosa,Malvaceae,N,Brown,D,D,NA,,NA,NA,NA,NA,NA,,NA,NA,NA,NA,NA,,NA,NA,NA,NA,NA,,,NA,NA,NA,NA,67.54025,SD,NA,NA,4.8491803,4,51.38975,SD,NA,NA,5.194268789,4,NA,,,NA,NA,NA,NA,https://fm-digital-assets.fieldmuseum.org/1817/555/V0319026F_a.jpg
Strychnos amazonica,,Loganiaceae,N,Yellow/Orange,F,I,NA,,NA,NA,NA,NA,14.6,SD,NA,NA,3.535533906,4,11.25,SD,NA,NA,2.921757462,4,0.691,W,SD,NA,NA,0.221,30,25.375,SD,NA,NA,6.450516775,2,21.675,SD,NA,NA,6.021835268,2,NA,,,NA,NA,NA,NA,"Gonçalves 2017, Roeder 2013, https://fm-digital-assets.fieldmuseum.org/1926/058/V0522674F.jpg "
Strychnos amazonica,,,,,,,NA,,NA,NA,NA,NA,NA,,NA,NA,NA,NA,NA,,NA,NA,NA,NA,NA,,,NA,NA,NA,NA,20.17142857,SD,NA,NA,11.59377912,7,16.85,SD,NA,NA,3.254228019,4,NA,,,NA,NA,NA,NA,"Gonçalves 2017, Roeder 2013, https://fm-digital-assets.fieldmuseum.org/1926/058/V0522674F.jpg "
Strychnos erichsonii,Strychnos bovetiana,Loganiaceae,N,Brown/Black,F,I,5.3,None Specified,NA,NA,NA,48,18,SD,NA,NA,1,10,14,SD,NA,NA,2,10,1.1,NA,SD,NA,NA,0.2,30,32,SD,NA,NA,6,29,28,SD,NA,NA,6,29,15.6,NA,SD,NA,NA,7.5,29,Julien-Laferriere 1999
Strychnos guianensis,"Rouhamon guianense, Strychnos rouhamon, Lasiostoma cirrhosa , Lasiostoma curare, Lasiostoma divaricata, Lasiostoma rouhamon, Lasiostoma ruhamon, Rouhamon curare, Rouhamon divaricatum, Rouhamon guianense, Strychnos calantha, Strychnos curare, Strychnos geoffraeana, Strychnos guianensis, Strychnos lanceolata, Strychnos oblonga, Toxicana americana",Loganiaceae,N,NA,F,I,1,None Specified,NA,NA,NA,0,15,None Specified,NA,NA,NA,0,8,None Specified,NA,NA,NA,0,7.31,W,None Specified,NA,NA,NA,17,20,None Specified,NA,NA,NA,0,10,None Specified,NA,NA,NA,0,NA,,,NA,NA,NA,NA,"Hammond 1995, Krukoff 1942"
Strychnos guianensis,,,,,,,NA,,NA,NA,NA,NA,NA,,NA,NA,NA,NA,NA,,NA,NA,NA,NA,7.24,D,None Specified,NA,NA,NA,17,NA,,NA,NA,NA,NA,NA,,NA,NA,NA,NA,NA,,,NA,NA,NA,NA,"Hammond 1995, Krukoff 1942"
Strychnos panurensis,Strychnos gubleri,Loganiaceae,N,Yellow/Green,D,D,NA,Range,1,5,NA,0,11.85,SD,NA,NA,0.070710678,2,9.9,None Specified,NA,NA,NA,1,NA,,,NA,NA,NA,NA,14.76666667,SD,NA,NA,1.800925688,3,11.73333333,SD,NA,NA,0.757187779,3,NA,,,NA,NA,NA,NA,"Romero-González 2015, Krukoff 1942, Woodson 1967"
Strychnos panurensis,,,,,,,NA,Range,1,2,NA,0,14,None Specified,NA,NA,NA,0,10,None Specified,NA,NA,NA,0,NA,,,NA,NA,NA,NA,20,None Specified,NA,NA,NA,0,12,None Specified,NA,NA,NA,0,NA,,,NA,NA,NA,NA,"Romero-González 2015, Krukoff 1942, Woodson 1967"
Strychnos panurensis,,,,,,,1,None Specified,NA,NA,NA,0,NA,,NA,NA,NA,NA,NA,,NA,NA,NA,NA,NA,,,NA,NA,NA,NA,NA,,NA,NA,NA,NA,NA,Range,15,20,NA,0,NA,,,NA,NA,NA,NA,"Romero-González 2015, Krukoff 1942, Woodson 1967"
Strychnos schultesiana,,Loganiaceae,N,Yellow,D,I,30,None Specified,NA,NA,NA,0,12.1,None Specified,NA,NA,NA,0,11.2,None Specified,NA,NA,NA,0,0.6,W,None Specified,NA,NA,NA,0,90,None Specified,NA,NA,NA,0,62.5,None Specified,NA,NA,NA,0,135.6,W,None Specified,NA,NA,NA,0,"Stevenson 2023, Link 2004, Yumoto et al. 1999"
Strychnos schultesiana,,,,,,,NA,,NA,NA,NA,NA,20,None Specified,NA,NA,NA,5,17.3,None Specified,NA,NA,NA,6,NA,,,NA,NA,NA,NA,62.5,None Specified,NA,NA,NA,0,70,None Specified,NA,NA,NA,5,NA,,,NA,NA,NA,NA,"Stevenson 2023, Link 2004, Yumoto et al. 1999"
Strychnos schultesiana,,,,,,,NA,,NA,NA,NA,NA,NA,,NA,NA,NA,NA,NA,,NA,NA,NA,NA,NA,,,NA,NA,NA,NA,70,None Specified,NA,NA,NA,5,NA,,NA,NA,NA,NA,NA,,,NA,NA,NA,NA,"Stevenson 2023, Link 2004, Yumoto et al. 1999"
Stryphnodendron guianense,"Acacia guinanensis, Folianthera guianensis, Mimosa guianensis, Piptadenia guianensis , Stryphnodendron purpureum",Fabaceae,N,Black,D,I,10,None Specified,NA,NA,NA,5,8,None Specified,NA,NA,NA,5,6.6,None Specified,NA,NA,NA,5,NA,,,NA,NA,NA,NA,90,None Specified,NA,NA,NA,5,10,None Specified,NA,NA,NA,5,NA,,,NA,NA,NA,NA,"Stevenson 2023, Stevenson et al. 2002"
Stryphnodendron guianense,,,,,,,NA,Range,7,13,NA,0,NA,Range,7,9,NA,0,NA,,NA,NA,NA,NA,NA,,,NA,NA,NA,NA,NA,Range,70,100,NA,0,NA,,NA,NA,NA,NA,NA,,,NA,NA,NA,NA,"Stevenson 2023, Stevenson et al. 2002"
Stryphnodendron polystachyum,Gwilymia polystachya,Fabaceae,N,NA,D,I,NA,,NA,NA,NA,NA,NA,,NA,NA,NA,NA,NA,,NA,NA,NA,NA,NA,,,NA,NA,NA,NA,NA,,NA,NA,NA,NA,NA,,NA,NA,NA,NA,NA,,,NA,NA,NA,NA,
Styrax ferrugineus,"Strigilia ferruginea, Strigilia florida, Strigilia nervosa, Strigilia nervosa, Strigilia reticulata, Styrax burchellii, Styrax ferrugineus, Styrax floridus, Styrax nervosus, Styrax parvifolius, Styrax reticulatus",Styracaceae,N,Black/Purple,F,I,NA,,NA,NA,NA,NA,7.6,Unknown +/-,NA,NA,0.5,100,4.9,Unknown +/-,NA,NA,0.3,100,NA,D,Range,0.088888889,0.109090909,NA,100,8.7,Unknown +/-,NA,NA,0.7,100,7.2,Unknown +/-,NA,NA,0.6,100,0.32,D,Unknown +/-,NA,NA,0.06,100,"Alves-Costa et al. 2007, Maruyama 2019"
Styrax ferrugineus,,,,,,,NA,,NA,NA,NA,NA,7,None Specified,NA,NA,NA,0,NA,,NA,NA,NA,NA,NA,,,NA,NA,NA,NA,9,None Specified,NA,NA,NA,0,NA,,NA,NA,NA,NA,NA,,,NA,NA,NA,NA,"Alves-Costa et al. 2007, Maruyama 2019"
Styrax guianensis,"Styrax longifolius, Styrax tessmannii, Styrax japurense",Styracaceae,N,NA,F,I,NA,,NA,NA,NA,NA,NA,,NA,NA,NA,NA,NA,,NA,NA,NA,NA,NA,,,NA,NA,NA,NA,NA,,NA,NA,NA,NA,NA,,NA,NA,NA,NA,NA,,,NA,NA,NA,NA,
Swartzia arborescens,,Fabaceae,N,Green,F,D,NA,Range,1,2,NA,0,25,None Specified,NA,NA,NA,0,20,None Specified,NA,NA,NA,6,1.16,W,None Specified,NA,NA,NA,0,NA,Range,40,100,NA,0,28,None Specified,NA,NA,NA,0,4.4,W,None Specified,NA,NA,NA,6,"Stevenson 2023, Stevenson 2002"
Swartzia arborescens,,,,,,,1.25,None Specified,NA,NA,NA,0,NA,,NA,NA,NA,NA,NA,,NA,NA,NA,NA,NA,,,NA,NA,NA,NA,NA,,NA,NA,NA,NA,NA,,NA,NA,NA,NA,NA,,,NA,NA,NA,NA,"Stevenson 2023, Stevenson 2002"
Swartzia arborescens,,,,,,,1,None Specified,NA,NA,NA,6,NA,,NA,NA,NA,NA,NA,,NA,NA,NA,NA,0.41,D,None Specified,NA,NA,NA,0,60,None Specified,NA,NA,NA,0,NA,,NA,NA,NA,NA,1.42,D,None Specified,NA,NA,NA,6,"Stevenson 2023, Stevenson 2002"
Swartzia benthamiana,Tounatea benthamiana,Fabaceae,N,Green/Brown,F,D,NA,,NA,NA,NA,NA,NA,,NA,NA,NA,NA,NA,,NA,NA,NA,NA,11.45,W,None Specified,NA,NA,NA,17,21.90771429,SD,NA,NA,8.033912283,7,9.488571429,SD,NA,NA,3.09883316,7,NA,,,NA,NA,NA,NA,"Hammond 1995, https://ser-sid.org/species/b8b4916f-2203-49da-9b86-b328a9997127, https://fm-digital-assets.fieldmuseum.org/1395/251/V0366188F.jpg"
Swartzia leptopetala,Tounatea leptopetala ,Fabaceae,N,Green,F,D,NA,,NA,NA,NA,NA,50.14,None Specified,NA,NA,NA,1,13.492,None Specified,NA,NA,NA,1,NA,,,NA,NA,NA,NA,49.246,SD,NA,NA,20.84267948,2,22.158,SD,NA,NA,0.101823377,2,NA,,,NA,NA,NA,NA,"Link 2004, https://powo.science.kew.org/taxon/urn:lsid:ipni.org:names:519927-1/images (K001474487), https://fm-digital-assets.fieldmuseum.org/1396/153/V0366881F.jpg"
Swartzia panacoco,"Robinia panacoco, Tounatea panacoco",Fabaceae,N,Green/Brown,F,D,NA,,NA,NA,NA,NA,NA,,NA,NA,NA,NA,NA,,NA,NA,NA,NA,NA,,,NA,NA,NA,NA,NA,Range,115,130,NA,0,NA,Range,40,45,NA,0,NA,,,NA,NA,NA,NA,Jesus 2003
Swartzia polyphylla,"Tounatea polyphylla, Swartzia opacifolia, Swartzia platygyne, Swartzia urubuensis",Fabaceae,N,Orange/Red,F,D,1,None Specified,NA,NA,NA,0,NA,,NA,NA,NA,NA,NA,,NA,NA,NA,NA,30.236,D,SE,NA,NA,2.256,10,85.25,SD,NA,NA,6.717514421,2,37.8,SD,NA,NA,3.111269837,2,38.43,D,SE,NA,NA,5.75,10,"Souza 2023, https://powo.science.kew.org/taxon/urn:lsid:ipni.org:names:519994-1/images (K000111274), Parolin 2000, Williamson 1999"
Syagrus oleracea,"Cocos oleracea, Calappa oleracea, Syagrus gomesii, Cocos flexuosa, Cocos picrophylla, Syagrus flexuosa",Arecaceae,N,Yellow/Gray,F,I,NA,,NA,NA,NA,NA,NA,,NA,NA,NA,NA,NA,,NA,NA,NA,NA,NA,,,NA,NA,NA,NA,NA,,NA,NA,NA,NA,NA,,NA,NA,NA,NA,NA,,,NA,NA,NA,NA,
Syagrus pseudococos,,Arecaceae,,Yellow,F,I,1,None Specified,NA,NA,NA,0,NA,,NA,NA,NA,NA,NA,,NA,NA,NA,NA,18.335,W,SD,NA,NA,2.47,34,42.5,None Specified,NA,NA,NA,0,35,None Specified,NA,NA,NA,0,33.3,NA,None Specified,NA,NA,NA,0,"Galetti 2015, Guimarães 2008, Kissling 2019"
Syagrus pseudococos,,,,,,,1,None Specified,NA,NA,NA,0,NA,,NA,NA,NA,NA,NA,,NA,NA,NA,NA,18.335,W,SD,NA,NA,2.47,34,NA,Range,60,70,NA,0,NA,Range,38,40,NA,0,33.3,NA,None Specified,NA,NA,NA,0,"Galetti 2015, Guimarães 2008, Kissling 2019"
Syagrus romanzoffiana,"Arecastrum romanzoffianum, Calappa plumosa, Calappa romanzoffiana, Cocos acrocomioide, Cocos arechavaletana, Cocos australis, Cocos datil, Cocos geriba, Cocos martiana, Cocos plumosa, Cocos romanzoffiana, Cocos sapida",Arecaceae,N,Yellow,F,I,1,None Specified,NA,NA,NA,0,NA,,NA,NA,NA,NA,NA,,NA,NA,NA,NA,2.39,W,SD,NA,NA,1.87,120,NA,Range,20,30,NA,0,NA,Range,12,18,NA,0,10.55,W,SD,NA,NA,1.06,100,"Lescano 2018, Galetti 2015, Kissling 2019, Motta-Junior 2002"
Syagrus romanzoffiana,,,,,,,NA,,NA,NA,NA,NA,NA,,NA,NA,NA,NA,NA,,NA,NA,NA,NA,2.73,W,SD,NA,NA,0.22,100,28.21,SD,NA,NA,1.15,100,24.27,SD,NA,NA,1.4,100,5.2,W,None Specified,NA,NA,NA,0,"Lescano 2018, Galetti 2015, Kissling 2019, Motta-Junior 2002"
Syagrus sancona,,Arecaceae,N,Yellow/Orange,F,I,1,None Specified,NA,NA,NA,6,30,None Specified,NA,NA,NA,5,19,None Specified,NA,NA,NA,5,5.09,D,None Specified,NA,NA,NA,5,33,None Specified,NA,NA,NA,5,24,None Specified,NA,NA,NA,5,6.8975,D,None Specified,NA,NA,NA,6,"Stevenson 2023, Kissling 2019, Stevenson 2002"
Syagrus sancona,,,,,,,NA,,NA,NA,NA,NA,NA,,NA,NA,NA,NA,20,None Specified,NA,NA,NA,6,5.845,W,None Specified,NA,NA,NA,5,NA,Range,30,35,NA,0,NA,Range,15,23,NA,0,11.785,W,None Specified,NA,NA,NA,6,"Stevenson 2023, Kissling 2019, Stevenson 2002"
Symphonia globulifera,"Moronobea globulifera, Symphonia esculenta, Symphonia gabonensis, Symphonia microphylla, Symphonia ultissima, Actinostigma speciosum, Aneuriscus aubletii, Aneuriscus exserens, Moronobea exerens",Clusiaceae,N,Green,F,I,1,None Specified,NA,NA,NA,1,31.4,None Specified,NA,NA,NA,1,25.5,None Specified,NA,NA,NA,1,2.03,D,None Specified,NA,NA,NA,17,43,SD,NA,NA,4.242640687,2,38.3,None Specified,NA,NA,NA,1,NA,,,NA,NA,NA,NA,"Hammond 1995, Daws 2005, Dick 2008"
Symphonia globulifera,,,,,,,NA,,NA,NA,NA,NA,NA,,NA,NA,NA,NA,NA,,NA,NA,NA,NA,2.334,D,None Specified,NA,NA,NA,10,NA,,NA,NA,NA,NA,NA,,NA,NA,NA,NA,NA,,,NA,NA,NA,NA,"Hammond 1995, Daws 2005, Dick 2008"
Symphonia globulifera,,,,,,,NA,,NA,NA,NA,NA,NA,,NA,NA,NA,NA,NA,,NA,NA,NA,NA,6.92,W,None Specified,NA,NA,NA,17,NA,,NA,NA,NA,NA,NA,,NA,NA,NA,NA,NA,,,NA,NA,NA,NA,"Hammond 1995, Daws 2005, Dick 2008"
Syzygium cumini,"Calyptranthes cumini, Eugenia cumini, Myrtus cumini, Syzygium brachiatum, Syzygium caryophyllifolium, Syzygium fruticosum, Syzygium jambolanum, Syzygium obovatum, Syzygium obtusifolium, Syzygium pseudojambolana, Syzygium tenue, Calyptranthes capitellata, Calyptranthes caryophyllifolia, Eugenia caryophyllifolia, Calyptranthes cuminodora, Calyptranthes jambolana, Eugenia jambolana, Calyptranthes jambolifera, Eugenia jambolifera, Calyptranthes oneillii, Calyptranthes pendunculata, Jambolifera pendunculata, Calyptranthes tenuis, Eugenia tenuis, Caryophyllus corticosus, Caryophyllus jambos, Eugenia brachiata, Eugenia calyptrata, Eugenia djouat, Eugenia fruticosa, Eugenia obovata, Myrtus obovata, Eugenia obtusifolia, Eugenia odorata, Eugenia tsoi, Jambolifera chinensis, Jambolifera coromandelica, Myrtus corticosa",Myrtaceae,Y,Purple,F,I,NA,Range,1,5,NA,0,8.9,SD,NA,NA,0.7,3,7.05,SD,NA,NA,1.382027496,4,NA,NA,Range,1.3,2.36,NA,0,NA,Range,22.2,45.1,NA,0,NA,Range,16.6,30.4,NA,0,NA,NA,Range,4.8,17.6,NA,0,"Donatti 2007, Ramya 2012, Chhikara 2018, https://collections-botany.fieldmuseum.org/catalogue/2778757"
Syzygium cumini,,,,,,,NA,,NA,NA,NA,NA,NA,,NA,NA,NA,NA,NA,,NA,NA,NA,NA,NA,,,NA,NA,NA,NA,21.3,Unknown +/-,NA,NA,2.2,30,17.1,Unknown +/-,NA,NA,2.4,30,4.2,W,Unknown +/-,NA,NA,1.2,30,"Donatti 2007, Ramya 2012, Chhikara 2018, https://collections-botany.fieldmuseum.org/catalogue/2778757"
Talisia intermedia ,Melicoccus oliviformis,Sapindaceae,N,Yellow,F,I,NA,,NA,NA,NA,NA,NA,,NA,NA,NA,NA,14,None Specified,NA,NA,NA,0,NA,,,NA,NA,NA,NA,NA,,NA,NA,NA,NA,NA,,NA,NA,NA,NA,3.68,D,None Specified,NA,NA,NA,6,"Link 2004, Stevenson 2002, Stevenson 2005, Duncan 2019"
Talisia intermedia ,,,,,,,1,None Specified,NA,NA,NA,6,22,None Specified,NA,NA,NA,0,15,None Specified,NA,NA,NA,6,NA,,,NA,NA,NA,NA,22,None Specified,NA,NA,NA,0,25.75,SD,NA,NA,12.8945725,4,8.6,W,None Specified,NA,NA,NA,6,"Link 2004, Stevenson 2002, Stevenson 2005, Duncan 2019"
Talisia obovata,,Sapindaceae,N,Brown/Yellow,F,I,1,None Specified,NA,NA,NA,0,22.761,SD,NA,NA,1.579676549,2,11.3015,SD,NA,NA,0.506995562,2,NA,,,NA,NA,NA,NA,18.1365,SD,NA,NA,1.633595115,4,10.37675,SD,NA,NA,1.472108097,4,NA,,,NA,NA,NA,NA,"https://collections-botany.fieldmuseum.org/catalogue/3051804, http://legacy.tropicos.org/Image/100458074"
Talisia retusa,Talisia heterodoxa,Sapindaceae,N,Brown,F,I,NA,,NA,NA,NA,NA,15.85,None Specified,NA,NA,NA,1,7,None Specified,NA,NA,NA,1,NA,,,NA,NA,NA,NA,33.9,None Specified,NA,NA,NA,1,29.5,None Specified,NA,NA,NA,1,NA,,,NA,NA,NA,NA,"Grafton 2004, https://fm-digital-assets.fieldmuseum.org/945/342/V0302505F.jpg"
Tapirira guianensis,,Anacardiaceae,N,Yellow,F,I,NA,,NA,NA,NA,NA,NA,,NA,NA,NA,NA,NA,,NA,NA,NA,NA,0.026,W,None Specified,NA,NA,NA,0,9.5,None Specified,NA,NA,NA,5,NA,,NA,NA,NA,NA,0.1158,D,None Specified,NA,NA,NA,5,"Stevenson 2023, Stevenson 2002, Knörr 2010, Link 2004, Sánchez 2013, Foster 1985"
Tapirira guianensis,,,,,,,1,None Specified,NA,NA,NA,5,10.6,None Specified,NA,NA,NA,0,5,None Specified,NA,NA,NA,6,0.0579,D,None Specified,NA,NA,NA,5,7.5,None Specified,NA,NA,NA,0,12.5,None Specified,NA,NA,NA,0,0.87,NA,None Specified,NA,NA,NA,0,"Stevenson 2023, Stevenson 2002, Knörr 2010, Link 2004, Sánchez 2013, Foster 1985"
Tapirira guianensis,,,,,,,NA,,NA,NA,NA,NA,9,None Specified,NA,NA,NA,5,6.2,None Specified,NA,NA,NA,0,0.24,NA,None Specified,NA,NA,NA,0,12.8,None Specified,NA,NA,NA,0,7,None Specified,NA,NA,NA,5,0.2316,W,None Specified,NA,NA,NA,5,"Stevenson 2023, Stevenson 2002, Knörr 2010, Link 2004, Sánchez 2013, Foster 1985"
Tapirira guianensis,,,,,,,NA,,NA,NA,NA,NA,NA,,NA,NA,NA,NA,NA,,NA,NA,NA,NA,0.2,D,None Specified,NA,NA,NA,0,NA,,NA,NA,NA,NA,NA,,NA,NA,NA,NA,NA,,,NA,NA,NA,NA,"Stevenson 2023, Stevenson 2002, Knörr 2010, Link 2004, Sánchez 2013, Foster 1985"
Tapirira obtusa,"Mauria obtusa, Tapirira marchandii, Tapirira pao-pombo, Tapirira peckoltiana",Anacardiaceae,N,Green/Brown,F,I,NA,,NA,NA,NA,NA,7,None Specified,NA,NA,NA,3,NA,,NA,NA,NA,NA,NA,,,NA,NA,NA,NA,NA,,NA,NA,NA,NA,NA,,NA,NA,NA,NA,NA,,,NA,NA,NA,NA,Lessa 2013
Tapirira peckoltiana,"Mauria obtusa, Tapirira marchandii, Tapirira pao-pombo, Tapirira obtusa",Anacardiaceae,N,Green/Brown,F,I,NA,,NA,NA,NA,NA,7,None Specified,NA,NA,NA,3,NA,,NA,NA,NA,NA,NA,,,NA,NA,NA,NA,NA,,NA,NA,NA,NA,NA,,NA,NA,NA,NA,NA,,,NA,NA,NA,NA,Lessa 2013
Telitoxicum krukovii,,Menispermaceae,N,NA,F,I,NA,,NA,NA,NA,NA,NA,,NA,NA,NA,NA,NA,,NA,NA,NA,NA,NA,,,NA,NA,NA,NA,NA,,NA,NA,NA,NA,NA,,NA,NA,NA,NA,NA,,,NA,NA,NA,NA,
Telitoxicum minutiflorum,Anomospermum minutiflorum,Menispermaceae,N,Green/Gray,F,I,NA,,NA,NA,NA,NA,NA,,NA,NA,NA,NA,NA,,NA,NA,NA,NA,NA,,,NA,NA,NA,NA,26,None Specified,NA,NA,NA,0,17,None Specified,NA,NA,NA,0,NA,,,NA,NA,NA,NA,Krukoff 1938
Tetragastris altissima,Protium altissima,Burseraceae,N,Red,F,D,2.7,SD,NA,NA,0.09,83,16,SD,NA,NA,0.2,212,8,SD,NA,NA,0.1,212,0.49,D,None Specified,NA,NA,NA,10,13,SD,NA,NA,4,0,8,SD,NA,NA,3.11,0,NA,,,NA,NA,NA,NA,"Oliveira 2000, Norden 2009, Hammond 1995, Ratiarison 2005"
Tetragastris altissima,,,,,,,4,SD,NA,NA,2.309401077,4,13,SD,NA,NA,4,0,8,SD,NA,NA,3.11,0,1.08,W,None Specified,NA,NA,NA,17,NA,,NA,NA,NA,NA,NA,,NA,NA,NA,NA,NA,,,NA,NA,NA,NA,"Oliveira 2000, Norden 2009, Hammond 1995, Ratiarison 2005"
Tetragastris altissima,,,,,,,NA,,NA,NA,NA,NA,NA,,NA,NA,NA,NA,NA,,NA,NA,NA,NA,0.32,D,None Specified,NA,NA,NA,17,NA,,NA,NA,NA,NA,NA,,NA,NA,NA,NA,NA,,,NA,NA,NA,NA,"Oliveira 2000, Norden 2009, Hammond 1995, Ratiarison 2005"
Tetragastris altissima,,,,,,,NA,,NA,NA,NA,NA,NA,,NA,NA,NA,NA,NA,,NA,NA,NA,NA,0.8,W,SD,NA,NA,0.01,0,NA,,NA,NA,NA,NA,NA,,NA,NA,NA,NA,NA,,,NA,NA,NA,NA,"Oliveira 2000, Norden 2009, Hammond 1995, Ratiarison 2005"
Tetragastris panamensis,,Burseraceae,N,Purple,F,D,5.5,SD,NA,NA,0.707106781,2,11.9,SD,NA,NA,0.860232527,5,7.18,SD,NA,NA,1.143241007,5,0.522,NA,None Specified,NA,NA,NA,0,40,SD,NA,NA,1.414213562,2,36.45,SD,NA,NA,2.333452378,2,NA,,,NA,NA,NA,NA,"Boissier 2020, Howe 1979, Steven 1994"
Tetragastris panamensis,,,,,,,NA,,NA,NA,NA,NA,NA,Range,14,21,NA,0,NA,Range,11,18,NA,0,NA,,,NA,NA,NA,NA,NA,,NA,NA,NA,NA,NA,,NA,NA,NA,NA,NA,,,NA,NA,NA,NA,"Boissier 2020, Howe 1979, Steven 1994"
Theobroma obovatum,,Malvaceae,N,Brown/Yellow,F,I,NA,Range,13,16,NA,0,8.705571429,SD,NA,NA,2.93131841,7,5.815571429,SD,NA,NA,1.432600882,7,NA,,,NA,NA,NA,NA,45.2,None Specified,NA,NA,NA,1,34.1,None Specified,NA,NA,NA,1,NA,,,NA,NA,NA,NA,"Guimarães 2008, https://d2seqvvyy3b8p2.cloudfront.net/25ce00cdb182197eca9754d0ebf1e47d.jpg"
Theobroma obovatum,,,,,,,NA,,NA,NA,NA,NA,NA,,NA,NA,NA,NA,NA,,NA,NA,NA,NA,NA,,,NA,NA,NA,NA,NA,Range,80,100,NA,0,NA,Range,50,60,NA,0,NA,,,NA,NA,NA,NA,"Guimarães 2008, https://d2seqvvyy3b8p2.cloudfront.net/25ce00cdb182197eca9754d0ebf1e47d.jpg"
Theobroma subincanum,Theobroma subicana,Malvaceae,N,Brown,F,I,30,None Specified,NA,NA,NA,5,20,None Specified,NA,NA,NA,5,15,None Specified,NA,NA,NA,5,0.64,D,None Specified,NA,NA,NA,5,110,None Specified,NA,NA,NA,5,85,None Specified,NA,NA,NA,5,78.9122302,D,None Specified,NA,NA,NA,5,"Stevenson 2023, Guimarães 2008"
Theobroma subincanum,,,,,,,NA,Range,25,30,NA,0,NA,Range,10,25,NA,0,NA,Range,12,16,NA,0,1.06,W,None Specified,NA,NA,NA,5,NA,Range,70,110,NA,0,NA,Range,50,70,NA,0,NA,NA,Range,100,250,NA,0,"Stevenson 2023, Guimarães 2008"
Theobroma subincanum,,,,,,,NA,,NA,NA,NA,NA,NA,,NA,NA,NA,NA,NA,,NA,NA,NA,NA,NA,,,NA,NA,NA,NA,NA,,NA,NA,NA,NA,NA,,NA,NA,NA,NA,250,W,None Specified,NA,NA,NA,5,"Stevenson 2023, Guimarães 2008"
Tococa bullifera,Miconia bullifera,Melastomataceae,N,Red,F,I,NA,,NA,NA,NA,NA,NA,,NA,NA,NA,NA,NA,,NA,NA,NA,NA,NA,,,NA,NA,NA,NA,NA,Range,7.1,8.8,NA,0,NA,Range,5.9,6.3,NA,0,NA,,,NA,NA,NA,NA,Corrêa 2017
Tontelea attenuata,"Salacia attenuata, Maytenus amygdalina, Tontelea longifolia",Hippocrateaceae,N,Yellow,F,I,3.5,SD,NA,NA,0.707106781,2,20.58571429,SD,NA,NA,3.365228358,7,18.3,SD,NA,NA,2.487565108,6,NA,,,NA,NA,NA,NA,57.14233333,SD,NA,NA,1.331285219,3,52.3,SD,NA,NA,3.39854459,3,NA,,,NA,NA,NA,NA,"https://fm-digital-assets.fieldmuseum.org/791/915/V0277661F.jpg, Stevenson 2023"
Tontelea attenuata,,,,,,,NA,,NA,NA,NA,NA,NA,,NA,NA,NA,NA,NA,,NA,NA,NA,NA,NA,,,NA,NA,NA,NA,25.5,None Specified,NA,NA,NA,5,20,None Specified,NA,NA,NA,5,NA,,,NA,NA,NA,NA,"https://fm-digital-assets.fieldmuseum.org/791/915/V0277661F.jpg, Stevenson 2023"
Tontelea mauritioides,"Salacia mauritioides, Salacia weberbaueri, Tontelea weberbaueri ",Hippocrateaceae,N,NA,F,I,4,None Specified,NA,NA,NA,7.5,9.6,None Specified,NA,NA,NA,1,7,None Specified,NA,NA,NA,1,NA,,,NA,NA,NA,NA,22.754,SD,NA,NA,6.985062873,4,16.88775,SD,NA,NA,5.87864567,4,15,W,None Specified,NA,NA,NA,7.5,"García 2020, https://fm-digital-assets.fieldmuseum.org/57/049/V0060737F.jpg"
Tontelea mauritioides,,,,,,,NA,,NA,NA,NA,NA,NA,,NA,NA,NA,NA,NA,,NA,NA,NA,NA,NA,,,NA,NA,NA,NA,20,None Specified,NA,NA,NA,7.5,12,None Specified,NA,NA,NA,7.5,NA,,,NA,NA,NA,NA,"García 2020, https://fm-digital-assets.fieldmuseum.org/57/049/V0060737F.jpg"
Touroulia amazonica,,Ochnaceae,N,NA,F,I,NA,,NA,NA,NA,NA,11,None Specified,NA,NA,NA,0,4,None Specified,NA,NA,NA,0,NA,,,NA,NA,NA,NA,NA,Range,16,21,NA,0,NA,Range,14,20,NA,0,NA,,,NA,NA,NA,NA,Zizka 1999
Trattinnickia aspera,,Burseraceae,N,Red,F,D,NA,,NA,NA,NA,NA,10.9,None Specified,NA,NA,NA,30,9,None Specified,NA,NA,NA,30,0.29,D,None Specified,NA,NA,NA,30,10.41995455,SD,NA,NA,0.6873965,22,9.14586364,SD,NA,NA,0.82111732,22,NA,,,NA,NA,NA,NA,"Dalling 1997, Obregón 2007, https://fm-digital-assets.fieldmuseum.org/184/631/BURS_trat_aspe_2002170.jpg"
Trattinnickia aspera,,,,,,,NA,,NA,NA,NA,NA,NA,,NA,NA,NA,NA,NA,,NA,NA,NA,NA,0.285,D,None Specified,NA,NA,NA,0,NA,,NA,NA,NA,NA,NA,,NA,NA,NA,NA,NA,,,NA,NA,NA,NA,"Dalling 1997, Obregón 2007, https://fm-digital-assets.fieldmuseum.org/184/631/BURS_trat_aspe_2002170.jpg"
Trichilia micrantha ,,Meliaceae,N,Green/Red,D,D,1,None Specified,NA,NA,NA,6,NA,,NA,NA,NA,NA,5,None Specified,NA,NA,NA,6,NA,,,NA,NA,NA,NA,NA,Range,7,8,NA,0,NA,Range,4,5,NA,0,0.36,D,None Specified,NA,NA,NA,6,"Stevenson 2002, Link 2004, Fernandes-Júnior 2017"
Trichilia micrantha ,,,,,,,NA,,NA,NA,NA,NA,NA,,NA,NA,NA,NA,NA,,NA,NA,NA,NA,NA,,,NA,NA,NA,NA,10,None Specified,NA,NA,NA,0,NA,,NA,NA,NA,NA,0.6,W,None Specified,NA,NA,NA,6,"Stevenson 2002, Link 2004, Fernandes-Júnior 2017"
Trichilia pleeana,,Meliaceae,N,Green,D,D,1.6,None Specified,NA,NA,NA,6,29.1,None Specified,NA,NA,NA,1,6.5,None Specified,NA,NA,NA,1,0.55,D,None Specified,NA,NA,NA,0,27.1,None Specified,NA,NA,NA,1,16.7,None Specified,NA,NA,NA,1,0.71,D,None Specified,NA,NA,NA,6,"Stevenson 2002, Foster 1985, Pennington 2006 Meliaceae, Terborgh 2011, Stevenson 2023"
Trichilia pleeana,,,,,,,NA,,NA,NA,NA,NA,19.5,None Specified,NA,NA,NA,5,4,None Specified,NA,NA,NA,6,0.62,W,None Specified,NA,NA,NA,0,22,None Specified,NA,NA,NA,5,22,None Specified,NA,NA,NA,5,2,W,None Specified,NA,NA,NA,6,"Stevenson 2002, Foster 1985, Pennington 2006 Meliaceae, Terborgh 2011, Stevenson 2023"
Trichilia pleeana,,,,,,,NA,,NA,NA,NA,NA,NA,,NA,NA,NA,NA,11.1,None Specified,NA,NA,NA,5,1.47333333,W,None Specified,NA,NA,NA,5,NA,,NA,NA,NA,NA,NA,,NA,NA,NA,NA,6.76,W,None Specified,NA,NA,NA,5,"Stevenson 2002, Foster 1985, Pennington 2006 Meliaceae, Terborgh 2011, Stevenson 2023"
Trichilia pleeana,,,,,,,NA,,NA,NA,NA,NA,NA,,NA,NA,NA,NA,NA,,NA,NA,NA,NA,0.84555556,D,None Specified,NA,NA,NA,5,NA,,NA,NA,NA,NA,NA,,NA,NA,NA,NA,2.33,D,None Specified,NA,NA,NA,5,"Stevenson 2002, Foster 1985, Pennington 2006 Meliaceae, Terborgh 2011, Stevenson 2023"
Trichilia septentrionalis,"Trichilia eurysepala, Trichilia grandis, Trichilia gustavoi, Trichilia krukovii, Trichilia lanceolata, Trichilia magnifica, Trichilia moritzii, Trichilia polyneura",Meliaceae,N,Brown,D,D,1,None Specified,NA,NA,NA,0,25.6,SD,NA,NA,2,0,12.1,SD,NA,NA,1,0,1.94,W,SD,NA,NA,0.31,0,28.495,None Specified,NA,NA,NA,1,11.8,SD,NA,NA,4.808326112,2,NA,,,NA,NA,NA,NA,"Taylor 2014, Pennington 2006 Meliaceae, https://eol.org/pages/47125599/articles"
Trichilia septentrionalis,,,,,,,NA,,NA,NA,NA,NA,23,None Specified,NA,NA,NA,1,7.6,None Specified,NA,NA,NA,1,NA,,,NA,NA,NA,NA,NA,Range,30,35,NA,0,NA,Range,16,20,NA,0,NA,,,NA,NA,NA,NA,"Taylor 2014, Pennington 2006 Meliaceae, https://eol.org/pages/47125599/articles"
Trichilia tuberculata,,Meliaceae,N,Green,D,D,1.75,None Specified,NA,NA,NA,6,13.5,None Specified,NA,NA,NA,5,7,None Specified,NA,NA,NA,5,0.17616,W,None Specified,NA,NA,NA,5,13,None Specified,NA,NA,NA,5,9,None Specified,NA,NA,NA,5,0.41032,D,None Specified,NA,NA,NA,6,"Stevenson 2023, Stevenson 2002, Daws 2005"
Trichilia tuberculata,,,,,,,NA,,NA,NA,NA,NA,NA,,NA,NA,NA,NA,4,None Specified,NA,NA,NA,6,0.151,D,None Specified,NA,NA,NA,10,NA,,NA,NA,NA,NA,NA,,NA,NA,NA,NA,1.20402,W,None Specified,NA,NA,NA,6,"Stevenson 2023, Stevenson 2002, Daws 2005"
Trichilia tuberculata,,,,,,,NA,,NA,NA,NA,NA,NA,,NA,NA,NA,NA,NA,,NA,NA,NA,NA,0.078,D,None Specified,NA,NA,NA,5,NA,,NA,NA,NA,NA,NA,,NA,NA,NA,NA,NA,,,NA,NA,NA,NA,"Stevenson 2023, Stevenson 2002, Daws 2005"
Trichostigma octandra,Trichostigma octandrum,Phytolaccaceae,N,Black,F,I,1,None Specified,NA,NA,NA,6,3.325,None Specified,NA,NA,NA,5,3.3,None Specified,NA,NA,NA,6,0.03333333,W,None Specified,NA,NA,NA,5,6.5,None Specified,NA,NA,NA,5,6,None Specified,NA,NA,NA,5,0.05666667,D,None Specified,NA,NA,NA,6,"Stevenson 2023, Link 2004, Stevenson 2002, Foster 1985, Andresen 1999"
Trichostigma octandra,,,,,,,NA,,NA,NA,NA,NA,4.8,Unknown +/-,NA,NA,0.13,10,NA,,NA,NA,NA,NA,0.038,W,None Specified,NA,NA,NA,0,NA,,NA,NA,NA,NA,NA,,NA,NA,NA,NA,0.29166667,W,None Specified,NA,NA,NA,6,"Stevenson 2023, Link 2004, Stevenson 2002, Foster 1985, Andresen 1999"
Trichostigma octandra,,,,,,,NA,,NA,NA,NA,NA,NA,,NA,NA,NA,NA,NA,,NA,NA,NA,NA,0.02,D,None Specified,NA,NA,NA,5,NA,,NA,NA,NA,NA,NA,,NA,NA,NA,NA,NA,,,NA,NA,NA,NA,"Stevenson 2023, Link 2004, Stevenson 2002, Foster 1985, Andresen 1999"
Trymatococcus oligandrus,"Brosimum oligandrum, Lanessania oligandra",Moraceae,N,Yellow/Green,F,I,NA,,NA,NA,NA,NA,7,None Specified,NA,NA,NA,0,7,None Specified,NA,NA,NA,0,NA,,,NA,NA,NA,NA,13,None Specified,NA,NA,NA,0,13,,NA,NA,NA,0,NA,,,NA,NA,NA,NA,Erard 1989
Turnera ulmifolia,,Turneraceae,Y,Green,D,D,56,SE,NA,NA,2.04,40,NA,Range,22.5,25,NA,0,NA,Range,0.833333333,1.25,NA,0,NA,,,NA,NA,NA,NA,NA,,NA,NA,NA,NA,NA,,NA,NA,NA,NA,NA,,,NA,NA,NA,NA,"Cuautle 2005, Backer 1948"
Unonopsis guatterioides,,Annonaceae,N,Black/Purple,F,I,NA,Range,1,6,NA,0,8.6175,Range,3.6,14.4,NA,2846,4.74635,Range,1.4,9.8,NA,2846,0.28,W,SD,NA,NA,0.001,2846,13.128,Range,6,22.5,NA,1237,10.2,Range,1.5,18,NA,1237,1.33,W,None Specified,NA,NA,NA,1237,Oliveira 2023
Unonopsis guatterioides,,,,,,,NA,,NA,NA,NA,0,NA,,NA,NA,NA,NA,NA,,NA,NA,NA,NA,NA,,,NA,NA,NA,NA,NA,Range,20,23,NA,0,NA,Range,16,23,NA,0,NA,,,NA,NA,NA,NA,Bazante 2021
Unonopsis lindmanii,,Annonaceae,N,Orange,F,I,NA,Range,1,5,NA,0,NA,Range,6.8,11.4,NA,0,NA,Range,6.4,10.7,NA,0,NA,NA,Range,0.09,0.39,NA,0,9.3,Unknown +/-,NA,NA,0.2,30,9.2,Unknown +/-,NA,NA,0.2,30,0.6,W,Unknown +/-,NA,NA,0.02,30,"Donatti 2007, Battilani 2007"
Unonopsis lindmanii,,,,,,,NA,,NA,NA,NA,NA,NA,,NA,NA,NA,NA,NA,,NA,NA,NA,NA,NA,,,NA,NA,NA,NA,NA,Range,8,18.4,NA,0,NA,Range,7.4,12.7,NA,0,NA,W,Range,0.4,1.66,NA,0,"Donatti 2007, Battilani 2007"
Unonopsis rufescens,Trigynaea rufescens,Annonaceae,N,NA,F,I,NA,,NA,NA,NA,NA,10,None Specified,NA,NA,NA,0,10,None Specified,NA,NA,NA,0,0.09,W,None Specified,NA,NA,NA,17,15,None Specified,NA,NA,NA,0,15,None Specified,NA,NA,NA,0,NA,,,NA,NA,NA,NA,"Hammond 1995, Erard 1989"
Unonopsis rufescens,,,,,,,NA,,NA,NA,NA,NA,NA,,NA,NA,NA,NA,NA,,NA,NA,NA,NA,0.03,D,None Specified,NA,NA,NA,17,NA,,NA,NA,NA,NA,NA,,NA,NA,NA,NA,NA,,,NA,NA,NA,NA,"Hammond 1995, Erard 1989"
Vallisneria americana,,Hydrocharitaceae,N,Green,D,D,NA,Range,150,500,NA,0,NA,Range,1.8,2.6,NA,0,NA,Range,0.6,1,NA,0,0.0034,D,None Specified,NA,NA,NA,0,95,Unknown +/-,NA,NA,2,138,3,Unknown +/-,NA,NA,0.1,138,NA,,,NA,NA,NA,NA,"McFarland 2006, Kattge 2011"
Vallisneria americana,,,,,,,NA,Range,100,300,NA,0,NA,,NA,NA,NA,NA,NA,Range,0.6,1,NA,0,0.0034,D,None Specified,NA,NA,NA,0,NA,,NA,NA,NA,NA,NA,,NA,NA,NA,NA,NA,,,NA,NA,NA,NA,"McFarland 2006, Marsden 2013, Kattge 2001, Clark 1999, McChesney 2010"
Vallisneria americana,,,,,,,NA,Range,0,307,NA,138,NA,Range,1.91,3.46,NA,138,NA,Range,0.6,1,NA,0,0.0034,D,None Specified,NA,NA,NA,0,NA,Range,20,168,NA,138,NA,Range,1.3,5,NA,138,NA,,,NA,NA,NA,NA,"McFarland 2006, Marsden 2013, Kattge 2001"
Vallisneria americana,,,,,,,NA,Range,0,385,NA,138,NA,Range,1.91,3.2,NA,138,NA,Range,0.6,1,NA,0,0.0034,D,None Specified,NA,NA,NA,0,NA,,NA,NA,NA,NA,NA,,NA,NA,NA,NA,NA,,,NA,NA,NA,NA,"McFarland 2006, Kattge 2011"
Vallisneria americana,,,,,,,250,None Specified,NA,NA,NA,0,NA,,NA,NA,NA,NA,NA,Range,0.6,1,NA,0,0.0034,D,None Specified,NA,NA,NA,0,NA,,NA,NA,NA,NA,NA,,NA,NA,NA,NA,NA,,,NA,NA,NA,NA,"McFarland 2006, Marsden 2013, Kattge 2001, Clark 1999"
Vallisneria americana,,,,,,,111.3,Unknown +/-,NA,NA,4.9,138,2.6,Unknown +/-,NA,NA,0.02,138,NA,Range,0.6,1,NA,0,0.0034,D,None Specified,NA,NA,NA,0,87,Unknown +/-,NA,NA,2,138,2.9,Unknown +/-,NA,NA,0.04,138,NA,,,NA,NA,NA,NA,"McFarland 2006, Marsden 2013, Kattge 2001"
Vallisneria americana,,,,,,,137.7,Unknown +/-,NA,NA,6.5,138,2.6,Unknown +/-,NA,NA,0.02,138,NA,Range,0.6,1,NA,0,0.0034,D,None Specified,NA,NA,NA,0,NA,Range,20,179,NA,138,NA,Range,1.3,5.2,NA,138,NA,,,NA,NA,NA,NA,"McFarland 2006, Kattge 2011"
Vassobia breviflora,"Acnistus breviflorus, Capsicum breviflorum , Dierbachia breviflora , Dunalia breviflora , Acnistus bornmuelleri , Acnistus galanderi , Acnistus lycioides , Acnistus mollis , Acnistus parviflorus ,Acnistus schunckii, Acnistus sellowii , Acnistus spinescens , Acnistus spinosus, Acnistus ulei , Bassovia pyraster, Bassovia spina-alba , Capsicum glandulosum, Capsicum spina-alba, Dierbachia parviflora , Fregirardia spina-alba ,Iochroma arboreum ",Solanaceae,N,Yellow/Orange,F,I,NA,None Specified,45,63,NA,0,1.78,None Specified,NA,NA,NA,1,1.26,None Specified,NA,NA,NA,1,NA,,,NA,NA,NA,NA,3.558333333,SD,NA,NA,0.800520664,12,3.141666667,SD,NA,NA,0.725457014,12,NA,,,NA,NA,NA,NA,"Smith 2007, Alves-Costa 2007, Bernacki 2015, Grande 2012, http://legacy.tropicos.org/Image/100429684"
Vassobia breviflora,,,,,,,36.61,SD,NA,NA,10.74,19,NA,,NA,NA,NA,NA,NA,,NA,NA,NA,NA,NA,,,NA,NA,NA,NA,NA,,NA,NA,NA,NA,NA,,NA,NA,NA,NA,NA,,,NA,NA,NA,NA,"Smith 2007, Alves-Costa 2007, Bernacki 2015, Grande 2012, http://legacy.tropicos.org/Image/100429684"
Vassobia breviflora,,,,,,,30.9,SE,NA,NA,5.9,0,NA,,NA,NA,NA,NA,NA,,NA,NA,NA,NA,NA,,,NA,NA,NA,NA,NA,,NA,NA,NA,NA,NA,,NA,NA,NA,NA,NA,,,NA,NA,NA,NA,"Smith 2007, Alves-Costa 2007, Bernacki 2015, Grande 2012, http://legacy.tropicos.org/Image/100429684"
Vassobia breviflora,,,,,,,34.5,SE,NA,NA,5.9,0,NA,,NA,NA,NA,NA,NA,,NA,NA,NA,NA,NA,,,NA,NA,NA,NA,NA,,NA,NA,NA,NA,NA,,NA,NA,NA,NA,NA,,,NA,NA,NA,NA,"Smith 2007, Alves-Costa 2007, Bernacki 2015, Grande 2012, http://legacy.tropicos.org/Image/100429684"
Vassobia breviflora,,,,,,,41.8,SE,NA,NA,3,0,1,None Specified,NA,NA,NA,0,NA,,NA,NA,NA,NA,NA,,,NA,NA,NA,NA,7,None Specified,NA,NA,NA,0,NA,,NA,NA,NA,NA,NA,,,NA,NA,NA,NA,"Smith 2007, Alves-Costa 2007, Bernacki 2015, Grande 2012, http://legacy.tropicos.org/Image/100429684"
Virola bicuhyba,,Myristicaceae,N,Red,F,D,1,None Specified,NA,NA,NA,12.5,24,None Specified,NA,NA,NA,12.5,15,None Specified,NA,NA,NA,12.5,2.3,W,None Specified,NA,NA,NA,12,24,None Specified,NA,NA,NA,12.5,15,None Specified,NA,NA,NA,12.5,3.5,W,None Specified,NA,NA,NA,12.5,"Galetti 2011, Zipparro 2005, Pizo 2002"
Virola bicuhyba,,,,,,,NA,,NA,NA,NA,NA,21.4,Unknown +/-,NA,NA,2.1,494,15,Unknown +/-,NA,NA,1,494,2.85,NA,Unknown +/-,NA,NA,0.56,494,35,None Specified,NA,NA,NA,0,25,None Specified,NA,NA,NA,0,NA,,,NA,NA,NA,NA,"Galetti 2011, Zipparro 2005, Pizo 2002"
Virola bicuhyba,,,,,,,NA,,NA,NA,NA,NA,NA,,NA,NA,NA,NA,NA,,NA,NA,NA,NA,NA,,,NA,NA,NA,NA,21,None Specified,NA,NA,NA,0,NA,,NA,NA,NA,NA,NA,,,NA,NA,NA,NA,"Galetti 2011, Zipparro 2005, Pizo 2002"
Virola calophylla ,,Myristicaceae,N,Green,F,D,1,None Specified,NA,NA,NA,6,16.2,Unknown +/-,NA,NA,0.56,6,14.9,Unknown +/-,NA,NA,0.67,6,0.55777778,W,None Specified,NA,NA,NA,5,24,None Specified,NA,NA,NA,5,16.5,None Specified,NA,NA,NA,5,1.22666667,D,None Specified,NA,NA,NA,6,"Stevenson 2023, Stevenson 2002, Stevenson et al. 2002, Russo 1992, Foster 1985, Andresen 1999, Paine 2016"
Virola calophylla ,,,,,,,NA,,NA,NA,NA,NA,NA,Range,13,16,NA,0,11.74,SD,NA,NA,1.11,87,1.04,W,SD,NA,NA,0.31,120,NA,Range,23,35,NA,0,NA,,NA,NA,NA,NA,2.22666667,W,None Specified,NA,NA,NA,6,"Stevenson 2023, Stevenson 2002, Stevenson et al. 2002, Russo 1992, Foster 1985, Andresen 1999, Paine 2016"
Virola calophylla ,,,,,,,NA,,NA,NA,NA,NA,14.5,None Specified,NA,NA,NA,5,8.875,None Specified,NA,NA,NA,5,0.44592857,D,None Specified,NA,NA,NA,5,NA,,NA,NA,NA,NA,NA,,NA,NA,NA,NA,NA,,,NA,NA,NA,NA,"Stevenson 2023, Stevenson 2002, Stevenson et al. 2002, Russo 1992, Foster 1985, Andresen 1999, Paine 2016"
Virola calophylla ,,,,,,,NA,,NA,NA,NA,NA,15.47,SD,NA,NA,1.72,120,13.39,SD,NA,NA,1.58,98,1.39,W,SD,NA,NA,0.49,108,NA,,NA,NA,NA,NA,NA,,NA,NA,NA,NA,NA,,,NA,NA,NA,NA,"Stevenson 2023, Stevenson 2002, Stevenson et al. 2002, Russo 1992, Foster 1985, Andresen 1999, Paine 2016"
Virola calophylla ,,,,,,,NA,,NA,NA,NA,NA,17,SD,NA,NA,1.77,98,8,None Specified,NA,NA,NA,6,1.31,W,None Specified,NA,NA,NA,30,NA,,NA,NA,NA,NA,NA,,NA,NA,NA,NA,NA,,,NA,NA,NA,NA,"Stevenson 2023, Stevenson 2002, Stevenson et al. 2002, Russo 1992, Foster 1985, Andresen 1999, Paine 2016"
Virola duckei,,Myristicaceae,N,Brown,F,D,NA,,NA,NA,NA,NA,NA,,NA,NA,NA,NA,NA,,NA,NA,NA,NA,1.26,D,SD,NA,NA,0.32,10,NA,Range,25,30,NA,0,20,None Specified,NA,NA,NA,0,5.01,D,Unknown +/-,NA,NA,0.04,10,"Vargas 2013, Ducke 1945, Stevenson 2008"
Virola duckei,,,,,,,NA,,NA,NA,NA,NA,NA,,NA,NA,NA,NA,NA,,NA,NA,NA,NA,1.5,D,Unknown +/-,NA,NA,0.18,10,NA,,NA,NA,NA,NA,NA,,NA,NA,NA,NA,NA,,,NA,NA,NA,NA,"Vargas 2013, Ducke 1945, Stevenson 2008"
Virola elongata,"Myristica elongata, Palala elongata",Myristicaceae,N,Green,F,D,1,None Specified,NA,NA,NA,5,6.95,SD,NA,NA,0.212132034,2,3.95,SD,NA,NA,0.353553391,2,0.515,W,None Specified,NA,NA,NA,5,NA,Range,11,16,NA,0,12.5,None Specified,NA,NA,NA,5,0.7,D,None Specified,NA,NA,NA,5,"Stevenson 2023, Norford 2023, Smith 1938 (Virola), Santamaría-Aguilar 2019, https://www.delta-intkey.com/famfs/www/myrist.htm"
Virola elongata,,,,,,,NA,,NA,NA,NA,NA,9,None Specified,NA,NA,NA,7.5,5.5,None Specified,NA,NA,NA,7.5,0.39,D,None Specified,NA,NA,NA,5,19,None Specified,NA,NA,NA,5,NA,Range,8,12,NA,0,1.355,W,None Specified,NA,NA,NA,5,"Stevenson 2023, Norford 2023, Smith 1938 (Virola), Santamaría-Aguilar 2019, https://www.delta-intkey.com/famfs/www/myrist.htm"
Virola elongata,,,,,,,NA,,NA,NA,NA,NA,NA,,NA,NA,NA,NA,NA,,NA,NA,NA,NA,NA,,,NA,NA,NA,NA,NA,Range,16,19,NA,0,NA,Range,9,11,NA,0,NA,,,NA,NA,NA,NA,"Stevenson 2023, Norford 2023, Smith 1938 (Virola), Santamaría-Aguilar 2019, https://www.delta-intkey.com/famfs/www/myrist.htm"
Virola elongata,,,,,,,NA,,NA,NA,NA,NA,NA,,NA,NA,NA,NA,NA,,NA,NA,NA,NA,NA,,,NA,NA,NA,NA,17.2,None Specified,NA,NA,NA,1,10.7,None Specified,NA,NA,NA,1,NA,,,NA,NA,NA,NA,"Stevenson 2023, Norford 2023, Smith 1938 (Virola), Santamaría-Aguilar 2019, https://www.delta-intkey.com/famfs/www/myrist.htm"
Virola flexuosa,,Myristicaceae,N,Green,F,D,1,None Specified,NA,NA,NA,6,13.075,None Specified,NA,NA,NA,5,13.7,None Specified,NA,NA,NA,0,0.82571258,D,None Specified,NA,NA,NA,5,21.6,None Specified,NA,NA,NA,0,19,None Specified,NA,NA,NA,5,2.05916427,D,None Specified,NA,NA,NA,6,"Stevenson 2023, Stevenson 2002, Yumoto et al. 1999"
Virola flexuosa,,,,,,,NA,,NA,NA,NA,NA,16.4,None Specified,NA,NA,NA,0,12.5,None Specified,NA,NA,NA,6,1.56,W,None Specified,NA,NA,NA,0,22,None Specified,NA,NA,NA,5,20.7,None Specified,NA,NA,NA,0,4.3,W,None Specified,NA,NA,NA,6,"Stevenson 2023, Stevenson 2002, Yumoto et al. 1999"
Virola flexuosa,,,,,,,NA,,NA,NA,NA,NA,NA,,NA,NA,NA,NA,NA,,NA,NA,NA,NA,1.31427143,W,None Specified,NA,NA,NA,5,NA,,NA,NA,NA,NA,NA,,NA,NA,NA,NA,4.4,W,None Specified,NA,NA,NA,0,"Stevenson 2023, Stevenson 2002, Yumoto et al. 1999"
Virola flexuosa,,,,,,,NA,,NA,NA,NA,NA,NA,,NA,NA,NA,NA,NA,,NA,NA,NA,NA,NA,,,NA,NA,NA,NA,NA,,NA,NA,NA,NA,NA,,NA,NA,NA,NA,4.24818182,W,None Specified,NA,NA,NA,5,"Stevenson 2023, Stevenson 2002, Yumoto et al. 1999"
Virola kwatae,,Myristicaceae,N,Red,F,D,1,None Specified,NA,NA,NA,1,28.3,SE,NA,NA,0.6,50,18.2,SE,NA,NA,0.3,50,3.2,D,None Specified,NA,NA,NA,40,53,SD,NA,NA,0.2,3,39.06666667,SD,NA,NA,0.230940108,3,17.54,W,SE,NA,NA,0.62,100,"Baraloto 2007, Ratiarison 2013"
Virola kwatae,,,,,,,NA,,NA,NA,NA,NA,NA,,NA,NA,NA,NA,NA,,NA,NA,NA,NA,4.77,W,SE,NA,NA,0.14,50,NA,,NA,NA,NA,NA,NA,,NA,NA,NA,NA,NA,,,NA,NA,NA,NA,"Baraloto 2007, Ratiarison 2013"
Virola michelii,,Myristicaceae,N,Red,F,D,1,None Specified,NA,NA,NA,2,NA,Range,19,23,NA,0,NA,Range,14,15,NA,0,1.4,D,None Specified,NA,NA,NA,40,23,None Specified,NA,NA,NA,22,15,None Specified,NA,NA,NA,22,5.11,W,SE,NA,NA,0.19,103,"Erard 1989, Hammond 1995, Norden 2009, Baraloto 2007, Forget unpublished, Ratiarison 2013, Forget 2000"
Virola michelii,,,,,,,NA,,NA,NA,NA,NA,22,None Specified,NA,NA,NA,0,14,None Specified,NA,NA,NA,0,1.62,D,None Specified,NA,NA,NA,10,52.16666667,SD,NA,NA,4.497036061,3,28.86666667,SD,NA,NA,1.692138686,3,NA,,,NA,NA,NA,NA,"Erard 1989, Hammond 1995, Norden 2009, Baraloto 2007, Forget unpublished, Ratiarison 2013, Forget 2000"
Virola michelii,,,,,,,NA,,NA,NA,NA,NA,20.5,SE,NA,NA,0.3,73,14.2,SE,NA,NA,0.2,73,1.88,D,None Specified,NA,NA,NA,17,NA,,NA,NA,NA,NA,NA,,NA,NA,NA,NA,NA,,,NA,NA,NA,NA,"Erard 1989, Hammond 1995, Norden 2009, Baraloto 2007, Forget unpublished, Ratiarison 2013, Forget 2000"
Virola michelii,,,,,,,NA,,NA,NA,NA,NA,NA,,NA,NA,NA,NA,NA,,NA,NA,NA,NA,2.2,NA,None Specified,NA,NA,NA,0,NA,,NA,NA,NA,NA,NA,,NA,NA,NA,NA,NA,,,NA,NA,NA,NA,"Erard 1989, Hammond 1995, Norden 2009, Baraloto 2007, Forget unpublished, Ratiarison 2013, Forget 2000"
Virola michelii,,,,,,,NA,,NA,NA,NA,NA,NA,,NA,NA,NA,NA,NA,,NA,NA,NA,NA,2.44,W,None Specified,NA,NA,NA,17,NA,,NA,NA,NA,NA,NA,,NA,NA,NA,NA,NA,,,NA,NA,NA,NA,"Erard 1989, Hammond 1995, Norden 2009, Baraloto 2007, Forget unpublished, Ratiarison 2013, Forget 2000"
Virola michelii,,,,,,,NA,,NA,NA,NA,NA,NA,,NA,NA,NA,NA,NA,,NA,NA,NA,NA,2.09,W,SE,NA,NA,0.05,73,NA,,NA,NA,NA,NA,NA,,NA,NA,NA,NA,NA,,,NA,NA,NA,NA,"Erard 1989, Hammond 1995, Norden 2009, Baraloto 2007, Forget unpublished, Ratiarison 2013, Forget 2000"
Virola nobilis,,Myristicaceae,N,Yellow/Orange,F,D,NA,,NA,NA,NA,NA,NA,Range,19,22,NA,30,NA,Range,15,17,NA,30,3,NA,None Specified,NA,NA,NA,0,NA,Range,21,31,NA,NA,NA,Range,16,25,NA,NA,NA,,,NA,NA,NA,NA,"https://onlinelibrary.wiley.com/doi/abs/10.2307/3237138?casa_token=B948utJVKnAAAAAA%3AsPSrpW2rCotmhuneFwVYPZO5rSXl0i001SNahElbWPLFqT2j1e6jpVneE730Fe0D8bqmrZ-yyg53U-1x, Forget 1991, Santamaría-Aguilar 2019"
Virola nobilis,,,,,,,NA,,NA,NA,NA,NA,NA,Range,19,22,NA,30,NA,Range,15,17,NA,30,2.95,NA,SE,NA,NA,0.05,30,NA,,NA,NA,NA,NA,NA,,NA,NA,NA,NA,NA,,,NA,NA,NA,NA,"https://onlinelibrary.wiley.com/doi/abs/10.2307/3237138?casa_token=B948utJVKnAAAAAA%3AsPSrpW2rCotmhuneFwVYPZO5rSXl0i001SNahElbWPLFqT2j1e6jpVneE730Fe0D8bqmrZ-yyg53U-1x, Forget 1991"
Virola oleifera,"Bicuiba oleifera, Myristica oleifera",Myristicaceae,N,Yellow,F,D,1,None Specified,NA,NA,NA,0,NA,Range,22,24,NA,0,NA,Range,13,19,NA,0,NA,,,NA,NA,NA,NA,NA,Range,28,30,NA,0,NA,Range,16,20,NA,0,3.5,W,SD,NA,NA,1.2,20,"Machado 2000, Smith 1938 (Virola)"
Virola pavonis,"Myristica pavonis, Myristica venosa, Palala pavonis, Virola venosa, Virola elliptica",Myristicaceae,N,Green,F,D,1,None Specified,NA,NA,NA,3,26.7225,SD,NA,NA,3.03678871,4,14.03025,SD,NA,NA,2.847656741,4,1.8,D,SD,NA,NA,0.5,6,NA,Range,25,50,NA,0,NA,Range,15,23,NA,0,NA,,,NA,NA,NA,NA,"Smith 1938 (Virola), Queenborough 2005, http://legacy.tropicos.org/Image/101418671"
Virola peruviana ,,Myristicaceae,N,Green,F,D,NA,,NA,NA,NA,NA,NA,,NA,NA,NA,NA,NA,,NA,NA,NA,NA,1.249,D,None Specified,NA,NA,NA,5,NA,,NA,NA,NA,NA,NA,,NA,NA,NA,NA,2.83,D,None Specified,NA,NA,NA,6,"Stevenson 2023, Stevenson 2002"
Virola peruviana ,,,,,,,1,None Specified,NA,NA,NA,6,15.5,None Specified,NA,NA,NA,5,13.925,None Specified,NA,NA,NA,6,1.588,W,None Specified,NA,NA,NA,5,28,None Specified,NA,NA,NA,5,22.5,None Specified,NA,NA,NA,5,6.425,W,None Specified,NA,NA,NA,6,"Stevenson 2023, Stevenson 2002"
Virola sebifera,,Myristicaceae,N,Green,F,D,NA,,NA,NA,NA,NA,11,None Specified,NA,NA,NA,5,8,None Specified,NA,NA,NA,5,0.85,W,None Specified,NA,NA,NA,5,NA,,NA,NA,NA,NA,NA,,NA,NA,NA,NA,1.07,D,None Specified,NA,NA,NA,5,"Stevenson 2023, Howe 1981"
Virola sebifera,,,,,,,1,None Specified,NA,NA,NA,5,14,None Specified,NA,NA,NA,0,10,None Specified,NA,NA,NA,0,0.69,W,SE,NA,NA,0.04,20,18,None Specified,NA,NA,NA,5,13,None Specified,NA,NA,NA,5,3.51,W,None Specified,NA,NA,NA,5,"Stevenson 2023, Howe 1981"
Virola sebifera,,,,,,,NA,,NA,NA,NA,NA,NA,,NA,NA,NA,NA,NA,,NA,NA,NA,NA,0.55,D,None Specified,NA,NA,NA,5,NA,,NA,NA,NA,NA,NA,,NA,NA,NA,NA,NA,,,NA,NA,NA,NA,"Stevenson 2023, Howe 1981"
Virola surinamensis,"Myristica surinamensis, Palala surinamensis, Myristica americana, Myristica fatua, Myristica gracilis, Myristica sebifera, Palala gracilis, Virola carinata var. gracilis, Virola glaziovii var. latifolia",Myristicaceae,N,Orange/Red,D,D,1,None Specified,NA,NA,NA,0,21.5,None Specified,NA,NA,NA,1,14.4,None Specified,NA,NA,NA,1,1.952,D,None Specified,NA,NA,NA,10,23.46666667,SD,NA,NA,1.12398102,3,18.6,SD,NA,NA,1.979898987,2,NA,,,NA,NA,NA,NA,"Daws 2005, Howe 1983, Pinzón-Navarro 2010, https://d2seqvvyy3b8p2.cloudfront.net/bd8a2a46cb53d1c564a71618cdcedc66.jpg "
Virola surinamensis,,,,,,,NA,,NA,NA,NA,NA,NA,,NA,NA,NA,NA,NA,,NA,NA,NA,NA,3.18,W,Unknown +/-,NA,NA,0.32,20,NA,,NA,NA,NA,NA,NA,,NA,NA,NA,NA,NA,,,NA,NA,NA,NA,"Daws 2005, Howe 1983, Pinzón-Navarro 2010, https://d2seqvvyy3b8p2.cloudfront.net/bd8a2a46cb53d1c564a71618cdcedc66.jpg "
Vismia brasiliensis,"Caopia brasiliensis, Vismia laccifera, Vismia lasiantha, Vismia longifolia, Vismia sellowiana",Hypericaceae,N,Yellow/Orange,F,I,NA,,NA,NA,NA,NA,3,None Specified,NA,NA,NA,0,NA,,NA,NA,NA,NA,0.00085,D,SD,NA,NA,0.00017,10,8,None Specified,NA,NA,NA,0,10.1,None Specified,NA,NA,NA,1,NA,,,NA,NA,NA,NA,"Alves-Costa 2007, https://powo.science.kew.org/taxon/urn:lsid:ipni.org:names:434104-1/images (K000221277)"
Vismia macrophylla,"Caopia macrophylla, Vismia angusta, Vismia latifolia, Vismia reticulata, Hypericum reticulatum",Hypericaceae,N,Green,F,I,NA,,NA,NA,NA,NA,NA,,NA,NA,NA,NA,NA,,NA,NA,NA,NA,6.00E-04,D,None Specified,NA,NA,NA,10,9.266666667,SD,NA,NA,1.448274836,9,7.522222222,SD,NA,NA,0.816666667,9,2.18,W,SD,NA,NA,0.37,53,"Becker 2010, Daws 2005, http://legacy.tropicos.org/Image/70461"
Vismia macrophylla,,,,,,,NA,,NA,NA,NA,NA,NA,,NA,NA,NA,NA,NA,,NA,NA,NA,NA,0.00675,W,Range,0.00643,0.00741,NA,10,NA,,NA,NA,NA,NA,NA,,NA,NA,NA,NA,NA,,,NA,NA,NA,NA,"Becker 2010, Daws 2005, http://legacy.tropicos.org/Image/70461"
Vismia mandur,"Vismia mandurr, Caopia mandurr, Vismia lehmannii",Hypericaceae,N,NA,F,I,74,None Specified,NA,NA,NA,0,NA,,NA,NA,NA,NA,NA,,NA,NA,NA,NA,0.005,W,None Specified,NA,NA,NA,1,17.8,SD,NA,NA,2.163330765,3,9.533333333,SD,NA,NA,1.929594085,3,NA,,,NA,NA,NA,NA,"Ramírez and Stevenson 2013, Ramirez et al. 2013, https://collections-botany.fieldmuseum.org/catalogue/3042195"
Vitex capitata,,Lamiaceae,N,Green/Brown,F,I,NA,,NA,NA,NA,NA,9.96,None Specified,NA,NA,NA,1,7.16,None Specified,NA,NA,NA,1,NA,,,NA,NA,NA,NA,NA,,NA,NA,NA,NA,NA,,NA,NA,NA,NA,NA,,,NA,NA,NA,NA,Grafton 2004
Vitex cymosa,"Jatropha tomentosa, Vitex discolor",Lamiaceae,N,Black/Purple,F,I,1,None Specified,NA,NA,NA,0,14.94,None Specified,NA,NA,NA,6,6.68,None Specified,NA,NA,NA,0,0.354,W,None Specified,NA,NA,NA,0,29,None Specified,NA,NA,NA,0,16.412,None Specified,NA,NA,NA,35,0.41,D,SE,NA,NA,0.04,10,"Lucas 2012, Costa 2023, Paine 2007, Paine 2016, Donatti 2007, Parolin 2000, Donatti 2011, Tella 2020"
Vitex cymosa,,,,,,,NA,,NA,NA,NA,NA,17,None Specified,NA,NA,NA,0,8.46,SE,NA,NA,0.13,35,0.209,D,SE,NA,NA,0.009,10,22.1,Unknown +/-,NA,NA,3.8,30,16.4,Unknown +/-,NA,NA,4.5,30,4,W,Unknown +/-,NA,NA,2.9,30,"Lucas 2012, Costa 2023, Paine 2007, Paine 2016, Donatti 2007, Parolin 2000, Donatti 2011, Tella 2020"
Vitex cymosa,,,,,,,NA,,NA,NA,NA,NA,10.3,None Specified,NA,NA,NA,0,10,None Specified,NA,NA,NA,0,0.49,W,None Specified,NA,NA,NA,30,NA,,NA,NA,NA,NA,25,None Specified,NA,NA,NA,0,NA,,,NA,NA,NA,NA,"Lucas 2012, Costa 2023, Paine 2007, Paine 2016, Donatti 2007, Parolin 2000, Donatti 2011, Tella 2020"
Vitex cymosa,,,,,,,NA,,NA,NA,NA,NA,NA,,NA,NA,NA,NA,NA,,NA,NA,NA,NA,0.5,W,SD,NA,NA,0.2,25,NA,,NA,NA,NA,NA,NA,,NA,NA,NA,NA,NA,,,NA,NA,NA,NA,"Lucas 2012, Costa 2023, Paine 2007, Paine 2016, Donatti 2007, Parolin 2000, Donatti 2011, Tella 2020"
Vitex fanashawii,,Lamiaceae,,,F,I,NA,,NA,NA,NA,NA,NA,,NA,NA,NA,NA,NA,,NA,NA,NA,NA,NA,,,NA,NA,NA,NA,NA,,NA,NA,NA,NA,NA,,NA,NA,NA,NA,NA,,,NA,NA,NA,NA,
Vitex megapotamica,"Bignonia megapotamica, Vitex montevidensis, Vitex multinervis, Vitex taruma, Vitex viticifolia, Psilogyne viticifolia",Lamiaceae,N,Black,F,I,NA,,NA,NA,NA,NA,10.02,SD,5,13,0.93,200,5.93,SD,4,10,0.65,200,0.082,W,SD,NA,NA,0.03,21,18.07,SD,15,22,1.32,200,15.87,SD,12,18,1.19,200,NA,,,NA,NA,NA,NA,"Otalakosk 2020, Galetti 2015"
Vouacapoua americana,,Fabaceae,Y,Green,D,D,1,None Specified,NA,NA,NA,0,48.7,None Specified,NA,NA,NA,0,34.55,None Specified,NA,NA,NA,0,36.7,NA,None Specified,NA,NA,NA,0,NA,Range,12.4,22.3,NA,12.5,NA,,NA,NA,NA,NA,18.2,D,None Specified,NA,NA,NA,20,"Baraloto 2007, Forget unpublished"
Vouacapoua americana,,,,,,,1,None Specified,NA,NA,NA,0,48.7,None Specified,NA,NA,NA,0,34.55,None Specified,NA,NA,NA,0,16.2,D,None Specified,NA,NA,NA,20,NA,Range,12.4,22.3,NA,12.5,39.37,None Specified,NA,NA,NA,0,18.2,D,None Specified,NA,NA,NA,20,"Baraloto 2007, Forget unpublished, Chuma 2016, Loubry 1994"
Vouacapoua americana,,,,,,,1,None Specified,NA,NA,NA,0,48.7,None Specified,NA,NA,NA,0,34.55,None Specified,NA,NA,NA,0,33.98,NA,None Specified,NA,NA,NA,0,67.56,None Specified,NA,NA,NA,0,NA,,NA,NA,NA,NA,46.11,NA,None Specified,NA,NA,NA,0,"Baraloto 2007, Forget unpublished, Chuma 2016, Loubry 1994, http://repositorio.ufra.edu.br/jspui/handle/123456789/492"
Waltheria albicans,,Malvaceae,Y,,,,NA,,NA,NA,NA,NA,NA,,NA,NA,NA,NA,NA,,NA,NA,NA,NA,NA,,,NA,NA,NA,NA,NA,,NA,NA,NA,NA,NA,,NA,NA,NA,NA,NA,,,NA,NA,NA,NA,
Welfia georgii,Welfia regia,Arecaceae,N,Green,D,I,1,None Specified,NA,NA,NA,0,21,None Specified,NA,NA,NA,1,12.8,None Specified,NA,NA,NA,1,2.4,NA,None Specified,NA,NA,NA,0,34.2,Range,28.6,40.8,NA,0,15.7,Range,10.8,18.2,NA,0,2.06,D,SD,NA,NA,0.14,0,"Forget unpublished, Henderson 2013, Lee 2008, Kissling 2019, https://encyclopedia.pub/entry/2686"
Welfia georgii,,,,,,,1,None Specified,NA,NA,NA,0,21,None Specified,NA,NA,NA,1,12.8,None Specified,NA,NA,NA,1,1.47,NA,SD,NA,NA,0.12,0,34.7,Range,28.6,40.8,NA,0,15.4,Range,10.8,20,NA,0,2.06,D,SD,NA,NA,0.14,0,"Forget unpublished, Henderson 2013, Lee 2008, Kissling 2019, https://encyclopedia.pub/entry/2686"
Ximenia americana,,Olacaceae,Y,Yellow/Green,F,I,1,None Specified,NA,NA,NA,0,14,None Specified,NA,NA,NA,0,14,None Specified,NA,NA,NA,0,0.89,W,SD,NA,NA,0.08,200,20,None Specified,NA,NA,NA,0,20,None Specified,NA,NA,NA,0,5.39,W,None Specified,NA,NA,NA,0,Almeida 2015
Ximenia americana,,,,,,,1,None Specified,NA,NA,NA,0,14,None Specified,NA,NA,NA,0,14,None Specified,NA,NA,NA,0,0.89,W,SD,NA,NA,0.08,200,20,None Specified,NA,NA,NA,0,20,None Specified,NA,NA,NA,0,NA,W,Range,4.2,6.5,NA,300,Mora 2009
Ximenia americana,,,,,,,1,None Specified,NA,NA,NA,0,14,None Specified,NA,NA,NA,0,14,None Specified,NA,NA,NA,0,0.89,W,SD,NA,NA,0.08,200,20,None Specified,NA,NA,NA,0,20,None Specified,NA,NA,NA,0,6.5,W,SD,NA,NA,0.7,15,Mora 2009
Ximenia americana,,,,,,,1,None Specified,NA,NA,NA,0,14,None Specified,NA,NA,NA,0,14,None Specified,NA,NA,NA,0,0.89,W,SD,NA,NA,0.08,200,20,None Specified,NA,NA,NA,0,2.08,SD,NA,NA,0.09,15,6.5,W,SD,NA,NA,0.7,15,Mora 2009
Ximenia americana,,,,,,,1,None Specified,NA,NA,NA,0,14,None Specified,NA,NA,NA,0,14,None Specified,NA,NA,NA,0,0.89,W,SD,NA,NA,0.08,200,20,None Specified,NA,NA,NA,0,2.06,SD,NA,NA,0.1,15,6.4,W,SD,NA,NA,0.74,15,Mora 2009
Ximenia americana,,,,,,,1,None Specified,NA,NA,NA,0,14,None Specified,NA,NA,NA,0,14,None Specified,NA,NA,NA,0,0.89,W,SD,NA,NA,0.08,200,20,None Specified,NA,NA,NA,0,2.02,SD,NA,NA,0.18,15,5.7,W,SD,NA,NA,1.59,15,Mora 2009
Ximenia americana,,,,,,,1,None Specified,NA,NA,NA,0,14,None Specified,NA,NA,NA,0,14,None Specified,NA,NA,NA,0,0.89,W,SD,NA,NA,0.08,200,20,None Specified,NA,NA,NA,0,2.08,SD,NA,NA,0.09,15,5.7,W,SD,NA,NA,0.75,15,Mora 2009
Ximenia americana,,,,,,,1,None Specified,NA,NA,NA,0,14,None Specified,NA,NA,NA,0,14,None Specified,NA,NA,NA,0,0.89,W,SD,NA,NA,0.08,200,20,None Specified,NA,NA,NA,0,2.02,SD,NA,NA,0.1,15,5.5,W,SD,NA,NA,0.6,15,Mora 2009
Ximenia americana,,,,,,,1,None Specified,NA,NA,NA,0,14,None Specified,NA,NA,NA,0,14,None Specified,NA,NA,NA,0,0.89,W,SD,NA,NA,0.08,200,20,None Specified,NA,NA,NA,0,2,SD,NA,NA,0.17,15,5.4,W,SD,NA,NA,1.31,15,Mora 2009
Ximenia americana,,,,,,,1,None Specified,NA,NA,NA,0,14,None Specified,NA,NA,NA,0,14,None Specified,NA,NA,NA,0,0.89,W,SD,NA,NA,0.08,200,20,None Specified,NA,NA,NA,0,1.95,SD,NA,NA,0.21,15,5,W,SD,NA,NA,1.35,15,Mora 2009
Ximenia americana,,,,,,,1,None Specified,NA,NA,NA,0,14,None Specified,NA,NA,NA,0,14,None Specified,NA,NA,NA,0,0.89,W,SD,NA,NA,0.08,200,20,None Specified,NA,NA,NA,0,1.96,SD,NA,NA,0.13,15,5,W,SD,NA,NA,0.94,15,Mora 2009
Ximenia americana,,,,,,,1,None Specified,NA,NA,NA,0,14,None Specified,NA,NA,NA,0,14,None Specified,NA,NA,NA,0,0.89,W,SD,NA,NA,0.08,200,20,None Specified,NA,NA,NA,0,1.86,SD,NA,NA,0.08,15,4.9,W,SD,NA,NA,0.55,15,Mora 2009
Ximenia americana,,,,,,,1,None Specified,NA,NA,NA,0,14,None Specified,NA,NA,NA,0,14,None Specified,NA,NA,NA,0,0.89,W,SD,NA,NA,0.08,200,20,None Specified,NA,NA,NA,0,1.83,SD,NA,NA,0.24,15,4.9,W,SD,NA,NA,0.72,15,Mora 2009
Ximenia americana,,,,,,,1,None Specified,NA,NA,NA,0,14,None Specified,NA,NA,NA,0,14,None Specified,NA,NA,NA,0,0.89,W,SD,NA,NA,0.08,200,20,None Specified,NA,NA,NA,0,1.94,SD,NA,NA,0.19,15,4.8,W,SD,NA,NA,1.21,15,Mora 2009
Ximenia americana,,,,,,,1,None Specified,NA,NA,NA,0,14,None Specified,NA,NA,NA,0,14,None Specified,NA,NA,NA,0,0.89,W,SD,NA,NA,0.08,200,20,None Specified,NA,NA,NA,0,1.87,SD,NA,NA,0.19,15,4.3,W,SD,NA,NA,1.23,15,Mora 2009
Ximenia americana,,,,,,,1,None Specified,NA,NA,NA,0,14,None Specified,NA,NA,NA,0,14,None Specified,NA,NA,NA,0,0.89,W,SD,NA,NA,0.08,200,20,None Specified,NA,NA,NA,0,1.94,SD,NA,NA,0.17,15,4.3,W,SD,NA,NA,4.27,15,Mora 2009
Ximenia americana,,,,,,,1,None Specified,NA,NA,NA,0,14,None Specified,NA,NA,NA,0,14,None Specified,NA,NA,NA,0,0.89,W,SD,NA,NA,0.08,200,20,None Specified,NA,NA,NA,0,1.87,SD,NA,NA,0.13,15,4.3,W,SD,NA,NA,0.95,15,Mora 2009
Ximenia americana,,,,,,,1,None Specified,NA,NA,NA,0,14,None Specified,NA,NA,NA,0,14,None Specified,NA,NA,NA,0,0.89,W,SD,NA,NA,0.08,200,20,None Specified,NA,NA,NA,0,1.82,SD,NA,NA,0.19,15,4.2,W,SD,NA,NA,0.8,15,Mora 2009
Ximenia americana,,,,,,,1,None Specified,NA,NA,NA,0,14,None Specified,NA,NA,NA,0,14,None Specified,NA,NA,NA,0,0.89,W,SD,NA,NA,0.08,200,20,None Specified,NA,NA,NA,0,19.5,SD,NA,NA,0.19,0,4.2,W,SD,NA,NA,0.8,15,Mora 2009
Ximenia americana,,,,,,,1,None Specified,NA,NA,NA,0,14,None Specified,NA,NA,NA,0,14,None Specified,NA,NA,NA,0,0.89,W,SD,NA,NA,0.08,200,20,None Specified,NA,NA,NA,0,19.6,SD,NA,NA,0.19,0,4.2,W,SD,NA,NA,0.8,15,Mora 2009
Ximenia americana,,,,,,,1,None Specified,NA,NA,NA,0,13.57,SD,NA,NA,0.6,200,10.42,SD,NA,NA,0.27,200,0.89,W,SD,NA,NA,0.08,200,18.6,SD,NA,NA,0.65,NA,17.88,SD,NA,NA,0.45,0,4.4,W,None Specified,NA,NA,NA,200,Sarmento 2015
Ximenia americana,,,,,,,1,None Specified,NA,NA,NA,0,13.57,SD,NA,NA,0.6,200,10.42,SD,NA,NA,0.27,200,0.89,W,SD,NA,NA,0.08,200,21.7,Unknown +/-,NA,NA,2.3,30,20.9,Unknown +/-,NA,NA,2,30,6.6,W,Unknown +/-,NA,NA,1.4,30,Donatti 2007
Xylopia polyantha,,Annonaceae,N,Yellow,D,I,2,None Specified,NA,NA,NA,6,6.23,None Specified,NA,NA,NA,0,4.52,None Specified,NA,NA,NA,0,0.01,D,None Specified,NA,NA,NA,5,12,None Specified,NA,NA,NA,5,NA,,NA,NA,NA,NA,0.202,D,None Specified,NA,NA,NA,5,"Stevenson 2023, Naranjo 2009, Norford Under review"
Xylopia polyantha,,,,,,,NA,,NA,NA,NA,NA,7,None Specified,NA,NA,NA,30,5.2,None Specified,NA,NA,NA,30,0.035,W,None Specified,NA,NA,NA,5,NA,,NA,NA,NA,NA,NA,,NA,NA,NA,NA,0.81,W,None Specified,NA,NA,NA,5,"Stevenson 2023, Naranjo 2009, Norford Under review"
Xylopia polyantha,,,,,,,NA,,NA,NA,NA,NA,8,None Specified,NA,NA,NA,7.5,5.85,None Specified,NA,NA,NA,7.5,NA,,,NA,NA,NA,NA,NA,,NA,NA,NA,NA,NA,,NA,NA,NA,NA,NA,,,NA,NA,NA,NA,"Stevenson 2023, Naranjo 2009, Norford Under review"
Xyris jupicai,"Xyris acuminata, Xyris anceps, Xyris arenicola, Xyris communis, Xyris guianensis, Xyris gymnoptera, Xyris jupicae, Xyris laxifolia, Xyris macrocephala, Xyris partita, Xyris sellowiana, Xyris surinamensis",Xyridaceae,N,Red/Brown,D,D,NA,,NA,NA,NA,NA,NA,Range,0.4,0.7,NA,0,NA,Range,0.2,0.4,NA,0,0.0142857,NA,None Specified,NA,NA,NA,0,NA,,NA,NA,NA,NA,NA,,NA,NA,NA,NA,NA,,,NA,NA,NA,NA,"https://ser-sid.org/species/cb80307e-6a9a-494e-ab27-7da02ab385ba, Silva 2013 (Xyridaceae)"
Yucca brevifolia,"Clistoyucca brevifolia, Sarcoyucca brevifolia, Clistoyucca arborescens, Yucca arborescens, Yucca draconis, Yucca jaegeriana",Asparagaceae,N,Green,F,I,NA,Range,30,50,NA,0,NA,Range,10,12,NA,0,1.5,None Specified,NA,NA,NA,0,0.083,D,None Specified,NA,NA,NA,0,90,None Specified,NA,NA,NA,0,60,None Specified,NA,NA,NA,0,NA,,,NA,NA,NA,NA,"Kattge 2011, Lenz 2001, https://www.flickr.com/photos/internetarchivebookimages/20797096611/"
Yucca brevifolia,,,,,,,156,SD,NA,NA,18,31,NA,,NA,NA,NA,NA,NA,,NA,NA,NA,NA,0.099,W,SD,NA,NA,0.021,100,NA,,NA,NA,NA,NA,NA,,NA,NA,NA,NA,NA,,,NA,NA,NA,NA,"Kattge 2011, Lenz 2001, Keeley 1984"
Zea mays,,Poaceae,Y,Yellow,D,I,NA,,NA,NA,NA,NA,10.11,SE,NA,NA,0.06,10,8.71,SE,NA,NA,0.04,10,27.77,D,None Specified,NA,NA,NA,100,202,None Specified,NA,NA,NA,10,39,None Specified,NA,NA,NA,10,78.8,D,None Specified,NA,NA,NA,10,"Capon 2017, Akinyosoye 2015"
Zea mays,,,,,,,NA,,NA,NA,NA,NA,10.91,SE,NA,NA,0.06,10,8.43,SE,NA,NA,0.04,10,29.75,D,None Specified,NA,NA,NA,100,202,None Specified,NA,NA,NA,10,39,None Specified,NA,NA,NA,10,78.8,D,None Specified,NA,NA,NA,10,Capon 2017
Zea mays,,,,,,,NA,,NA,NA,NA,NA,9.83,SE,NA,NA,0.04,10,8.69,SE,NA,NA,0.04,10,28.86,D,None Specified,NA,NA,NA,100,202,None Specified,NA,NA,NA,10,39,None Specified,NA,NA,NA,10,78.8,D,None Specified,NA,NA,NA,10,Capon 2017
Zea mays,,,,,,,NA,,NA,NA,NA,NA,10.11,SE,NA,NA,0.06,10,8.87,SE,NA,NA,0.04,10,29.69,D,None Specified,NA,NA,NA,100,202,None Specified,NA,NA,NA,10,39,None Specified,NA,NA,NA,10,78.8,D,None Specified,NA,NA,NA,10,Capon 2017
Zea mays,,,,,,,NA,,NA,NA,NA,NA,9.39,SE,NA,NA,0.06,10,8.58,SE,NA,NA,0.04,10,28.36,D,None Specified,NA,NA,NA,100,202,None Specified,NA,NA,NA,10,39,None Specified,NA,NA,NA,10,78.8,D,None Specified,NA,NA,NA,10,Capon 2017
Zea mays,,,,,,,NA,,NA,NA,NA,NA,8.71,SE,NA,NA,0.06,10,7.51,SE,NA,NA,0.04,10,23.93,D,None Specified,NA,NA,NA,100,202,None Specified,NA,NA,NA,10,39,None Specified,NA,NA,NA,10,78.8,D,None Specified,NA,NA,NA,10,Capon 2017
Zea mays,,,,,,,NA,,NA,NA,NA,NA,9.17,SE,NA,NA,0.06,10,7.49,SE,NA,NA,0.04,10,24.09,D,None Specified,NA,NA,NA,100,202,None Specified,NA,NA,NA,10,39,None Specified,NA,NA,NA,10,78.8,D,None Specified,NA,NA,NA,10,Capon 2017
Zea mays,,,,,,,NA,,NA,NA,NA,NA,9.21,SE,NA,NA,0.06,10,7.41,SE,NA,NA,0.04,10,24.19,D,None Specified,NA,NA,NA,100,202,None Specified,NA,NA,NA,10,39,None Specified,NA,NA,NA,10,78.8,D,None Specified,NA,NA,NA,10,Capon 2017
Zea mays,,,,,,,NA,,NA,NA,NA,NA,8.78,SE,NA,NA,0.06,10,8.17,SE,NA,NA,0.04,10,23.69,D,None Specified,NA,NA,NA,100,202,None Specified,NA,NA,NA,10,39,None Specified,NA,NA,NA,10,78.8,D,None Specified,NA,NA,NA,10,Capon 2017
Zea mays,,,,,,,NA,,NA,NA,NA,NA,8.29,SE,NA,NA,0.06,10,7.5,SE,NA,NA,0.04,10,22.29,D,None Specified,NA,NA,NA,100,213,None Specified,NA,NA,NA,10,44,None Specified,NA,NA,NA,10,111.8,D,None Specified,NA,NA,NA,10,Capon 2017
Zizaniopsis bonariensis,Zizania bonariensis,Poaceae,N,Yellow/Green,D,I,NA,,NA,NA,NA,NA,NA,,NA,NA,NA,NA,NA,,NA,NA,NA,NA,NA,,,NA,NA,NA,NA,NA,,NA,NA,NA,NA,NA,,NA,NA,NA,NA,NA,,,NA,NA,NA,NA,
Ziziphus cinnamomum,,Rhamnaceae,N,Yellow,F,I,1,None Specified,NA,NA,NA,30,19.8,SD,NA,NA,3.2,30,12.8,SD,NA,NA,1.7,30,NA,,,NA,NA,NA,NA,23.2,SD,NA,NA,3.3,30,15.6,SD,NA,NA,1.8,30,NA,,,NA,NA,NA,NA,Zhang 1995
Ziziphus joazeiro,Sarcomphalus joazeiro,Rhamnaceae,N,Yellow,F,I,1,None Specified,NA,NA,NA,50,11,None Specified,NA,NA,NA,0,7,None Specified,NA,NA,NA,0,NA,,,NA,NA,NA,NA,NA,,NA,NA,NA,NA,NA,,NA,NA,NA,NA,NA,,,NA,NA,NA,NA,"Moura 2007, Leite 2010"